End_Date,Indicator,Asset,Rolling_Beta,Rolling_R2,N
2013-12-01,US10Y,Domestic_Equity,0.09314393,0.26506,35
2014-01-01,US10Y,Domestic_Equity,0.09343659,0.264849,36
2014-02-01,US10Y,Domestic_Equity,0.10111747,0.313031,36
2014-03-01,US10Y,Domestic_Equity,0.10212997,0.314482,36
2014-04-01,US10Y,Domestic_Equity,0.09874639,0.33287,36
2014-05-01,US10Y,Domestic_Equity,0.10051519,0.332055,36
2014-06-01,US10Y,Domestic_Equity,0.09969276,0.325204,36
2014-07-01,US10Y,Domestic_Equity,0.09869226,0.328388,36
2014-08-01,US10Y,Domestic_Equity,0.0419546,0.068649,36
2014-09-01,US10Y,Domestic_Equity,0.02713428,0.027515,36
2014-10-01,US10Y,Domestic_Equity,0.03885654,0.05248,36
2014-11-01,US10Y,Domestic_Equity,0.04347012,0.064729,36
2014-12-01,US10Y,Domestic_Equity,0.04446204,0.068655,36
2015-01-01,US10Y,Domestic_Equity,0.04348376,0.07557,36
2015-02-01,US10Y,Domestic_Equity,0.04526451,0.09441,36
2015-03-01,US10Y,Domestic_Equity,0.0466745,0.093432,36
2015-04-01,US10Y,Domestic_Equity,0.03969964,0.061431,36
2015-05-01,US10Y,Domestic_Equity,0.02353688,0.025326,36
2015-06-01,US10Y,Domestic_Equity,0.01314509,0.007658,36
2015-07-01,US10Y,Domestic_Equity,0.01185269,0.006215,36
2015-08-01,US10Y,Domestic_Equity,0.01447855,0.009217,36
2015-09-01,US10Y,Domestic_Equity,0.01393806,0.008708,36
2015-10-01,US10Y,Domestic_Equity,0.00861354,0.003106,36
2015-11-01,US10Y,Domestic_Equity,0.00373575,0.000611,36
2015-12-01,US10Y,Domestic_Equity,0.00221118,0.000225,36
2016-01-01,US10Y,Domestic_Equity,0.00793481,0.002682,36
2016-02-01,US10Y,Domestic_Equity,0.00623149,0.001828,36
2016-03-01,US10Y,Domestic_Equity,0.01069512,0.005114,36
2016-04-01,US10Y,Domestic_Equity,0.00436925,0.000849,36
2016-05-01,US10Y,Domestic_Equity,0.00113876,5.6e-05,36
2016-06-01,US10Y,Domestic_Equity,0.02213892,0.020323,36
2016-07-01,US10Y,Domestic_Equity,0.02738106,0.027941,36
2016-08-01,US10Y,Domestic_Equity,0.02720173,0.026348,36
2016-09-01,US10Y,Domestic_Equity,0.02001981,0.016007,36
2016-10-01,US10Y,Domestic_Equity,0.02450552,0.024487,36
2016-11-01,US10Y,Domestic_Equity,0.00830628,0.00329,36
2016-12-01,US10Y,Domestic_Equity,0.01753487,0.016079,36
2017-01-01,US10Y,Domestic_Equity,0.01582822,0.013176,36
2017-02-01,US10Y,Domestic_Equity,0.01484824,0.01136,36
2017-03-01,US10Y,Domestic_Equity,0.0163387,0.013459,36
2017-04-01,US10Y,Domestic_Equity,0.01409412,0.01046,36
2017-05-01,US10Y,Domestic_Equity,0.01433334,0.008943,36
2017-06-01,US10Y,Domestic_Equity,0.01093765,0.005026,36
2017-07-01,US10Y,Domestic_Equity,0.01296588,0.007164,36
2017-08-01,US10Y,Domestic_Equity,0.01726134,0.012507,36
2017-09-01,US10Y,Domestic_Equity,0.01916215,0.015288,36
2017-10-01,US10Y,Domestic_Equity,0.01177235,0.006154,36
2017-11-01,US10Y,Domestic_Equity,0.01148359,0.005699,36
2017-12-01,US10Y,Domestic_Equity,0.00752158,0.002314,36
2018-01-01,US10Y,Domestic_Equity,0.00357292,0.000472,36
2018-02-01,US10Y,Domestic_Equity,-0.00984867,0.003632,36
2018-03-01,US10Y,Domestic_Equity,-0.01067362,0.004346,36
2018-04-01,US10Y,Domestic_Equity,-0.00469661,0.000896,36
2018-05-01,US10Y,Domestic_Equity,-0.00536575,0.001102,36
2018-06-01,US10Y,Domestic_Equity,0.00343024,0.000443,36
2018-07-01,US10Y,Domestic_Equity,0.00536683,0.000958,36
2018-08-01,US10Y,Domestic_Equity,-0.00653843,0.001568,36
2018-09-01,US10Y,Domestic_Equity,-0.00588559,0.001288,36
2018-10-01,US10Y,Domestic_Equity,-0.01058183,0.003606,36
2018-11-01,US10Y,Domestic_Equity,-0.00593607,0.001035,36
2018-12-01,US10Y,Domestic_Equity,-0.00284329,0.000271,36
2019-01-01,US10Y,Domestic_Equity,-0.01316534,0.006103,36
2019-02-01,US10Y,Domestic_Equity,-0.01913568,0.010175,36
2019-03-01,US10Y,Domestic_Equity,-0.01851064,0.009854,36
2019-04-01,US10Y,Domestic_Equity,-0.01919651,0.010374,36
2019-05-01,US10Y,Domestic_Equity,-0.00798769,0.001671,36
2019-06-01,US10Y,Domestic_Equity,-0.00697773,0.001422,36
2019-07-01,US10Y,Domestic_Equity,-0.00468455,0.000622,36
2019-08-01,US10Y,Domestic_Equity,0.02444179,0.018348,36
2019-09-01,US10Y,Domestic_Equity,0.02806811,0.022291,36
2019-10-01,US10Y,Domestic_Equity,0.02874821,0.022946,36
2019-11-01,US10Y,Domestic_Equity,0.05047608,0.060568,36
2019-12-01,US10Y,Domestic_Equity,0.0511516,0.053019,36
2020-01-01,US10Y,Domestic_Equity,0.04915956,0.049009,36
2020-02-01,US10Y,Domestic_Equity,0.05163415,0.057796,36
2020-03-01,US10Y,Domestic_Equity,0.1267568,0.274331,36
2020-04-01,US10Y,Domestic_Equity,0.12153305,0.248609,36
2020-05-01,US10Y,Domestic_Equity,0.12184058,0.251555,36
2020-06-01,US10Y,Domestic_Equity,0.13176715,0.267965,36
2020-07-01,US10Y,Domestic_Equity,0.13004903,0.25307,36
2020-08-01,US10Y,Domestic_Equity,0.13375429,0.251523,36
2020-09-01,US10Y,Domestic_Equity,0.13366334,0.252022,36
2020-10-01,US10Y,Domestic_Equity,0.12827884,0.232149,36
2020-11-01,US10Y,Domestic_Equity,0.13268101,0.242213,36
2020-12-01,US10Y,Domestic_Equity,0.14405848,0.256282,36
2021-01-01,US10Y,Domestic_Equity,0.16157858,0.282338,36
2021-02-01,US10Y,Domestic_Equity,0.18184427,0.345107,36
2021-03-01,US10Y,Domestic_Equity,0.14971109,0.265971,36
2021-04-01,US10Y,Domestic_Equity,0.15191644,0.270408,36
2021-05-01,US10Y,Domestic_Equity,0.15532676,0.277633,36
2021-06-01,US10Y,Domestic_Equity,0.1529827,0.272192,36
2021-07-01,US10Y,Domestic_Equity,0.15245199,0.285563,36
2021-08-01,US10Y,Domestic_Equity,0.15301382,0.284367,36
2021-09-01,US10Y,Domestic_Equity,0.15080965,0.273434,36
2021-10-01,US10Y,Domestic_Equity,0.14704645,0.271473,36
2021-11-01,US10Y,Domestic_Equity,0.14716541,0.277638,36
2021-12-01,US10Y,Domestic_Equity,0.15087546,0.278456,36
2022-01-01,US10Y,Domestic_Equity,0.12544295,0.202055,36
2022-02-01,US10Y,Domestic_Equity,0.11346803,0.167988,36
2022-03-01,US10Y,Domestic_Equity,0.10567832,0.150854,36
2022-04-01,US10Y,Domestic_Equity,0.08056858,0.113493,36
2022-05-01,US10Y,Domestic_Equity,0.07291309,0.095252,36
2022-06-01,US10Y,Domestic_Equity,0.0676428,0.075591,36
2022-07-01,US10Y,Domestic_Equity,0.07356776,0.090417,36
2022-08-01,US10Y,Domestic_Equity,0.06101599,0.056329,36
2022-09-01,US10Y,Domestic_Equity,0.02895103,0.015179,36
2022-10-01,US10Y,Domestic_Equity,0.01615562,0.005007,36
2022-11-01,US10Y,Domestic_Equity,0.00936609,0.00161,36
2022-12-01,US10Y,Domestic_Equity,0.01353154,0.003507,36
2023-01-01,US10Y,Domestic_Equity,0.01508392,0.004371,36
2023-02-01,US10Y,Domestic_Equity,0.0147272,0.004004,36
2023-03-01,US10Y,Domestic_Equity,-0.06003816,0.073261,36
2023-04-01,US10Y,Domestic_Equity,-0.06113008,0.075314,36
2023-05-01,US10Y,Domestic_Equity,-0.0593003,0.072844,36
2023-06-01,US10Y,Domestic_Equity,-0.05639771,0.072082,36
2023-07-01,US10Y,Domestic_Equity,-0.05509945,0.067707,36
2023-08-01,US10Y,Domestic_Equity,-0.05328312,0.068585,36
2023-09-01,US10Y,Domestic_Equity,-0.05377716,0.07001,36
2023-10-01,US10Y,Domestic_Equity,-0.06110438,0.091664,36
2023-11-01,US10Y,Domestic_Equity,-0.0600398,0.102046,36
2023-12-01,US10Y,Domestic_Equity,-0.06043965,0.141608,36
2024-01-01,US10Y,Domestic_Equity,-0.06385105,0.209117,36
2024-02-01,US10Y,Domestic_Equity,-0.06296476,0.193553,36
2024-03-01,US10Y,Domestic_Equity,-0.06392109,0.190729,36
2024-04-01,US10Y,Domestic_Equity,-0.06158333,0.191844,36
2024-05-01,US10Y,Domestic_Equity,-0.06214335,0.1951,36
2024-06-01,US10Y,Domestic_Equity,-0.06060152,0.191531,36
2024-07-01,US10Y,Domestic_Equity,-0.06372685,0.202598,36
2024-08-01,US10Y,Domestic_Equity,-0.04880448,0.122464,36
2024-09-01,US10Y,Domestic_Equity,-0.04620326,0.111453,36
2024-10-01,US10Y,Domestic_Equity,-0.04149092,0.096936,36
2024-11-01,US10Y,Domestic_Equity,-0.04357644,0.105761,36
2024-12-01,US10Y,Domestic_Equity,-0.04276354,0.100175,36
2025-01-01,US10Y,Domestic_Equity,-0.03764972,0.078315,36
2025-02-01,US10Y,Domestic_Equity,-0.03824315,0.084912,36
2025-03-01,US10Y,Domestic_Equity,-0.03751568,0.083023,36
2025-04-01,US10Y,Domestic_Equity,-0.04307691,0.091818,36
2025-05-01,US10Y,Domestic_Equity,-0.03930178,0.072176,36
2025-06-01,US10Y,Domestic_Equity,-0.03911965,0.056867,36
2025-07-01,US10Y,Domestic_Equity,-0.04945803,0.084872,36
2025-08-01,US10Y,Domestic_Equity,-0.04780196,0.082718,36
2025-09-01,US10Y,Domestic_Equity,-0.0383027,0.047114,36
2025-10-01,US10Y,Domestic_Equity,-0.03048185,0.023383,36
2025-11-01,US10Y,Domestic_Equity,-0.0255818,0.016927,36
2025-12-01,US10Y,Domestic_Equity,-0.03440569,0.029958,36
2026-01-01,US10Y,Domestic_Equity,-0.03033372,0.01692,36
2026-02-01,US10Y,Domestic_Equity,-0.04201084,0.02553,36
2026-03-01,US10Y,Domestic_Equity,-0.04655421,0.031604,36
2026-04-01,US10Y,Domestic_Equity,-0.04291215,0.025033,36
2026-05-01,US10Y,Domestic_Equity,-0.01931539,0.003435,36
2026-06-01,US10Y,Domestic_Equity,-0.02098002,0.003834,36
2026-07-01,US10Y,Domestic_Equity,-0.01764346,0.002702,35
2013-12-01,US10Y,Foreign_Equity,0.10532648,0.470354,35
2014-01-01,US10Y,Foreign_Equity,0.10523707,0.469693,36
2014-02-01,US10Y,Foreign_Equity,0.10442321,0.461529,36
2014-03-01,US10Y,Foreign_Equity,0.10448687,0.45587,36
2014-04-01,US10Y,Foreign_Equity,0.10400763,0.454011,36
2014-05-01,US10Y,Foreign_Equity,0.1050079,0.446117,36
2014-06-01,US10Y,Foreign_Equity,0.10216596,0.437716,36
2014-07-01,US10Y,Foreign_Equity,0.10191346,0.4391,36
2014-08-01,US10Y,Foreign_Equity,0.05963009,0.185689,36
2014-09-01,US10Y,Foreign_Equity,0.04780786,0.119573,36
2014-10-01,US10Y,Foreign_Equity,0.06029114,0.166147,36
2014-11-01,US10Y,Foreign_Equity,0.06278898,0.165635,36
2014-12-01,US10Y,Foreign_Equity,0.06480467,0.176097,36
2015-01-01,US10Y,Foreign_Equity,0.06576368,0.213047,36
2015-02-01,US10Y,Foreign_Equity,0.0669844,0.236986,36
2015-03-01,US10Y,Foreign_Equity,0.06817702,0.232985,36
2015-04-01,US10Y,Foreign_Equity,0.06451958,0.214026,36
2015-05-01,US10Y,Foreign_Equity,0.04770837,0.139646,36
2015-06-01,US10Y,Foreign_Equity,0.03781115,0.08846,36
2015-07-01,US10Y,Foreign_Equity,0.04249857,0.108647,36
2015-08-01,US10Y,Foreign_Equity,0.0462129,0.121233,36
2015-09-01,US10Y,Foreign_Equity,0.04639174,0.10069,36
2015-10-01,US10Y,Foreign_Equity,0.04175318,0.078469,36
2015-11-01,US10Y,Foreign_Equity,0.03815884,0.069368,36
2015-12-01,US10Y,Foreign_Equity,0.03793647,0.067508,36
2016-01-01,US10Y,Foreign_Equity,0.04278218,0.072235,36
2016-02-01,US10Y,Foreign_Equity,0.04185688,0.076619,36
2016-03-01,US10Y,Foreign_Equity,0.04916626,0.090428,36
2016-04-01,US10Y,Foreign_Equity,0.04926778,0.085688,36
2016-05-01,US10Y,Foreign_Equity,0.04425949,0.070186,36
2016-06-01,US10Y,Foreign_Equity,0.06401993,0.131523,36
2016-07-01,US10Y,Foreign_Equity,0.0577802,0.096552,36
2016-08-01,US10Y,Foreign_Equity,0.06075706,0.102295,36
2016-09-01,US10Y,Foreign_Equity,0.05752756,0.091541,36
2016-10-01,US10Y,Foreign_Equity,0.05897808,0.0968,36
2016-11-01,US10Y,Foreign_Equity,0.04782744,0.079266,36
2016-12-01,US10Y,Foreign_Equity,0.05732614,0.119878,36
2017-01-01,US10Y,Foreign_Equity,0.05698297,0.118504,36
2017-02-01,US10Y,Foreign_Equity,0.05672403,0.11427,36
2017-03-01,US10Y,Foreign_Equity,0.05640913,0.115173,36
2017-04-01,US10Y,Foreign_Equity,0.05607563,0.117414,36
2017-05-01,US10Y,Foreign_Equity,0.05894238,0.127213,36
2017-06-01,US10Y,Foreign_Equity,0.05601233,0.11741,36
2017-07-01,US10Y,Foreign_Equity,0.05661688,0.121841,36
2017-08-01,US10Y,Foreign_Equity,0.05535236,0.117265,36
2017-09-01,US10Y,Foreign_Equity,0.05543689,0.115068,36
2017-10-01,US10Y,Foreign_Equity,0.04905509,0.094252,36
2017-11-01,US10Y,Foreign_Equity,0.04787634,0.095859,36
2017-12-01,US10Y,Foreign_Equity,0.0479713,0.09339,36
2018-01-01,US10Y,Foreign_Equity,0.05349045,0.099296,36
2018-02-01,US10Y,Foreign_Equity,0.03452258,0.041864,36
2018-03-01,US10Y,Foreign_Equity,0.03573235,0.044561,36
2018-04-01,US10Y,Foreign_Equity,0.03802372,0.049628,36
2018-05-01,US10Y,Foreign_Equity,0.04030162,0.05251,36
2018-06-01,US10Y,Foreign_Equity,0.04400211,0.06227,36
2018-07-01,US10Y,Foreign_Equity,0.04261077,0.059091,36
2018-08-01,US10Y,Foreign_Equity,0.0360186,0.042813,36
2018-09-01,US10Y,Foreign_Equity,0.03403853,0.046441,36
2018-10-01,US10Y,Foreign_Equity,0.03160818,0.03758,36
2018-11-01,US10Y,Foreign_Equity,0.03325628,0.039456,36
2018-12-01,US10Y,Foreign_Equity,0.05186089,0.093325,36
2019-01-01,US10Y,Foreign_Equity,0.03498477,0.052697,36
2019-02-01,US10Y,Foreign_Equity,0.02840452,0.027446,36
2019-03-01,US10Y,Foreign_Equity,0.02037494,0.017302,36
2019-04-01,US10Y,Foreign_Equity,0.02216017,0.020503,36
2019-05-01,US10Y,Foreign_Equity,0.02658942,0.029322,36
2019-06-01,US10Y,Foreign_Equity,0.02119417,0.020717,36
2019-07-01,US10Y,Foreign_Equity,0.02490343,0.02769,36
2019-08-01,US10Y,Foreign_Equity,0.0407835,0.081907,36
2019-09-01,US10Y,Foreign_Equity,0.04336832,0.090765,36
2019-10-01,US10Y,Foreign_Equity,0.04637585,0.103165,36
2019-11-01,US10Y,Foreign_Equity,0.05714009,0.128339,36
2019-12-01,US10Y,Foreign_Equity,0.05155966,0.092406,36
2020-01-01,US10Y,Foreign_Equity,0.05008432,0.087272,36
2020-02-01,US10Y,Foreign_Equity,0.05328316,0.104781,36
2020-03-01,US10Y,Foreign_Equity,0.15500683,0.381966,36
2020-04-01,US10Y,Foreign_Equity,0.15118743,0.365383,36
2020-05-01,US10Y,Foreign_Equity,0.15250126,0.3652,36
2020-06-01,US10Y,Foreign_Equity,0.15883508,0.373627,36
2020-07-01,US10Y,Foreign_Equity,0.16018385,0.370612,36
2020-08-01,US10Y,Foreign_Equity,0.16277591,0.373271,36
2020-09-01,US10Y,Foreign_Equity,0.16104339,0.367164,36
2020-10-01,US10Y,Foreign_Equity,0.16124827,0.363763,36
2020-11-01,US10Y,Foreign_Equity,0.16505277,0.372809,36
2020-12-01,US10Y,Foreign_Equity,0.16705046,0.375393,36
2021-01-01,US10Y,Foreign_Equity,0.16573941,0.368998,36
2021-02-01,US10Y,Foreign_Equity,0.19230726,0.480744,36
2021-03-01,US10Y,Foreign_Equity,0.17204651,0.441912,36
2021-04-01,US10Y,Foreign_Equity,0.17433863,0.449953,36
2021-05-01,US10Y,Foreign_Equity,0.17773892,0.458413,36
2021-06-01,US10Y,Foreign_Equity,0.17701294,0.455945,36
2021-07-01,US10Y,Foreign_Equity,0.17486664,0.453655,36
2021-08-01,US10Y,Foreign_Equity,0.17493031,0.453407,36
2021-09-01,US10Y,Foreign_Equity,0.17378798,0.443621,36
2021-10-01,US10Y,Foreign_Equity,0.17819197,0.491028,36
2021-11-01,US10Y,Foreign_Equity,0.17861607,0.497133,36
2021-12-01,US10Y,Foreign_Equity,0.17401282,0.473483,36
2022-01-01,US10Y,Foreign_Equity,0.15978978,0.432891,36
2022-02-01,US10Y,Foreign_Equity,0.15118329,0.405743,36
2022-03-01,US10Y,Foreign_Equity,0.14302047,0.371024,36
2022-04-01,US10Y,Foreign_Equity,0.10966043,0.28256,36
2022-05-01,US10Y,Foreign_Equity,0.10198446,0.232426,36
2022-06-01,US10Y,Foreign_Equity,0.10307529,0.222706,36
2022-07-01,US10Y,Foreign_Equity,0.10259837,0.230227,36
2022-08-01,US10Y,Foreign_Equity,0.10167974,0.199139,36
2022-09-01,US10Y,Foreign_Equity,0.06126951,0.083918,36
2022-10-01,US10Y,Foreign_Equity,0.05064422,0.061842,36
2022-11-01,US10Y,Foreign_Equity,0.04403746,0.044992,36
2022-12-01,US10Y,Foreign_Equity,0.04139007,0.041936,36
2023-01-01,US10Y,Foreign_Equity,0.04097662,0.040906,36
2023-02-01,US10Y,Foreign_Equity,0.039339,0.036598,36
2023-03-01,US10Y,Foreign_Equity,-0.04430603,0.081826,36
2023-04-01,US10Y,Foreign_Equity,-0.04714037,0.091501,36
2023-05-01,US10Y,Foreign_Equity,-0.04656789,0.08906,36
2023-06-01,US10Y,Foreign_Equity,-0.04445622,0.090454,36
2023-07-01,US10Y,Foreign_Equity,-0.04322902,0.08222,36
2023-08-01,US10Y,Foreign_Equity,-0.04242295,0.084079,36
2023-09-01,US10Y,Foreign_Equity,-0.04408327,0.090869,36
2023-10-01,US10Y,Foreign_Equity,-0.05027935,0.118144,36
2023-11-01,US10Y,Foreign_Equity,-0.05149663,0.143244,36
2023-12-01,US10Y,Foreign_Equity,-0.05671438,0.200992,36
2024-01-01,US10Y,Foreign_Equity,-0.05785272,0.212624,36
2024-02-01,US10Y,Foreign_Equity,-0.05806266,0.211544,36
2024-03-01,US10Y,Foreign_Equity,-0.06300091,0.235253,36
2024-04-01,US10Y,Foreign_Equity,-0.06214493,0.241676,36
2024-05-01,US10Y,Foreign_Equity,-0.06179646,0.241369,36
2024-06-01,US10Y,Foreign_Equity,-0.05943426,0.226428,36
2024-07-01,US10Y,Foreign_Equity,-0.0630279,0.2457,36
2024-08-01,US10Y,Foreign_Equity,-0.05919804,0.236433,36
2024-09-01,US10Y,Foreign_Equity,-0.06036332,0.247003,36
2024-10-01,US10Y,Foreign_Equity,-0.05683475,0.224792,36
2024-11-01,US10Y,Foreign_Equity,-0.05492837,0.212928,36
2024-12-01,US10Y,Foreign_Equity,-0.05660025,0.224356,36
2025-01-01,US10Y,Foreign_Equity,-0.05750935,0.229548,36
2025-02-01,US10Y,Foreign_Equity,-0.05745776,0.235091,36
2025-03-01,US10Y,Foreign_Equity,-0.05216736,0.191841,36
2025-04-01,US10Y,Foreign_Equity,-0.05839817,0.193831,36
2025-05-01,US10Y,Foreign_Equity,-0.05284076,0.163969,36
2025-06-01,US10Y,Foreign_Equity,-0.05049453,0.153023,36
2025-07-01,US10Y,Foreign_Equity,-0.05598911,0.182749,36
2025-08-01,US10Y,Foreign_Equity,-0.05432821,0.182221,36
2025-09-01,US10Y,Foreign_Equity,-0.04159394,0.106077,36
2025-10-01,US10Y,Foreign_Equity,-0.03674683,0.076886,36
2025-11-01,US10Y,Foreign_Equity,-0.03334562,0.07345,36
2025-12-01,US10Y,Foreign_Equity,-0.03512152,0.076924,36
2026-01-01,US10Y,Foreign_Equity,-0.03342902,0.068807,36
2026-02-01,US10Y,Foreign_Equity,-0.03493017,0.07262,36
2026-03-01,US10Y,Foreign_Equity,-0.04299911,0.112675,36
2026-04-01,US10Y,Foreign_Equity,-0.04127289,0.10126,36
2026-05-01,US10Y,Foreign_Equity,-0.0390396,0.094898,36
2026-06-01,US10Y,Foreign_Equity,-0.04115569,0.104147,36
2026-07-01,US10Y,Foreign_Equity,-0.04377119,0.118911,35
2013-12-01,US10Y,Bond,-0.03170341,0.536578,35
2014-01-01,US10Y,Bond,-0.03166443,0.535122,36
2014-02-01,US10Y,Bond,-0.03200912,0.535854,36
2014-03-01,US10Y,Bond,-0.03106358,0.534526,36
2014-04-01,US10Y,Bond,-0.03123071,0.538218,36
2014-05-01,US10Y,Bond,-0.03165901,0.533495,36
2014-06-01,US10Y,Bond,-0.03135134,0.514433,36
2014-07-01,US10Y,Bond,-0.0317267,0.499831,36
2014-08-01,US10Y,Bond,-0.03637266,0.460056,36
2014-09-01,US10Y,Bond,-0.03562737,0.412084,36
2014-10-01,US10Y,Bond,-0.03647319,0.431408,36
2014-11-01,US10Y,Bond,-0.03698752,0.431723,36
2014-12-01,US10Y,Bond,-0.03609293,0.419338,36
2015-01-01,US10Y,Bond,-0.03661915,0.459188,36
2015-02-01,US10Y,Bond,-0.03608163,0.451883,36
2015-03-01,US10Y,Bond,-0.03509658,0.428285,36
2015-04-01,US10Y,Bond,-0.03542733,0.433384,36
2015-05-01,US10Y,Bond,-0.03986447,0.467136,36
2015-06-01,US10Y,Bond,-0.03957523,0.455817,36
2015-07-01,US10Y,Bond,-0.03741719,0.457874,36
2015-08-01,US10Y,Bond,-0.04006815,0.550572,36
2015-09-01,US10Y,Bond,-0.04018543,0.550844,36
2015-10-01,US10Y,Bond,-0.04042839,0.560926,36
2015-11-01,US10Y,Bond,-0.04234533,0.595564,36
2015-12-01,US10Y,Bond,-0.04191444,0.603047,36
2016-01-01,US10Y,Bond,-0.0442577,0.656799,36
2016-02-01,US10Y,Bond,-0.04298352,0.662728,36
2016-03-01,US10Y,Bond,-0.04284179,0.671335,36
2016-04-01,US10Y,Bond,-0.04384943,0.680518,36
2016-05-01,US10Y,Bond,-0.04425355,0.678422,36
2016-06-01,US10Y,Bond,-0.03939867,0.628097,36
2016-07-01,US10Y,Bond,-0.03998563,0.604016,36
2016-08-01,US10Y,Bond,-0.03921394,0.588061,36
2016-09-01,US10Y,Bond,-0.04108564,0.610966,36
2016-10-01,US10Y,Bond,-0.042582,0.630038,36
2016-11-01,US10Y,Bond,-0.0460253,0.697472,36
2016-12-01,US10Y,Bond,-0.04585596,0.719949,36
2017-01-01,US10Y,Bond,-0.04582145,0.720421,36
2017-02-01,US10Y,Bond,-0.04586533,0.707541,36
2017-03-01,US10Y,Bond,-0.04603985,0.708832,36
2017-04-01,US10Y,Bond,-0.04460168,0.687057,36
2017-05-01,US10Y,Bond,-0.0445156,0.671944,36
2017-06-01,US10Y,Bond,-0.04486518,0.694293,36
2017-07-01,US10Y,Bond,-0.04436887,0.725097,36
2017-08-01,US10Y,Bond,-0.04439021,0.722508,36
2017-09-01,US10Y,Bond,-0.04555582,0.753938,36
2017-10-01,US10Y,Bond,-0.0451384,0.747123,36
2017-11-01,US10Y,Bond,-0.04526338,0.749301,36
2017-12-01,US10Y,Bond,-0.04558792,0.744167,36
2018-01-01,US10Y,Bond,-0.04550583,0.722337,36
2018-02-01,US10Y,Bond,-0.04505367,0.750555,36
2018-03-01,US10Y,Bond,-0.04549662,0.766287,36
2018-04-01,US10Y,Bond,-0.04528989,0.75451,36
2018-05-01,US10Y,Bond,-0.04319545,0.745899,36
2018-06-01,US10Y,Bond,-0.04502057,0.780301,36
2018-07-01,US10Y,Bond,-0.04533743,0.77135,36
2018-08-01,US10Y,Bond,-0.04515865,0.754023,36
2018-09-01,US10Y,Bond,-0.04349615,0.690265,36
2018-10-01,US10Y,Bond,-0.04235818,0.674507,36
2018-11-01,US10Y,Bond,-0.04213685,0.657537,36
2018-12-01,US10Y,Bond,-0.04192957,0.684312,36
2019-01-01,US10Y,Bond,-0.04047705,0.656704,36
2019-02-01,US10Y,Bond,-0.04102873,0.63029,36
2019-03-01,US10Y,Bond,-0.0406592,0.626882,36
2019-04-01,US10Y,Bond,-0.04098721,0.628733,36
2019-05-01,US10Y,Bond,-0.04046063,0.627639,36
2019-06-01,US10Y,Bond,-0.03924296,0.640242,36
2019-07-01,US10Y,Bond,-0.03814196,0.625198,36
2019-08-01,US10Y,Bond,-0.03716438,0.661017,36
2019-09-01,US10Y,Bond,-0.03746761,0.647671,36
2019-10-01,US10Y,Bond,-0.03745437,0.6159,36
2019-11-01,US10Y,Bond,-0.03447222,0.54631,36
2019-12-01,US10Y,Bond,-0.03389321,0.481653,36
2020-01-01,US10Y,Bond,-0.03337103,0.470853,36
2020-02-01,US10Y,Bond,-0.03260058,0.480708,36
2020-03-01,US10Y,Bond,-0.02297893,0.350145,36
2020-04-01,US10Y,Bond,-0.02222503,0.328907,36
2020-05-01,US10Y,Bond,-0.02173512,0.316638,36
2020-06-01,US10Y,Bond,-0.0215273,0.315169,36
2020-07-01,US10Y,Bond,-0.02100208,0.300806,36
2020-08-01,US10Y,Bond,-0.02136945,0.31254,36
2020-09-01,US10Y,Bond,-0.0218838,0.31156,36
2020-10-01,US10Y,Bond,-0.02044774,0.288562,36
2020-11-01,US10Y,Bond,-0.0209075,0.300422,36
2020-12-01,US10Y,Bond,-0.02164296,0.318206,36
2021-01-01,US10Y,Bond,-0.02069523,0.302384,36
2021-02-01,US10Y,Bond,-0.02063817,0.289237,36
2021-03-01,US10Y,Bond,-0.02233587,0.351305,36
2021-04-01,US10Y,Bond,-0.02254079,0.359292,36
2021-05-01,US10Y,Bond,-0.02222509,0.343654,36
2021-06-01,US10Y,Bond,-0.02206339,0.346403,36
2021-07-01,US10Y,Bond,-0.02263794,0.370218,36
2021-08-01,US10Y,Bond,-0.02285363,0.380031,36
2021-09-01,US10Y,Bond,-0.02519974,0.452602,36
2021-10-01,US10Y,Bond,-0.02869729,0.482651,36
2021-11-01,US10Y,Bond,-0.02871692,0.497723,36
2021-12-01,US10Y,Bond,-0.02771246,0.4564,36
2022-01-01,US10Y,Bond,-0.02999529,0.501565,36
2022-02-01,US10Y,Bond,-0.03065982,0.515909,36
2022-03-01,US10Y,Bond,-0.03011618,0.51243,36
2022-04-01,US10Y,Bond,-0.03173028,0.601904,36
2022-05-01,US10Y,Bond,-0.03132444,0.593925,36
2022-06-01,US10Y,Bond,-0.03166954,0.572762,36
2022-07-01,US10Y,Bond,-0.0340754,0.583018,36
2022-08-01,US10Y,Bond,-0.03340906,0.541332,36
2022-09-01,US10Y,Bond,-0.03658691,0.624954,36
2022-10-01,US10Y,Bond,-0.03709181,0.658887,36
2022-11-01,US10Y,Bond,-0.03858301,0.619359,36
2022-12-01,US10Y,Bond,-0.04082377,0.641358,36
2023-01-01,US10Y,Bond,-0.04149714,0.645832,36
2023-02-01,US10Y,Bond,-0.0413853,0.629914,36
2023-03-01,US10Y,Bond,-0.05142823,0.753426,36
2023-04-01,US10Y,Bond,-0.05346578,0.791895,36
2023-05-01,US10Y,Bond,-0.05322246,0.793874,36
2023-06-01,US10Y,Bond,-0.05339364,0.794834,36
2023-07-01,US10Y,Bond,-0.05399144,0.797704,36
2023-08-01,US10Y,Bond,-0.05364411,0.796852,36
2023-09-01,US10Y,Bond,-0.05362928,0.803065,36
2023-10-01,US10Y,Bond,-0.05312844,0.809852,36
2023-11-01,US10Y,Bond,-0.05467774,0.829491,36
2023-12-01,US10Y,Bond,-0.05507337,0.854493,36
2024-01-01,US10Y,Bond,-0.05522363,0.853292,36
2024-02-01,US10Y,Bond,-0.05516345,0.852244,36
2024-03-01,US10Y,Bond,-0.05581616,0.853693,36
2024-04-01,US10Y,Bond,-0.0551159,0.850268,36
2024-05-01,US10Y,Bond,-0.05538667,0.861197,36
2024-06-01,US10Y,Bond,-0.05596083,0.870586,36
2024-07-01,US10Y,Bond,-0.05715069,0.875903,36
2024-08-01,US10Y,Bond,-0.0544881,0.855953,36
2024-09-01,US10Y,Bond,-0.05338793,0.846594,36
2024-10-01,US10Y,Bond,-0.05085577,0.834351,36
2024-11-01,US10Y,Bond,-0.04986098,0.809051,36
2024-12-01,US10Y,Bond,-0.04998548,0.792555,36
2025-01-01,US10Y,Bond,-0.0489472,0.788606,36
2025-02-01,US10Y,Bond,-0.04731226,0.769352,36
2025-03-01,US10Y,Bond,-0.04645422,0.756306,36
2025-04-01,US10Y,Bond,-0.04639606,0.727275,36
2025-05-01,US10Y,Bond,-0.04637039,0.726919,36
2025-06-01,US10Y,Bond,-0.04471849,0.707645,36
2025-07-01,US10Y,Bond,-0.04373374,0.696276,36
2025-08-01,US10Y,Bond,-0.04323352,0.689854,36
2025-09-01,US10Y,Bond,-0.03883948,0.605644,36
2025-10-01,US10Y,Bond,-0.03664524,0.540973,36
2025-11-01,US10Y,Bond,-0.03597766,0.515552,36
2025-12-01,US10Y,Bond,-0.03388339,0.488554,36
2026-01-01,US10Y,Bond,-0.03376413,0.484077,36
2026-02-01,US10Y,Bond,-0.03377926,0.46744,36
2026-03-01,US10Y,Bond,-0.03417505,0.47349,36
2026-04-01,US10Y,Bond,-0.03395281,0.461862,36
2026-05-01,US10Y,Bond,-0.03524341,0.45722,36
2026-06-01,US10Y,Bond,-0.03445497,0.442065,36
2026-07-01,US10Y,Bond,-0.03459812,0.441323,35
2013-12-01,US10Y,Gold,-0.06792759,0.122639,35
2014-01-01,US10Y,Gold,-0.06716596,0.11632,36
2014-02-01,US10Y,Gold,-0.06737801,0.114801,36
2014-03-01,US10Y,Gold,-0.06641425,0.106103,36
2014-04-01,US10Y,Gold,-0.06842602,0.113839,36
2014-05-01,US10Y,Gold,-0.06047908,0.086868,36
2014-06-01,US10Y,Gold,-0.0600063,0.083053,36
2014-07-01,US10Y,Gold,-0.06235825,0.08431,36
2014-08-01,US10Y,Gold,-0.06653033,0.062903,36
2014-09-01,US10Y,Gold,-0.02474755,0.010104,36
2014-10-01,US10Y,Gold,-0.01586345,0.004232,36
2014-11-01,US10Y,Gold,-0.02625498,0.011479,36
2014-12-01,US10Y,Gold,-0.03064005,0.016283,36
2015-01-01,US10Y,Gold,-0.03488633,0.025142,36
2015-02-01,US10Y,Gold,-0.02924698,0.01712,36
2015-03-01,US10Y,Gold,-0.0467525,0.04381,36
2015-04-01,US10Y,Gold,-0.0529038,0.056724,36
2015-05-01,US10Y,Gold,-0.05664095,0.065076,36
2015-06-01,US10Y,Gold,-0.06397529,0.08294,36
2015-07-01,US10Y,Gold,-0.06229145,0.078159,36
2015-08-01,US10Y,Gold,-0.05064876,0.04831,36
2015-09-01,US10Y,Gold,-0.0524339,0.050199,36
2015-10-01,US10Y,Gold,-0.05643465,0.068617,36
2015-11-01,US10Y,Gold,-0.05704291,0.071395,36
2015-12-01,US10Y,Gold,-0.05562526,0.065981,36
2016-01-01,US10Y,Gold,-0.0617021,0.077698,36
2016-02-01,US10Y,Gold,-0.07350965,0.113985,36
2016-03-01,US10Y,Gold,-0.06067271,0.063985,36
2016-04-01,US10Y,Gold,-0.06546277,0.072133,36
2016-05-01,US10Y,Gold,-0.05618047,0.052517,36
2016-06-01,US10Y,Gold,-0.03205776,0.01474,36
2016-07-01,US10Y,Gold,-0.03225004,0.01128,36
2016-08-01,US10Y,Gold,-0.02245079,0.005387,36
2016-09-01,US10Y,Gold,-0.03110418,0.010671,36
2016-10-01,US10Y,Gold,-0.04318158,0.019752,36
2016-11-01,US10Y,Gold,-0.02497365,0.008073,36
2016-12-01,US10Y,Gold,-0.05449394,0.037874,36
2017-01-01,US10Y,Gold,-0.05564559,0.040581,36
2017-02-01,US10Y,Gold,-0.05380896,0.036644,36
2017-03-01,US10Y,Gold,-0.05228609,0.035351,36
2017-04-01,US10Y,Gold,-0.05228141,0.036831,36
2017-05-01,US10Y,Gold,-0.05766948,0.044318,36
2017-06-01,US10Y,Gold,-0.05790395,0.045724,36
2017-07-01,US10Y,Gold,-0.06040454,0.051747,36
2017-08-01,US10Y,Gold,-0.06659542,0.061678,36
2017-09-01,US10Y,Gold,-0.06445088,0.054804,36
2017-10-01,US10Y,Gold,-0.08805999,0.098247,36
2017-11-01,US10Y,Gold,-0.08654441,0.098122,36
2017-12-01,US10Y,Gold,-0.08372796,0.091865,36
2018-01-01,US10Y,Gold,-0.08130518,0.07622,36
2018-02-01,US10Y,Gold,-0.07789421,0.076773,36
2018-03-01,US10Y,Gold,-0.07568509,0.075222,36
2018-04-01,US10Y,Gold,-0.0766127,0.075696,36
2018-05-01,US10Y,Gold,-0.07799115,0.073804,36
2018-06-01,US10Y,Gold,-0.07623138,0.069294,36
2018-07-01,US10Y,Gold,-0.07595383,0.067586,36
2018-08-01,US10Y,Gold,-0.09403556,0.106516,36
2018-09-01,US10Y,Gold,-0.09451049,0.110155,36
2018-10-01,US10Y,Gold,-0.09304599,0.106813,36
2018-11-01,US10Y,Gold,-0.09069675,0.099269,36
2018-12-01,US10Y,Gold,-0.08514321,0.102866,36
2019-01-01,US10Y,Gold,-0.08640823,0.10416,36
2019-02-01,US10Y,Gold,-0.0828696,0.08485,36
2019-03-01,US10Y,Gold,-0.08946135,0.11661,36
2019-04-01,US10Y,Gold,-0.09213297,0.123106,36
2019-05-01,US10Y,Gold,-0.0864319,0.115932,36
2019-06-01,US10Y,Gold,-0.10560372,0.199944,36
2019-07-01,US10Y,Gold,-0.08873733,0.175514,36
2019-08-01,US10Y,Gold,-0.09818235,0.241739,36
2019-09-01,US10Y,Gold,-0.0952993,0.224222,36
2019-10-01,US10Y,Gold,-0.09001402,0.207464,36
2019-11-01,US10Y,Gold,-0.11043524,0.268237,36
2019-12-01,US10Y,Gold,-0.07946291,0.160285,36
2020-01-01,US10Y,Gold,-0.08317524,0.171126,36
2020-02-01,US10Y,Gold,-0.08254665,0.185472,36
2020-03-01,US10Y,Gold,-0.07965954,0.240937,36
2020-04-01,US10Y,Gold,-0.07494433,0.209713,36
2020-05-01,US10Y,Gold,-0.07185754,0.17983,36
2020-06-01,US10Y,Gold,-0.07060481,0.176432,36
2020-07-01,US10Y,Gold,-0.06508824,0.158368,36
2020-08-01,US10Y,Gold,-0.05504874,0.075265,36
2020-09-01,US10Y,Gold,-0.05908427,0.087434,36
2020-10-01,US10Y,Gold,-0.0530107,0.074138,36
2020-11-01,US10Y,Gold,-0.05276735,0.074501,36
2020-12-01,US10Y,Gold,-0.05687864,0.079609,36
2021-01-01,US10Y,Gold,-0.05553268,0.072981,36
2021-02-01,US10Y,Gold,-0.0699514,0.102102,36
2021-03-01,US10Y,Gold,-0.08325543,0.151689,36
2021-04-01,US10Y,Gold,-0.08274955,0.149722,36
2021-05-01,US10Y,Gold,-0.08048234,0.138862,36
2021-06-01,US10Y,Gold,-0.08275408,0.144859,36
2021-07-01,US10Y,Gold,-0.07284237,0.112205,36
2021-08-01,US10Y,Gold,-0.0715668,0.110769,36
2021-09-01,US10Y,Gold,-0.06894981,0.103838,36
2021-10-01,US10Y,Gold,-0.07445567,0.120313,36
2021-11-01,US10Y,Gold,-0.07445352,0.120528,36
2021-12-01,US10Y,Gold,-0.07779226,0.124661,36
2022-01-01,US10Y,Gold,-0.06989025,0.110058,36
2022-02-01,US10Y,Gold,-0.06951213,0.112299,36
2022-03-01,US10Y,Gold,-0.05996666,0.082161,36
2022-04-01,US10Y,Gold,-0.04958839,0.072666,36
2022-05-01,US10Y,Gold,-0.05463812,0.086217,36
2022-06-01,US10Y,Gold,-0.05420879,0.081445,36
2022-07-01,US10Y,Gold,-0.0415497,0.048187,36
2022-08-01,US10Y,Gold,-0.03028718,0.023658,36
2022-09-01,US10Y,Gold,-0.03797633,0.044755,36
2022-10-01,US10Y,Gold,-0.03766863,0.048462,36
2022-11-01,US10Y,Gold,-0.03461769,0.040619,36
2022-12-01,US10Y,Gold,-0.04464884,0.064918,36
2023-01-01,US10Y,Gold,-0.04429407,0.064046,36
2023-02-01,US10Y,Gold,-0.04062912,0.051525,36
2023-03-01,US10Y,Gold,-0.02896865,0.020024,36
2023-04-01,US10Y,Gold,-0.04946533,0.052307,36
2023-05-01,US10Y,Gold,-0.04740614,0.049677,36
2023-06-01,US10Y,Gold,-0.04890733,0.052564,36
2023-07-01,US10Y,Gold,-0.04707271,0.047791,36
2023-08-01,US10Y,Gold,-0.03901551,0.044755,36
2023-09-01,US10Y,Gold,-0.04119229,0.050884,36
2023-10-01,US10Y,Gold,-0.04822697,0.071392,36
2023-11-01,US10Y,Gold,-0.06350216,0.118771,36
2023-12-01,US10Y,Gold,-0.05854518,0.124652,36
2024-01-01,US10Y,Gold,-0.06045454,0.139689,36
2024-02-01,US10Y,Gold,-0.05863448,0.137375,36
2024-03-01,US10Y,Gold,-0.05395815,0.116321,36
2024-04-01,US10Y,Gold,-0.04553568,0.080451,36
2024-05-01,US10Y,Gold,-0.04418941,0.077341,36
2024-06-01,US10Y,Gold,-0.04112213,0.069862,36
2024-07-01,US10Y,Gold,-0.04871894,0.10046,36
2024-08-01,US10Y,Gold,-0.04904641,0.11046,36
2024-09-01,US10Y,Gold,-0.05062597,0.118276,36
2024-10-01,US10Y,Gold,-0.04026454,0.075829,36
2024-11-01,US10Y,Gold,-0.03901795,0.071876,36
2024-12-01,US10Y,Gold,-0.03975028,0.072388,36
2025-01-01,US10Y,Gold,-0.04037366,0.074085,36
2025-02-01,US10Y,Gold,-0.04777312,0.09343,36
2025-03-01,US10Y,Gold,-0.05200597,0.117295,36
2025-04-01,US10Y,Gold,-0.05855116,0.119618,36
2025-05-01,US10Y,Gold,-0.05513845,0.108483,36
2025-06-01,US10Y,Gold,-0.05280057,0.099254,36
2025-07-01,US10Y,Gold,-0.06371174,0.14833,36
2025-08-01,US10Y,Gold,-0.06310079,0.147665,36
2025-09-01,US10Y,Gold,-0.06023674,0.115852,36
2025-10-01,US10Y,Gold,-0.06309994,0.100331,36
2025-11-01,US10Y,Gold,-0.0668538,0.117739,36
2025-12-01,US10Y,Gold,-0.05989737,0.09472,36
2026-01-01,US10Y,Gold,-0.0576615,0.083177,36
2026-02-01,US10Y,Gold,-0.06202862,0.093265,36
2026-03-01,US10Y,Gold,-0.07015141,0.126262,36
2026-04-01,US10Y,Gold,-0.06377427,0.103786,36
2026-05-01,US10Y,Gold,-0.0648248,0.107239,36
2026-06-01,US10Y,Gold,-0.05899149,0.083559,36
2026-07-01,US10Y,Gold,-0.06513872,0.081218,36
2013-12-01,US2Y,Domestic_Equity,0.20386655,0.128972,35
2014-01-01,US2Y,Domestic_Equity,0.19230721,0.116409,36
2014-02-01,US2Y,Domestic_Equity,0.28481367,0.217059,36
2014-03-01,US2Y,Domestic_Equity,0.28026704,0.214964,36
2014-04-01,US2Y,Domestic_Equity,0.26284613,0.213681,36
2014-05-01,US2Y,Domestic_Equity,0.31247671,0.240346,36
2014-06-01,US2Y,Domestic_Equity,0.34456945,0.242205,36
2014-07-01,US2Y,Domestic_Equity,0.34130895,0.254476,36
2014-08-01,US2Y,Domestic_Equity,0.07104237,0.012369,36
2014-09-01,US2Y,Domestic_Equity,0.02441049,0.001808,36
2014-10-01,US2Y,Domestic_Equity,0.09737367,0.03084,36
2014-11-01,US2Y,Domestic_Equity,0.10562491,0.038812,36
2014-12-01,US2Y,Domestic_Equity,0.08052781,0.02538,36
2015-01-01,US2Y,Domestic_Equity,0.09023541,0.035441,36
2015-02-01,US2Y,Domestic_Equity,0.08299533,0.035149,36
2015-03-01,US2Y,Domestic_Equity,0.08270619,0.033031,36
2015-04-01,US2Y,Domestic_Equity,0.02098603,0.002108,36
2015-05-01,US2Y,Domestic_Equity,0.01747328,0.001774,36
2015-06-01,US2Y,Domestic_Equity,-0.00331024,6.6e-05,36
2015-07-01,US2Y,Domestic_Equity,-0.00808116,0.00039,36
2015-08-01,US2Y,Domestic_Equity,-0.02018345,0.002391,36
2015-09-01,US2Y,Domestic_Equity,-0.01597929,0.001522,36
2015-10-01,US2Y,Domestic_Equity,-0.04259903,0.010542,36
2015-11-01,US2Y,Domestic_Equity,-0.04417759,0.01658,36
2015-12-01,US2Y,Domestic_Equity,-0.04529292,0.018986,36
2016-01-01,US2Y,Domestic_Equity,-0.02277234,0.004727,36
2016-02-01,US2Y,Domestic_Equity,-0.02253746,0.005483,36
2016-03-01,US2Y,Domestic_Equity,0.00138385,2.1e-05,36
2016-04-01,US2Y,Domestic_Equity,-0.00893164,0.000951,36
2016-05-01,US2Y,Domestic_Equity,-0.01122418,0.001515,36
2016-06-01,US2Y,Domestic_Equity,-0.00108534,1.6e-05,36
2016-07-01,US2Y,Domestic_Equity,-0.00396313,0.000218,36
2016-08-01,US2Y,Domestic_Equity,-0.00093258,1.2e-05,36
2016-09-01,US2Y,Domestic_Equity,-0.00613466,0.00059,36
2016-10-01,US2Y,Domestic_Equity,-0.00104962,1.8e-05,36
2016-11-01,US2Y,Domestic_Equity,-0.01484,0.003525,36
2016-12-01,US2Y,Domestic_Equity,0.00021041,1e-06,36
2017-01-01,US2Y,Domestic_Equity,0.0011816,2.5e-05,36
2017-02-01,US2Y,Domestic_Equity,-0.00187904,6.2e-05,36
2017-03-01,US2Y,Domestic_Equity,0.00345536,0.000209,36
2017-04-01,US2Y,Domestic_Equity,0.0007961,1.2e-05,36
2017-05-01,US2Y,Domestic_Equity,0.00650745,0.000649,36
2017-06-01,US2Y,Domestic_Equity,0.00813366,0.000967,36
2017-07-01,US2Y,Domestic_Equity,0.00748878,0.000813,36
2017-08-01,US2Y,Domestic_Equity,0.0142554,0.002899,36
2017-09-01,US2Y,Domestic_Equity,0.01745128,0.004297,36
2017-10-01,US2Y,Domestic_Equity,0.00647328,0.000646,36
2017-11-01,US2Y,Domestic_Equity,0.01474126,0.003385,36
2017-12-01,US2Y,Domestic_Equity,0.0074316,0.00084,36
2018-01-01,US2Y,Domestic_Equity,0.00676851,0.000717,36
2018-02-01,US2Y,Domestic_Equity,-0.0068121,0.000705,36
2018-03-01,US2Y,Domestic_Equity,-0.00546059,0.000464,36
2018-04-01,US2Y,Domestic_Equity,0.01274738,0.002592,36
2018-05-01,US2Y,Domestic_Equity,0.01197944,0.002329,36
2018-06-01,US2Y,Domestic_Equity,0.0173477,0.004887,36
2018-07-01,US2Y,Domestic_Equity,0.01177804,0.001965,36
2018-08-01,US2Y,Domestic_Equity,0.00817769,0.001084,36
2018-09-01,US2Y,Domestic_Equity,0.00821852,0.001111,36
2018-10-01,US2Y,Domestic_Equity,0.01754084,0.004179,36
2018-11-01,US2Y,Domestic_Equity,0.03270632,0.012399,36
2018-12-01,US2Y,Domestic_Equity,0.03655073,0.018425,36
2019-01-01,US2Y,Domestic_Equity,0.01393305,0.003,36
2019-02-01,US2Y,Domestic_Equity,0.00165598,3.4e-05,36
2019-03-01,US2Y,Domestic_Equity,0.00106645,1.5e-05,36
2019-04-01,US2Y,Domestic_Equity,-0.00203253,5.2e-05,36
2019-05-01,US2Y,Domestic_Equity,0.02575571,0.008156,36
2019-06-01,US2Y,Domestic_Equity,0.01692623,0.00529,36
2019-07-01,US2Y,Domestic_Equity,0.01918337,0.006673,36
2019-08-01,US2Y,Domestic_Equity,0.04783636,0.042527,36
2019-09-01,US2Y,Domestic_Equity,0.05250044,0.047438,36
2019-10-01,US2Y,Domestic_Equity,0.04989588,0.043669,36
2019-11-01,US2Y,Domestic_Equity,0.05881939,0.059246,36
2019-12-01,US2Y,Domestic_Equity,0.05644144,0.051097,36
2020-01-01,US2Y,Domestic_Equity,0.05129364,0.042692,36
2020-02-01,US2Y,Domestic_Equity,0.05472694,0.051359,36
2020-03-01,US2Y,Domestic_Equity,0.13478129,0.376447,36
2020-04-01,US2Y,Domestic_Equity,0.12533796,0.327711,36
2020-05-01,US2Y,Domestic_Equity,0.1209868,0.305439,36
2020-06-01,US2Y,Domestic_Equity,0.12264953,0.283834,36
2020-07-01,US2Y,Domestic_Equity,0.12197501,0.277773,36
2020-08-01,US2Y,Domestic_Equity,0.12320309,0.266021,36
2020-09-01,US2Y,Domestic_Equity,0.12377777,0.267422,36
2020-10-01,US2Y,Domestic_Equity,0.12158666,0.254706,36
2020-11-01,US2Y,Domestic_Equity,0.12314917,0.245431,36
2020-12-01,US2Y,Domestic_Equity,0.1319073,0.245691,36
2021-01-01,US2Y,Domestic_Equity,0.13855917,0.229446,36
2021-02-01,US2Y,Domestic_Equity,0.15018583,0.264765,36
2021-03-01,US2Y,Domestic_Equity,0.15064117,0.260452,36
2021-04-01,US2Y,Domestic_Equity,0.15634081,0.271989,36
2021-05-01,US2Y,Domestic_Equity,0.16176832,0.282539,36
2021-06-01,US2Y,Domestic_Equity,0.16575434,0.300119,36
2021-07-01,US2Y,Domestic_Equity,0.17486037,0.341175,36
2021-08-01,US2Y,Domestic_Equity,0.17464102,0.335431,36
2021-09-01,US2Y,Domestic_Equity,0.17747287,0.334478,36
2021-10-01,US2Y,Domestic_Equity,0.17272957,0.330547,36
2021-11-01,US2Y,Domestic_Equity,0.16762211,0.326778,36
2021-12-01,US2Y,Domestic_Equity,0.15926905,0.306504,36
2022-01-01,US2Y,Domestic_Equity,0.12980861,0.217015,36
2022-02-01,US2Y,Domestic_Equity,0.08980296,0.122592,36
2022-03-01,US2Y,Domestic_Equity,0.07203106,0.091828,36
2022-04-01,US2Y,Domestic_Equity,0.05779388,0.072801,36
2022-05-01,US2Y,Domestic_Equity,0.0531417,0.062662,36
2022-06-01,US2Y,Domestic_Equity,0.04348211,0.039523,36
2022-07-01,US2Y,Domestic_Equity,0.04326475,0.037953,36
2022-08-01,US2Y,Domestic_Equity,0.03732201,0.028222,36
2022-09-01,US2Y,Domestic_Equity,0.01636182,0.006131,36
2022-10-01,US2Y,Domestic_Equity,0.0060828,0.000887,36
2022-11-01,US2Y,Domestic_Equity,0.00761865,0.001318,36
2022-12-01,US2Y,Domestic_Equity,0.01095707,0.002788,36
2023-01-01,US2Y,Domestic_Equity,0.01236766,0.003563,36
2023-02-01,US2Y,Domestic_Equity,0.01304085,0.003917,36
2023-03-01,US2Y,Domestic_Equity,-0.08183116,0.146491,36
2023-04-01,US2Y,Domestic_Equity,-0.08227224,0.150505,36
2023-05-01,US2Y,Domestic_Equity,-0.07898612,0.140875,36
2023-06-01,US2Y,Domestic_Equity,-0.06370751,0.108167,36
2023-07-01,US2Y,Domestic_Equity,-0.06274566,0.104251,36
2023-08-01,US2Y,Domestic_Equity,-0.05752954,0.092488,36
2023-09-01,US2Y,Domestic_Equity,-0.05775035,0.09192,36
2023-10-01,US2Y,Domestic_Equity,-0.05573045,0.081449,36
2023-11-01,US2Y,Domestic_Equity,-0.05338041,0.082493,36
2023-12-01,US2Y,Domestic_Equity,-0.04970351,0.095206,36
2024-01-01,US2Y,Domestic_Equity,-0.04043949,0.08543,36
2024-02-01,US2Y,Domestic_Equity,-0.0379263,0.071467,36
2024-03-01,US2Y,Domestic_Equity,-0.03965498,0.07704,36
2024-04-01,US2Y,Domestic_Equity,-0.0372742,0.071945,36
2024-05-01,US2Y,Domestic_Equity,-0.03798183,0.074367,36
2024-06-01,US2Y,Domestic_Equity,-0.03770447,0.076443,36
2024-07-01,US2Y,Domestic_Equity,-0.03981846,0.088287,36
2024-08-01,US2Y,Domestic_Equity,-0.02248101,0.031033,36
2024-09-01,US2Y,Domestic_Equity,-0.01867093,0.022801,36
2024-10-01,US2Y,Domestic_Equity,-0.01706957,0.020316,36
2024-11-01,US2Y,Domestic_Equity,-0.01875207,0.024276,36
2024-12-01,US2Y,Domestic_Equity,-0.0180794,0.022524,36
2025-01-01,US2Y,Domestic_Equity,-0.01614483,0.018022,36
2025-02-01,US2Y,Domestic_Equity,-0.01239396,0.010478,36
2025-03-01,US2Y,Domestic_Equity,-0.01189508,0.009438,36
2025-04-01,US2Y,Domestic_Equity,-0.01031368,0.006137,36
2025-05-01,US2Y,Domestic_Equity,-0.00750168,0.003079,36
2025-06-01,US2Y,Domestic_Equity,-0.00297237,0.000373,36
2025-07-01,US2Y,Domestic_Equity,-0.00360876,0.000532,36
2025-08-01,US2Y,Domestic_Equity,-0.00663949,0.001856,36
2025-09-01,US2Y,Domestic_Equity,0.00884583,0.002956,36
2025-10-01,US2Y,Domestic_Equity,0.02614821,0.019671,36
2025-11-01,US2Y,Domestic_Equity,0.02240181,0.014768,36
2025-12-01,US2Y,Domestic_Equity,0.01843216,0.010086,36
2026-01-01,US2Y,Domestic_Equity,0.02301414,0.011491,36
2026-02-01,US2Y,Domestic_Equity,0.01792954,0.005242,36
2026-03-01,US2Y,Domestic_Equity,0.0089054,0.001324,36
2026-04-01,US2Y,Domestic_Equity,0.01639622,0.004159,36
2026-05-01,US2Y,Domestic_Equity,0.04647706,0.022859,36
2026-06-01,US2Y,Domestic_Equity,0.06332463,0.034497,36
2026-07-01,US2Y,Domestic_Equity,0.07119325,0.042634,35
2013-12-01,US2Y,Foreign_Equity,0.25121198,0.271768,35
2014-01-01,US2Y,Foreign_Equity,0.24668783,0.267796,36
2014-02-01,US2Y,Foreign_Equity,0.26682449,0.263377,36
2014-03-01,US2Y,Foreign_Equity,0.26281375,0.261786,36
2014-04-01,US2Y,Foreign_Equity,0.25961295,0.256282,36
2014-05-01,US2Y,Foreign_Equity,0.30353664,0.279179,36
2014-06-01,US2Y,Foreign_Equity,0.30332613,0.240548,36
2014-07-01,US2Y,Foreign_Equity,0.29088161,0.231773,36
2014-08-01,US2Y,Foreign_Equity,0.05472874,0.009829,36
2014-09-01,US2Y,Foreign_Equity,0.02274951,0.002198,36
2014-10-01,US2Y,Foreign_Equity,0.10375138,0.046041,36
2014-11-01,US2Y,Foreign_Equity,0.12815867,0.070079,36
2014-12-01,US2Y,Foreign_Equity,0.09054034,0.038737,36
2015-01-01,US2Y,Foreign_Equity,0.11555963,0.071643,36
2015-02-01,US2Y,Foreign_Equity,0.11192176,0.073267,36
2015-03-01,US2Y,Foreign_Equity,0.11165824,0.070362,36
2015-04-01,US2Y,Foreign_Equity,0.08290849,0.0434,36
2015-05-01,US2Y,Foreign_Equity,0.07369925,0.04235,36
2015-06-01,US2Y,Foreign_Equity,0.05408187,0.024514,36
2015-07-01,US2Y,Foreign_Equity,0.0702636,0.040054,36
2015-08-01,US2Y,Foreign_Equity,0.06222459,0.029337,36
2015-09-01,US2Y,Foreign_Equity,0.06872135,0.029382,36
2015-10-01,US2Y,Foreign_Equity,0.04365764,0.011906,36
2015-11-01,US2Y,Foreign_Equity,0.03117979,0.008987,36
2015-12-01,US2Y,Foreign_Equity,0.02083996,0.004097,36
2016-01-01,US2Y,Foreign_Equity,0.05945405,0.029849,36
2016-02-01,US2Y,Foreign_Equity,0.06234525,0.038969,36
2016-03-01,US2Y,Foreign_Equity,0.09617917,0.084589,36
2016-04-01,US2Y,Foreign_Equity,0.07893041,0.05894,36
2016-05-01,US2Y,Foreign_Equity,0.07745379,0.059745,36
2016-06-01,US2Y,Foreign_Equity,0.08137403,0.06978,36
2016-07-01,US2Y,Foreign_Equity,0.07408445,0.059079,36
2016-08-01,US2Y,Foreign_Equity,0.07456878,0.060548,36
2016-09-01,US2Y,Foreign_Equity,0.07277709,0.057461,36
2016-10-01,US2Y,Foreign_Equity,0.07554067,0.061949,36
2016-11-01,US2Y,Foreign_Equity,0.08000392,0.074455,36
2016-12-01,US2Y,Foreign_Equity,0.09367512,0.11,36
2017-01-01,US2Y,Foreign_Equity,0.09291669,0.107913,36
2017-02-01,US2Y,Foreign_Equity,0.09040147,0.099681,36
2017-03-01,US2Y,Foreign_Equity,0.08727542,0.09584,36
2017-04-01,US2Y,Foreign_Equity,0.08723939,0.098381,36
2017-05-01,US2Y,Foreign_Equity,0.0902627,0.104978,36
2017-06-01,US2Y,Foreign_Equity,0.08872762,0.102483,36
2017-07-01,US2Y,Foreign_Equity,0.08869258,0.101766,36
2017-08-01,US2Y,Foreign_Equity,0.08664945,0.097668,36
2017-09-01,US2Y,Foreign_Equity,0.08760765,0.097388,36
2017-10-01,US2Y,Foreign_Equity,0.07561164,0.077729,36
2017-11-01,US2Y,Foreign_Equity,0.06651899,0.066701,36
2017-12-01,US2Y,Foreign_Equity,0.07574971,0.086621,36
2018-01-01,US2Y,Foreign_Equity,0.0845294,0.104839,36
2018-02-01,US2Y,Foreign_Equity,0.06655052,0.06309,36
2018-03-01,US2Y,Foreign_Equity,0.06282414,0.056228,36
2018-04-01,US2Y,Foreign_Equity,0.07017396,0.066365,36
2018-05-01,US2Y,Foreign_Equity,0.06978901,0.066753,36
2018-06-01,US2Y,Foreign_Equity,0.0712172,0.070284,36
2018-07-01,US2Y,Foreign_Equity,0.06834851,0.064781,36
2018-08-01,US2Y,Foreign_Equity,0.06512213,0.061853,36
2018-09-01,US2Y,Foreign_Equity,0.05626999,0.056128,36
2018-10-01,US2Y,Foreign_Equity,0.06702681,0.071269,36
2018-11-01,US2Y,Foreign_Equity,0.07532139,0.079895,36
2018-12-01,US2Y,Foreign_Equity,0.11064985,0.17474,36
2019-01-01,US2Y,Foreign_Equity,0.07080366,0.094724,36
2019-02-01,US2Y,Foreign_Equity,0.05431749,0.045085,36
2019-03-01,US2Y,Foreign_Equity,0.03321459,0.020863,36
2019-04-01,US2Y,Foreign_Equity,0.03876264,0.027783,36
2019-05-01,US2Y,Foreign_Equity,0.04851475,0.045836,36
2019-06-01,US2Y,Foreign_Equity,0.02678034,0.020917,36
2019-07-01,US2Y,Foreign_Equity,0.03061588,0.026794,36
2019-08-01,US2Y,Foreign_Equity,0.04928377,0.072374,36
2019-09-01,US2Y,Foreign_Equity,0.05143317,0.077652,36
2019-10-01,US2Y,Foreign_Equity,0.05357717,0.086988,36
2019-11-01,US2Y,Foreign_Equity,0.05652728,0.090477,36
2019-12-01,US2Y,Foreign_Equity,0.04807939,0.063603,36
2020-01-01,US2Y,Foreign_Equity,0.04507716,0.056564,36
2020-02-01,US2Y,Foreign_Equity,0.04995974,0.072867,36
2020-03-01,US2Y,Foreign_Equity,0.16501683,0.525402,36
2020-04-01,US2Y,Foreign_Equity,0.15810899,0.495254,36
2020-05-01,US2Y,Foreign_Equity,0.15776106,0.481265,36
2020-06-01,US2Y,Foreign_Equity,0.15998866,0.463439,36
2020-07-01,US2Y,Foreign_Equity,0.15993642,0.460997,36
2020-08-01,US2Y,Foreign_Equity,0.1606649,0.453312,36
2020-09-01,US2Y,Foreign_Equity,0.16029647,0.450111,36
2020-10-01,US2Y,Foreign_Equity,0.16216634,0.449325,36
2020-11-01,US2Y,Foreign_Equity,0.16879165,0.458595,36
2020-12-01,US2Y,Foreign_Equity,0.17058909,0.447614,36
2021-01-01,US2Y,Foreign_Equity,0.17161132,0.437193,36
2021-02-01,US2Y,Foreign_Equity,0.18590298,0.505295,36
2021-03-01,US2Y,Foreign_Equity,0.19212145,0.532979,36
2021-04-01,US2Y,Foreign_Equity,0.19936428,0.558818,36
2021-05-01,US2Y,Foreign_Equity,0.20631221,0.579503,36
2021-06-01,US2Y,Foreign_Equity,0.20631325,0.581743,36
2021-07-01,US2Y,Foreign_Equity,0.20815252,0.583757,36
2021-08-01,US2Y,Foreign_Equity,0.20874632,0.584639,36
2021-09-01,US2Y,Foreign_Equity,0.21355689,0.591711,36
2021-10-01,US2Y,Foreign_Equity,0.21672684,0.64097,36
2021-11-01,US2Y,Foreign_Equity,0.21398823,0.647343,36
2021-12-01,US2Y,Foreign_Equity,0.19394668,0.58098,36
2022-01-01,US2Y,Foreign_Equity,0.17535883,0.522929,36
2022-02-01,US2Y,Foreign_Equity,0.13748032,0.390908,36
2022-03-01,US2Y,Foreign_Equity,0.11208546,0.298576,36
2022-04-01,US2Y,Foreign_Equity,0.09053591,0.240099,36
2022-05-01,US2Y,Foreign_Equity,0.08711711,0.210035,36
2022-06-01,US2Y,Foreign_Equity,0.08398439,0.187078,36
2022-07-01,US2Y,Foreign_Equity,0.08394884,0.187073,36
2022-08-01,US2Y,Foreign_Equity,0.08316045,0.178378,36
2022-09-01,US2Y,Foreign_Equity,0.05535663,0.08662,36
2022-10-01,US2Y,Foreign_Equity,0.04607167,0.063964,36
2022-11-01,US2Y,Foreign_Equity,0.04748945,0.064741,36
2022-12-01,US2Y,Foreign_Equity,0.04620196,0.063353,36
2023-01-01,US2Y,Foreign_Equity,0.04582247,0.062026,36
2023-02-01,US2Y,Foreign_Equity,0.04412223,0.057431,36
2023-03-01,US2Y,Foreign_Equity,-0.05398635,0.130765,36
2023-04-01,US2Y,Foreign_Equity,-0.05635026,0.144247,36
2023-05-01,US2Y,Foreign_Equity,-0.05460369,0.133476,36
2023-06-01,US2Y,Foreign_Equity,-0.04376508,0.103092,36
2023-07-01,US2Y,Foreign_Equity,-0.04259405,0.094775,36
2023-08-01,US2Y,Foreign_Equity,-0.03930181,0.083477,36
2023-09-01,US2Y,Foreign_Equity,-0.04072478,0.088292,36
2023-10-01,US2Y,Foreign_Equity,-0.03802812,0.072192,36
2023-11-01,US2Y,Foreign_Equity,-0.03808429,0.08012,36
2023-12-01,US2Y,Foreign_Equity,-0.0431003,0.115398,36
2024-01-01,US2Y,Foreign_Equity,-0.04192848,0.113745,36
2024-02-01,US2Y,Foreign_Equity,-0.03951568,0.099716,36
2024-03-01,US2Y,Foreign_Equity,-0.04006422,0.09985,36
2024-04-01,US2Y,Foreign_Equity,-0.03913324,0.098101,36
2024-05-01,US2Y,Foreign_Equity,-0.03876517,0.096917,36
2024-06-01,US2Y,Foreign_Equity,-0.03669412,0.088988,36
2024-07-01,US2Y,Foreign_Equity,-0.03784553,0.098879,36
2024-08-01,US2Y,Foreign_Equity,-0.03427363,0.094648,36
2024-09-01,US2Y,Foreign_Equity,-0.03642643,0.112684,36
2024-10-01,US2Y,Foreign_Equity,-0.03449387,0.102531,36
2024-11-01,US2Y,Foreign_Equity,-0.03357829,0.098632,36
2024-12-01,US2Y,Foreign_Equity,-0.03219053,0.09129,36
2025-01-01,US2Y,Foreign_Equity,-0.03248743,0.091674,36
2025-02-01,US2Y,Foreign_Equity,-0.03188389,0.085051,36
2025-03-01,US2Y,Foreign_Equity,-0.02587369,0.053362,36
2025-04-01,US2Y,Foreign_Equity,-0.0236627,0.037103,36
2025-05-01,US2Y,Foreign_Equity,-0.02023122,0.028148,36
2025-06-01,US2Y,Foreign_Equity,-0.01584939,0.017111,36
2025-07-01,US2Y,Foreign_Equity,-0.01595479,0.017466,36
2025-08-01,US2Y,Foreign_Equity,-0.01882179,0.025434,36
2025-09-01,US2Y,Foreign_Equity,-0.00199985,0.000288,36
2025-10-01,US2Y,Foreign_Equity,0.00805554,0.004224,36
2025-11-01,US2Y,Foreign_Equity,0.0023421,0.000412,36
2025-12-01,US2Y,Foreign_Equity,0.00192515,0.000271,36
2026-01-01,US2Y,Foreign_Equity,0.00318086,0.000735,36
2026-02-01,US2Y,Foreign_Equity,0.0034556,0.000801,36
2026-03-01,US2Y,Foreign_Equity,-0.01233192,0.010608,36
2026-04-01,US2Y,Foreign_Equity,-0.00916855,0.005687,36
2026-05-01,US2Y,Foreign_Equity,-0.0067499,0.003261,36
2026-06-01,US2Y,Foreign_Equity,-0.01178965,0.008442,36
2026-07-01,US2Y,Foreign_Equity,-0.01558183,0.014604,35
2013-12-01,US2Y,Bond,-0.074662,0.302265,35
2014-01-01,US2Y,Bond,-0.07357896,0.299812,36
2014-02-01,US2Y,Bond,-0.08419342,0.324023,36
2014-03-01,US2Y,Bond,-0.07764234,0.303106,36
2014-04-01,US2Y,Bond,-0.07867866,0.309484,36
2014-05-01,US2Y,Bond,-0.08833419,0.311063,36
2014-06-01,US2Y,Bond,-0.09463858,0.292251,36
2014-07-01,US2Y,Bond,-0.08287505,0.220979,36
2014-08-01,US2Y,Bond,-0.0771482,0.130058,36
2014-09-01,US2Y,Bond,-0.05787842,0.088278,36
2014-10-01,US2Y,Bond,-0.06358405,0.12269,36
2014-11-01,US2Y,Bond,-0.05701271,0.104171,36
2014-12-01,US2Y,Bond,-0.05239341,0.09958,36
2015-01-01,US2Y,Bond,-0.06156379,0.141345,36
2015-02-01,US2Y,Bond,-0.05842353,0.1312,36
2015-03-01,US2Y,Bond,-0.0542666,0.115286,36
2015-04-01,US2Y,Bond,-0.05196059,0.114486,36
2015-05-01,US2Y,Bond,-0.06221536,0.144596,36
2015-06-01,US2Y,Bond,-0.05983714,0.141152,36
2015-07-01,US2Y,Bond,-0.05189267,0.118778,36
2015-08-01,US2Y,Bond,-0.05152738,0.121533,36
2015-09-01,US2Y,Bond,-0.05160415,0.120797,36
2015-10-01,US2Y,Bond,-0.05284903,0.133024,36
2015-11-01,US2Y,Bond,-0.0534859,0.184376,36
2015-12-01,US2Y,Bond,-0.05218095,0.187984,36
2016-01-01,US2Y,Bond,-0.05307881,0.202136,36
2016-02-01,US2Y,Bond,-0.05279951,0.229243,36
2016-03-01,US2Y,Bond,-0.05076914,0.230456,36
2016-04-01,US2Y,Bond,-0.0475463,0.214422,36
2016-05-01,US2Y,Bond,-0.04739748,0.216319,36
2016-06-01,US2Y,Bond,-0.04213089,0.23586,36
2016-07-01,US2Y,Bond,-0.04372115,0.268781,36
2016-08-01,US2Y,Bond,-0.04397673,0.290611,36
2016-09-01,US2Y,Bond,-0.04504661,0.28806,36
2016-10-01,US2Y,Bond,-0.04655749,0.293817,36
2016-11-01,US2Y,Bond,-0.05828089,0.375428,36
2016-12-01,US2Y,Bond,-0.05994795,0.42283,36
2017-01-01,US2Y,Bond,-0.05995752,0.422454,36
2017-02-01,US2Y,Bond,-0.05880861,0.399511,36
2017-03-01,US2Y,Bond,-0.05906216,0.405514,36
2017-04-01,US2Y,Bond,-0.05746734,0.394865,36
2017-05-01,US2Y,Bond,-0.05728544,0.391566,36
2017-06-01,US2Y,Bond,-0.05795428,0.402988,36
2017-07-01,US2Y,Bond,-0.05976921,0.447839,36
2017-08-01,US2Y,Bond,-0.05990229,0.447181,36
2017-09-01,US2Y,Bond,-0.06200538,0.473336,36
2017-10-01,US2Y,Bond,-0.06040069,0.464375,36
2017-11-01,US2Y,Bond,-0.06084384,0.48803,36
2017-12-01,US2Y,Bond,-0.05866864,0.458465,36
2018-01-01,US2Y,Bond,-0.05525562,0.450285,36
2018-02-01,US2Y,Bond,-0.05631192,0.475499,36
2018-03-01,US2Y,Bond,-0.05476037,0.453141,36
2018-04-01,US2Y,Bond,-0.05421272,0.424456,36
2018-05-01,US2Y,Bond,-0.05348525,0.484812,36
2018-06-01,US2Y,Bond,-0.05427416,0.488637,36
2018-07-01,US2Y,Bond,-0.05408041,0.467658,36
2018-08-01,US2Y,Bond,-0.05386543,0.474145,36
2018-09-01,US2Y,Bond,-0.05050128,0.411513,36
2018-10-01,US2Y,Bond,-0.04985028,0.393998,36
2018-11-01,US2Y,Bond,-0.05037745,0.371014,36
2018-12-01,US2Y,Bond,-0.05216028,0.435579,36
2019-01-01,US2Y,Bond,-0.04605148,0.373047,36
2019-02-01,US2Y,Bond,-0.04368479,0.320978,36
2019-03-01,US2Y,Bond,-0.04300585,0.318224,36
2019-04-01,US2Y,Bond,-0.04459489,0.32962,36
2019-05-01,US2Y,Bond,-0.04259442,0.326615,36
2019-06-01,US2Y,Bond,-0.03632653,0.346932,36
2019-07-01,US2Y,Bond,-0.03468567,0.331022,36
2019-08-01,US2Y,Bond,-0.03675364,0.391186,36
2019-09-01,US2Y,Bond,-0.03752046,0.395065,36
2019-10-01,US2Y,Bond,-0.0342808,0.325955,36
2019-11-01,US2Y,Bond,-0.0311698,0.321746,36
2019-12-01,US2Y,Bond,-0.02906771,0.280421,36
2020-01-01,US2Y,Bond,-0.02830699,0.271075,36
2020-02-01,US2Y,Bond,-0.02845725,0.289736,36
2020-03-01,US2Y,Bond,-0.01345487,0.1457,36
2020-04-01,US2Y,Bond,-0.01261248,0.131277,36
2020-05-01,US2Y,Bond,-0.01238053,0.126508,36
2020-06-01,US2Y,Bond,-0.01269468,0.133991,36
2020-07-01,US2Y,Bond,-0.0124321,0.131514,36
2020-08-01,US2Y,Bond,-0.01246711,0.132605,36
2020-09-01,US2Y,Bond,-0.01261876,0.128182,36
2020-10-01,US2Y,Bond,-0.01132805,0.108161,36
2020-11-01,US2Y,Bond,-0.01107408,0.099135,36
2020-12-01,US2Y,Bond,-0.01189786,0.109957,36
2021-01-01,US2Y,Bond,-0.01058969,0.087497,36
2021-02-01,US2Y,Bond,-0.00960379,0.070444,36
2021-03-01,US2Y,Bond,-0.01118127,0.085148,36
2021-04-01,US2Y,Bond,-0.01184965,0.094301,36
2021-05-01,US2Y,Bond,-0.01143228,0.085313,36
2021-06-01,US2Y,Bond,-0.0117541,0.09234,36
2021-07-01,US2Y,Bond,-0.01218881,0.097468,36
2021-08-01,US2Y,Bond,-0.01249129,0.102805,36
2021-09-01,US2Y,Bond,-0.01531468,0.147656,36
2021-10-01,US2Y,Bond,-0.01896254,0.185963,36
2021-11-01,US2Y,Bond,-0.01837958,0.184972,36
2021-12-01,US2Y,Bond,-0.01412532,0.117124,36
2022-01-01,US2Y,Bond,-0.01761589,0.173515,36
2022-02-01,US2Y,Bond,-0.018117,0.209873,36
2022-03-01,US2Y,Bond,-0.01652597,0.202171,36
2022-04-01,US2Y,Bond,-0.02024065,0.305327,36
2022-05-01,US2Y,Bond,-0.02001678,0.300347,36
2022-06-01,US2Y,Bond,-0.02021649,0.295327,36
2022-07-01,US2Y,Bond,-0.0201191,0.246673,36
2022-08-01,US2Y,Bond,-0.01776283,0.204918,36
2022-09-01,US2Y,Bond,-0.02243963,0.297263,36
2022-10-01,US2Y,Bond,-0.02422594,0.351286,36
2022-11-01,US2Y,Bond,-0.02382808,0.292296,36
2022-12-01,US2Y,Bond,-0.02590139,0.31302,36
2023-01-01,US2Y,Bond,-0.0265011,0.319384,36
2023-02-01,US2Y,Bond,-0.02551927,0.298774,36
2023-03-01,US2Y,Bond,-0.03575437,0.39197,36
2023-04-01,US2Y,Bond,-0.03738908,0.427248,36
2023-05-01,US2Y,Bond,-0.03710714,0.420655,36
2023-06-01,US2Y,Bond,-0.03581963,0.420675,36
2023-07-01,US2Y,Bond,-0.03584357,0.417433,36
2023-08-01,US2Y,Bond,-0.03579848,0.410504,36
2023-09-01,US2Y,Bond,-0.03657982,0.425371,36
2023-10-01,US2Y,Bond,-0.03583922,0.393655,36
2023-11-01,US2Y,Bond,-0.03915271,0.434957,36
2023-12-01,US2Y,Bond,-0.04257431,0.507654,36
2024-01-01,US2Y,Bond,-0.04250517,0.514848,36
2024-02-01,US2Y,Bond,-0.04302073,0.527516,36
2024-03-01,US2Y,Bond,-0.04369214,0.549011,36
2024-04-01,US2Y,Bond,-0.04398056,0.554223,36
2024-05-01,US2Y,Bond,-0.04448797,0.566942,36
2024-06-01,US2Y,Bond,-0.04483428,0.576163,36
2024-07-01,US2Y,Bond,-0.0440184,0.579987,36
2024-08-01,US2Y,Bond,-0.04029141,0.558944,36
2024-09-01,US2Y,Bond,-0.03798673,0.53694,36
2024-10-01,US2Y,Bond,-0.03707308,0.549041,36
2024-11-01,US2Y,Bond,-0.03637866,0.533835,36
2024-12-01,US2Y,Bond,-0.0370904,0.548947,36
2025-01-01,US2Y,Bond,-0.03626597,0.541778,36
2025-02-01,US2Y,Bond,-0.03615296,0.527794,36
2025-03-01,US2Y,Bond,-0.03633724,0.523265,36
2025-04-01,US2Y,Bond,-0.03488164,0.479275,36
2025-05-01,US2Y,Bond,-0.03485294,0.480901,36
2025-06-01,US2Y,Bond,-0.03317728,0.442091,36
2025-07-01,US2Y,Bond,-0.03327315,0.47434,36
2025-08-01,US2Y,Bond,-0.03309344,0.470046,36
2025-09-01,US2Y,Bond,-0.02805882,0.371842,36
2025-10-01,US2Y,Bond,-0.0253545,0.29605,36
2025-11-01,US2Y,Bond,-0.02787341,0.352053,36
2025-12-01,US2Y,Bond,-0.02595592,0.336317,36
2026-01-01,US2Y,Bond,-0.02592938,0.336823,36
2026-02-01,US2Y,Bond,-0.02713114,0.339944,36
2026-03-01,US2Y,Bond,-0.02761171,0.353805,36
2026-04-01,US2Y,Bond,-0.02723487,0.338219,36
2026-05-01,US2Y,Bond,-0.0288373,0.351848,36
2026-06-01,US2Y,Bond,-0.03027014,0.337017,36
2026-07-01,US2Y,Bond,-0.03077061,0.3383,35
2013-12-01,US2Y,Gold,-0.10451036,0.029487,35
2014-01-01,US2Y,Gold,-0.117892,0.037184,36
2014-02-01,US2Y,Gold,-0.12331798,0.033611,36
2014-03-01,US2Y,Gold,-0.0875017,0.016717,36
2014-04-01,US2Y,Gold,-0.09384536,0.0194,36
2014-05-01,US2Y,Gold,-0.0455864,0.003696,36
2014-06-01,US2Y,Gold,-0.03820202,0.002099,36
2014-07-01,US2Y,Gold,0.00663653,6.2e-05,36
2014-08-01,US2Y,Gold,0.14206072,0.018022,36
2014-09-01,US2Y,Gold,0.15337154,0.031502,36
2014-10-01,US2Y,Gold,0.17654281,0.049047,36
2014-11-01,US2Y,Gold,0.11104165,0.020853,36
2014-12-01,US2Y,Gold,0.15078364,0.044439,36
2015-01-01,US2Y,Gold,0.10173765,0.023287,36
2015-02-01,US2Y,Gold,0.12225201,0.033126,36
2015-03-01,US2Y,Gold,0.0905738,0.018513,36
2015-04-01,US2Y,Gold,0.05074694,0.006409,36
2015-05-01,US2Y,Gold,0.04461224,0.00513,36
2015-06-01,US2Y,Gold,0.04234713,0.004923,36
2015-07-01,US2Y,Gold,0.05116809,0.007113,36
2015-08-01,US2Y,Gold,0.04109669,0.004245,36
2015-09-01,US2Y,Gold,0.04651404,0.005253,36
2015-10-01,US2Y,Gold,0.02274707,0.001547,36
2015-11-01,US2Y,Gold,-0.00423477,7.6e-05,36
2015-12-01,US2Y,Gold,-0.01986848,0.001693,36
2016-01-01,US2Y,Gold,-0.0402711,0.007082,36
2016-02-01,US2Y,Gold,-0.07981492,0.030806,36
2016-03-01,US2Y,Gold,-0.01663945,0.001176,36
2016-04-01,US2Y,Gold,-0.01526986,0.001052,36
2016-05-01,US2Y,Gold,-0.00724187,0.000243,36
2016-06-01,US2Y,Gold,0.02503735,0.002953,36
2016-07-01,US2Y,Gold,-0.00588936,0.00014,36
2016-08-01,US2Y,Gold,-0.00507491,0.000108,36
2016-09-01,US2Y,Gold,-0.01101188,0.000525,36
2016-10-01,US2Y,Gold,-0.02246439,0.002085,36
2016-11-01,US2Y,Gold,-0.01971599,0.001689,36
2016-12-01,US2Y,Gold,-0.07593018,0.025269,36
2017-01-01,US2Y,Gold,-0.07238875,0.023521,36
2017-02-01,US2Y,Gold,-0.07241133,0.022792,36
2017-03-01,US2Y,Gold,-0.06989751,0.021962,36
2017-04-01,US2Y,Gold,-0.07029143,0.023048,36
2017-05-01,US2Y,Gold,-0.07588189,0.027001,36
2017-06-01,US2Y,Gold,-0.07032213,0.023459,36
2017-07-01,US2Y,Gold,-0.07804586,0.029402,36
2017-08-01,US2Y,Gold,-0.08781589,0.036451,36
2017-09-01,US2Y,Gold,-0.07999311,0.02861,36
2017-10-01,US2Y,Gold,-0.12769589,0.071713,36
2017-11-01,US2Y,Gold,-0.11605793,0.063605,36
2017-12-01,US2Y,Gold,-0.12568998,0.077008,36
2018-01-01,US2Y,Gold,-0.10205251,0.05077,36
2018-02-01,US2Y,Gold,-0.10076812,0.052104,36
2018-03-01,US2Y,Gold,-0.10365149,0.057589,36
2018-04-01,US2Y,Gold,-0.10802489,0.059086,36
2018-05-01,US2Y,Gold,-0.11014209,0.062402,36
2018-06-01,US2Y,Gold,-0.10811019,0.060051,36
2018-07-01,US2Y,Gold,-0.11617436,0.067373,36
2018-08-01,US2Y,Gold,-0.11909478,0.07551,36
2018-09-01,US2Y,Gold,-0.1175816,0.075402,36
2018-10-01,US2Y,Gold,-0.11961348,0.074445,36
2018-11-01,US2Y,Gold,-0.11652233,0.06468,36
2018-12-01,US2Y,Gold,-0.09631231,0.054139,36
2019-01-01,US2Y,Gold,-0.09849139,0.05939,36
2019-02-01,US2Y,Gold,-0.08984838,0.044805,36
2019-03-01,US2Y,Gold,-0.10903821,0.078601,36
2019-04-01,US2Y,Gold,-0.11910066,0.091107,36
2019-05-01,US2Y,Gold,-0.1054649,0.08105,36
2019-06-01,US2Y,Gold,-0.11476406,0.149327,36
2019-07-01,US2Y,Gold,-0.09697402,0.134201,36
2019-08-01,US2Y,Gold,-0.11255671,0.192241,36
2019-09-01,US2Y,Gold,-0.109177,0.179,36
2019-10-01,US2Y,Gold,-0.09697277,0.152115,36
2019-11-01,US2Y,Gold,-0.10162803,0.163635,36
2019-12-01,US2Y,Gold,-0.07134004,0.102261,36
2020-01-01,US2Y,Gold,-0.07571543,0.113463,36
2020-02-01,US2Y,Gold,-0.07545269,0.122579,36
2020-03-01,US2Y,Gold,-0.06101707,0.17157,36
2020-04-01,US2Y,Gold,-0.05526722,0.141346,36
2020-05-01,US2Y,Gold,-0.05533559,0.131319,36
2020-06-01,US2Y,Gold,-0.05650853,0.138167,36
2020-07-01,US2Y,Gold,-0.05427359,0.137392,36
2020-08-01,US2Y,Gold,-0.05217492,0.084282,36
2020-09-01,US2Y,Gold,-0.05562041,0.095874,36
2020-10-01,US2Y,Gold,-0.04872797,0.076504,36
2020-11-01,US2Y,Gold,-0.0487997,0.074946,36
2020-12-01,US2Y,Gold,-0.04797052,0.064748,36
2021-01-01,US2Y,Gold,-0.05477425,0.078465,36
2021-02-01,US2Y,Gold,-0.05817781,0.079434,36
2021-03-01,US2Y,Gold,-0.06332891,0.084888,36
2021-04-01,US2Y,Gold,-0.06373596,0.084356,36
2021-05-01,US2Y,Gold,-0.05925882,0.070632,36
2021-06-01,US2Y,Gold,-0.05401178,0.057958,36
2021-07-01,US2Y,Gold,-0.05321404,0.054382,36
2021-08-01,US2Y,Gold,-0.05077132,0.050481,36
2021-09-01,US2Y,Gold,-0.04737378,0.043299,36
2021-10-01,US2Y,Gold,-0.05331964,0.054447,36
2021-11-01,US2Y,Gold,-0.05163929,0.052602,36
2021-12-01,US2Y,Gold,-0.05278451,0.056692,36
2022-01-01,US2Y,Gold,-0.04599276,0.047805,36
2022-02-01,US2Y,Gold,-0.04220701,0.048236,36
2022-03-01,US2Y,Gold,-0.02114247,0.013382,36
2022-04-01,US2Y,Gold,-0.01994344,0.014652,36
2022-05-01,US2Y,Gold,-0.02279,0.018576,36
2022-06-01,US2Y,Gold,-0.02161073,0.016378,36
2022-07-01,US2Y,Gold,-0.02174858,0.016024,36
2022-08-01,US2Y,Gold,-0.01362529,0.006412,36
2022-09-01,US2Y,Gold,-0.02185713,0.018746,36
2022-10-01,US2Y,Gold,-0.02412865,0.024852,36
2022-11-01,US2Y,Gold,-0.02472185,0.025633,36
2022-12-01,US2Y,Gold,-0.03304272,0.043107,36
2023-01-01,US2Y,Gold,-0.03271727,0.04237,36
2023-02-01,US2Y,Gold,-0.02814357,0.03084,36
2023-03-01,US2Y,Gold,-0.0085174,0.001863,36
2023-04-01,US2Y,Gold,-0.03313825,0.0259,36
2023-05-01,US2Y,Gold,-0.02891013,0.020139,36
2023-06-01,US2Y,Gold,-0.03270552,0.027643,36
2023-07-01,US2Y,Gold,-0.03118639,0.024906,36
2023-08-01,US2Y,Gold,-0.02142532,0.015613,36
2023-09-01,US2Y,Gold,-0.02409458,0.019821,36
2023-10-01,US2Y,Gold,-0.02330741,0.017812,36
2023-11-01,US2Y,Gold,-0.03720008,0.041682,36
2023-12-01,US2Y,Gold,-0.04010694,0.058157,36
2024-01-01,US2Y,Gold,-0.0369931,0.053271,36
2024-02-01,US2Y,Gold,-0.04082254,0.067767,36
2024-03-01,US2Y,Gold,-0.04527233,0.085941,36
2024-04-01,US2Y,Gold,-0.04071223,0.065832,36
2024-05-01,US2Y,Gold,-0.03912395,0.061861,36
2024-06-01,US2Y,Gold,-0.03738456,0.059533,36
2024-07-01,US2Y,Gold,-0.03696646,0.064558,36
2024-08-01,US2Y,Gold,-0.03666035,0.073702,36
2024-09-01,US2Y,Gold,-0.03863978,0.086317,36
2024-10-01,US2Y,Gold,-0.03293514,0.062824,36
2024-11-01,US2Y,Gold,-0.03204416,0.060091,36
2024-12-01,US2Y,Gold,-0.03007588,0.05213,36
2025-01-01,US2Y,Gold,-0.03039672,0.052554,36
2025-02-01,US2Y,Gold,-0.03406826,0.055823,36
2025-03-01,US2Y,Gold,-0.04493364,0.099011,36
2025-04-01,US2Y,Gold,-0.05409124,0.119024,36
2025-05-01,US2Y,Gold,-0.05200645,0.113016,36
2025-06-01,US2Y,Gold,-0.04991481,0.100674,36
2025-07-01,US2Y,Gold,-0.0489104,0.102883,36
2025-08-01,US2Y,Gold,-0.04807744,0.099685,36
2025-09-01,US2Y,Gold,-0.04279194,0.068779,36
2025-10-01,US2Y,Gold,-0.04230812,0.051563,36
2025-11-01,US2Y,Gold,-0.0384774,0.044371,36
2025-12-01,US2Y,Gold,-0.03347123,0.034698,36
2026-01-01,US2Y,Gold,-0.03132117,0.028955,36
2026-02-01,US2Y,Gold,-0.03632998,0.036067,36
2026-03-01,US2Y,Gold,-0.05127544,0.077215,36
2026-04-01,US2Y,Gold,-0.04538475,0.059821,36
2026-05-01,US2Y,Gold,-0.04681158,0.064277,36
2026-06-01,US2Y,Gold,-0.04356471,0.045012,36
2026-07-01,US2Y,Gold,-0.04948794,0.045577,36
2013-12-01,US_REAL10Y,Domestic_Equity,0.02418533,0.01471,35
2014-01-01,US_REAL10Y,Domestic_Equity,0.02555235,0.016432,36
2014-02-01,US_REAL10Y,Domestic_Equity,0.03274832,0.026966,36
2014-03-01,US_REAL10Y,Domestic_Equity,0.0334516,0.026449,36
2014-04-01,US_REAL10Y,Domestic_Equity,0.03990043,0.042442,36
2014-05-01,US_REAL10Y,Domestic_Equity,0.0383522,0.040085,36
2014-06-01,US_REAL10Y,Domestic_Equity,0.03821364,0.040266,36
2014-07-01,US_REAL10Y,Domestic_Equity,0.04184958,0.049209,36
2014-08-01,US_REAL10Y,Domestic_Equity,-0.0209737,0.01769,36
2014-09-01,US_REAL10Y,Domestic_Equity,-0.02590977,0.030926,36
2014-10-01,US_REAL10Y,Domestic_Equity,-0.0226469,0.021023,36
2014-11-01,US_REAL10Y,Domestic_Equity,-0.01924623,0.014778,36
2014-12-01,US_REAL10Y,Domestic_Equity,-0.01982982,0.015604,36
2015-01-01,US_REAL10Y,Domestic_Equity,-0.01385383,0.008156,36
2015-02-01,US_REAL10Y,Domestic_Equity,-0.00540354,0.00138,36
2015-03-01,US_REAL10Y,Domestic_Equity,-0.00635403,0.001833,36
2015-04-01,US_REAL10Y,Domestic_Equity,-0.01752788,0.01327,36
2015-05-01,US_REAL10Y,Domestic_Equity,-0.0245956,0.031755,36
2015-06-01,US_REAL10Y,Domestic_Equity,-0.03404789,0.059491,36
2015-07-01,US_REAL10Y,Domestic_Equity,-0.03632516,0.06718,36
2015-08-01,US_REAL10Y,Domestic_Equity,-0.03680174,0.067695,36
2015-09-01,US_REAL10Y,Domestic_Equity,-0.03462245,0.059782,36
2015-10-01,US_REAL10Y,Domestic_Equity,-0.04007443,0.07437,36
2015-11-01,US_REAL10Y,Domestic_Equity,-0.04208986,0.084253,36
2015-12-01,US_REAL10Y,Domestic_Equity,-0.04091559,0.083755,36
2016-01-01,US_REAL10Y,Domestic_Equity,-0.03781813,0.06659,36
2016-02-01,US_REAL10Y,Domestic_Equity,-0.03659937,0.065919,36
2016-03-01,US_REAL10Y,Domestic_Equity,-0.04125771,0.080266,36
2016-04-01,US_REAL10Y,Domestic_Equity,-0.04427555,0.097407,36
2016-05-01,US_REAL10Y,Domestic_Equity,-0.05256759,0.128303,36
2016-06-01,US_REAL10Y,Domestic_Equity,-0.03989432,0.051177,36
2016-07-01,US_REAL10Y,Domestic_Equity,-0.04045581,0.049848,36
2016-08-01,US_REAL10Y,Domestic_Equity,-0.04140516,0.051379,36
2016-09-01,US_REAL10Y,Domestic_Equity,-0.05266987,0.091051,36
2016-10-01,US_REAL10Y,Domestic_Equity,-0.04926972,0.07453,36
2016-11-01,US_REAL10Y,Domestic_Equity,-0.05529708,0.096644,36
2016-12-01,US_REAL10Y,Domestic_Equity,-0.04095671,0.054236,36
2017-01-01,US_REAL10Y,Domestic_Equity,-0.04886418,0.078491,36
2017-02-01,US_REAL10Y,Domestic_Equity,-0.05064098,0.083607,36
2017-03-01,US_REAL10Y,Domestic_Equity,-0.04642695,0.069459,36
2017-04-01,US_REAL10Y,Domestic_Equity,-0.04678435,0.072481,36
2017-05-01,US_REAL10Y,Domestic_Equity,-0.04169406,0.046776,36
2017-06-01,US_REAL10Y,Domestic_Equity,-0.04237732,0.046263,36
2017-07-01,US_REAL10Y,Domestic_Equity,-0.03934407,0.039602,36
2017-08-01,US_REAL10Y,Domestic_Equity,-0.0319316,0.026286,36
2017-09-01,US_REAL10Y,Domestic_Equity,-0.0288851,0.019654,36
2017-10-01,US_REAL10Y,Domestic_Equity,-0.02889816,0.021981,36
2017-11-01,US_REAL10Y,Domestic_Equity,-0.02929013,0.021801,36
2017-12-01,US_REAL10Y,Domestic_Equity,-0.02754942,0.018398,36
2018-01-01,US_REAL10Y,Domestic_Equity,-0.03925899,0.033416,36
2018-02-01,US_REAL10Y,Domestic_Equity,-0.0515541,0.059252,36
2018-03-01,US_REAL10Y,Domestic_Equity,-0.05172896,0.060802,36
2018-04-01,US_REAL10Y,Domestic_Equity,-0.03724418,0.031104,36
2018-05-01,US_REAL10Y,Domestic_Equity,-0.04222581,0.035859,36
2018-06-01,US_REAL10Y,Domestic_Equity,-0.02774435,0.014678,36
2018-07-01,US_REAL10Y,Domestic_Equity,-0.02413217,0.009836,36
2018-08-01,US_REAL10Y,Domestic_Equity,-0.01707441,0.005597,36
2018-09-01,US_REAL10Y,Domestic_Equity,-0.01278294,0.00315,36
2018-10-01,US_REAL10Y,Domestic_Equity,-0.02892362,0.014498,36
2018-11-01,US_REAL10Y,Domestic_Equity,-0.032895,0.017283,36
2018-12-01,US_REAL10Y,Domestic_Equity,-0.02858659,0.0135,36
2019-01-01,US_REAL10Y,Domestic_Equity,-0.03792504,0.025664,36
2019-02-01,US_REAL10Y,Domestic_Equity,-0.05717038,0.049516,36
2019-03-01,US_REAL10Y,Domestic_Equity,-0.03549106,0.019631,36
2019-04-01,US_REAL10Y,Domestic_Equity,-0.03775858,0.020778,36
2019-05-01,US_REAL10Y,Domestic_Equity,-0.03116433,0.012832,36
2019-06-01,US_REAL10Y,Domestic_Equity,-0.02828796,0.011741,36
2019-07-01,US_REAL10Y,Domestic_Equity,-0.02335285,0.00771,36
2019-08-01,US_REAL10Y,Domestic_Equity,0.01656453,0.004015,36
2019-09-01,US_REAL10Y,Domestic_Equity,0.02426199,0.008004,36
2019-10-01,US_REAL10Y,Domestic_Equity,0.0248298,0.008388,36
2019-11-01,US_REAL10Y,Domestic_Equity,0.04394695,0.023532,36
2019-12-01,US_REAL10Y,Domestic_Equity,0.03864043,0.015706,36
2020-01-01,US_REAL10Y,Domestic_Equity,0.04035988,0.016623,36
2020-02-01,US_REAL10Y,Domestic_Equity,0.04580354,0.02232,36
2020-03-01,US_REAL10Y,Domestic_Equity,0.03705251,0.007698,36
2020-04-01,US_REAL10Y,Domestic_Equity,0.00424247,0.000123,36
2020-05-01,US_REAL10Y,Domestic_Equity,-0.00596176,0.000239,36
2020-06-01,US_REAL10Y,Domestic_Equity,-0.02217879,0.003031,36
2020-07-01,US_REAL10Y,Domestic_Equity,-0.04017181,0.010982,36
2020-08-01,US_REAL10Y,Domestic_Equity,-0.06147759,0.024775,36
2020-09-01,US_REAL10Y,Domestic_Equity,-0.06017184,0.02392,36
2020-10-01,US_REAL10Y,Domestic_Equity,-0.07577761,0.03717,36
2020-11-01,US_REAL10Y,Domestic_Equity,-0.06179509,0.0244,36
2020-12-01,US_REAL10Y,Domestic_Equity,-0.07808941,0.0355,36
2021-01-01,US_REAL10Y,Domestic_Equity,-0.07686007,0.030093,36
2021-02-01,US_REAL10Y,Domestic_Equity,-0.06385858,0.018866,36
2021-03-01,US_REAL10Y,Domestic_Equity,-0.06840064,0.025716,36
2021-04-01,US_REAL10Y,Domestic_Equity,-0.06891466,0.025738,36
2021-05-01,US_REAL10Y,Domestic_Equity,-0.06738237,0.024095,36
2021-06-01,US_REAL10Y,Domestic_Equity,-0.06422919,0.022309,36
2021-07-01,US_REAL10Y,Domestic_Equity,-0.05609811,0.018242,36
2021-08-01,US_REAL10Y,Domestic_Equity,-0.05455668,0.016935,36
2021-09-01,US_REAL10Y,Domestic_Equity,-0.0611251,0.021256,36
2021-10-01,US_REAL10Y,Domestic_Equity,-0.04381652,0.010357,36
2021-11-01,US_REAL10Y,Domestic_Equity,-0.03085294,0.005105,36
2021-12-01,US_REAL10Y,Domestic_Equity,-0.03192523,0.005652,36
2022-01-01,US_REAL10Y,Domestic_Equity,-0.05555518,0.020394,36
2022-02-01,US_REAL10Y,Domestic_Equity,-0.0649385,0.029119,36
2022-03-01,US_REAL10Y,Domestic_Equity,-0.0639334,0.029042,36
2022-04-01,US_REAL10Y,Domestic_Equity,-0.04381048,0.020922,36
2022-05-01,US_REAL10Y,Domestic_Equity,-0.0500824,0.031512,36
2022-06-01,US_REAL10Y,Domestic_Equity,-0.06312116,0.050926,36
2022-07-01,US_REAL10Y,Domestic_Equity,-0.06396894,0.050561,36
2022-08-01,US_REAL10Y,Domestic_Equity,-0.08877915,0.096168,36
2022-09-01,US_REAL10Y,Domestic_Equity,-0.09003021,0.139525,36
2022-10-01,US_REAL10Y,Domestic_Equity,-0.09324329,0.160251,36
2022-11-01,US_REAL10Y,Domestic_Equity,-0.09701848,0.165191,36
2022-12-01,US_REAL10Y,Domestic_Equity,-0.09211183,0.150332,36
2023-01-01,US_REAL10Y,Domestic_Equity,-0.0909485,0.146669,36
2023-02-01,US_REAL10Y,Domestic_Equity,-0.09315393,0.150891,36
2023-03-01,US_REAL10Y,Domestic_Equity,-0.09679287,0.232902,36
2023-04-01,US_REAL10Y,Domestic_Equity,-0.09997558,0.235232,36
2023-05-01,US_REAL10Y,Domestic_Equity,-0.09881849,0.238535,36
2023-06-01,US_REAL10Y,Domestic_Equity,-0.09061444,0.217547,36
2023-07-01,US_REAL10Y,Domestic_Equity,-0.09245286,0.212553,36
2023-08-01,US_REAL10Y,Domestic_Equity,-0.08609251,0.191733,36
2023-09-01,US_REAL10Y,Domestic_Equity,-0.08626239,0.193617,36
2023-10-01,US_REAL10Y,Domestic_Equity,-0.09147256,0.217515,36
2023-11-01,US_REAL10Y,Domestic_Equity,-0.09064345,0.235532,36
2023-12-01,US_REAL10Y,Domestic_Equity,-0.08179326,0.240335,36
2024-01-01,US_REAL10Y,Domestic_Equity,-0.07510198,0.269297,36
2024-02-01,US_REAL10Y,Domestic_Equity,-0.07356135,0.246944,36
2024-03-01,US_REAL10Y,Domestic_Equity,-0.07439406,0.246557,36
2024-04-01,US_REAL10Y,Domestic_Equity,-0.07128077,0.239969,36
2024-05-01,US_REAL10Y,Domestic_Equity,-0.07294118,0.244567,36
2024-06-01,US_REAL10Y,Domestic_Equity,-0.07256696,0.250271,36
2024-07-01,US_REAL10Y,Domestic_Equity,-0.07624801,0.265105,36
2024-08-01,US_REAL10Y,Domestic_Equity,-0.06735281,0.201811,36
2024-09-01,US_REAL10Y,Domestic_Equity,-0.06399337,0.185426,36
2024-10-01,US_REAL10Y,Domestic_Equity,-0.06453646,0.197978,36
2024-11-01,US_REAL10Y,Domestic_Equity,-0.06763144,0.211027,36
2024-12-01,US_REAL10Y,Domestic_Equity,-0.06726497,0.207554,36
2025-01-01,US_REAL10Y,Domestic_Equity,-0.06354259,0.184212,36
2025-02-01,US_REAL10Y,Domestic_Equity,-0.0635505,0.195622,36
2025-03-01,US_REAL10Y,Domestic_Equity,-0.06636216,0.208319,36
2025-04-01,US_REAL10Y,Domestic_Equity,-0.07798075,0.240619,36
2025-05-01,US_REAL10Y,Domestic_Equity,-0.07694016,0.210616,36
2025-06-01,US_REAL10Y,Domestic_Equity,-0.07600023,0.159162,36
2025-07-01,US_REAL10Y,Domestic_Equity,-0.08252168,0.183109,36
2025-08-01,US_REAL10Y,Domestic_Equity,-0.07768542,0.166767,36
2025-09-01,US_REAL10Y,Domestic_Equity,-0.07498978,0.112947,36
2025-10-01,US_REAL10Y,Domestic_Equity,-0.06186702,0.056083,36
2025-11-01,US_REAL10Y,Domestic_Equity,-0.05246894,0.041588,36
2025-12-01,US_REAL10Y,Domestic_Equity,-0.06155165,0.057186,36
2026-01-01,US_REAL10Y,Domestic_Equity,-0.06446756,0.045466,36
2026-02-01,US_REAL10Y,Domestic_Equity,-0.08259597,0.060014,36
2026-03-01,US_REAL10Y,Domestic_Equity,-0.0873405,0.06776,36
2026-04-01,US_REAL10Y,Domestic_Equity,-0.0859732,0.060698,36
2026-05-01,US_REAL10Y,Domestic_Equity,-0.06074289,0.019981,36
2026-06-01,US_REAL10Y,Domestic_Equity,-0.04936766,0.012474,36
2026-07-01,US_REAL10Y,Domestic_Equity,-0.04791855,0.011843,35
2013-12-01,US_REAL10Y,Foreign_Equity,0.05747106,0.115274,35
2014-01-01,US_REAL10Y,Foreign_Equity,0.0568034,0.113528,36
2014-02-01,US_REAL10Y,Foreign_Equity,0.05464245,0.103791,36
2014-03-01,US_REAL10Y,Foreign_Equity,0.05421283,0.096209,36
2014-04-01,US_REAL10Y,Foreign_Equity,0.05599872,0.102778,36
2014-05-01,US_REAL10Y,Foreign_Equity,0.05320947,0.094982,36
2014-06-01,US_REAL10Y,Foreign_Equity,0.05301735,0.099332,36
2014-07-01,US_REAL10Y,Foreign_Equity,0.05529716,0.107732,36
2014-08-01,US_REAL10Y,Foreign_Equity,0.00326706,0.000575,36
2014-09-01,US_REAL10Y,Foreign_Equity,-0.00085698,4.7e-05,36
2014-10-01,US_REAL10Y,Foreign_Equity,0.00317825,0.000544,36
2014-11-01,US_REAL10Y,Foreign_Equity,0.00533612,0.001393,36
2014-12-01,US_REAL10Y,Foreign_Equity,0.00427755,0.000877,36
2015-01-01,US_REAL10Y,Foreign_Equity,0.01334137,0.009323,36
2015-02-01,US_REAL10Y,Foreign_Equity,0.01929189,0.020165,36
2015-03-01,US_REAL10Y,Foreign_Equity,0.01906646,0.019295,36
2015-04-01,US_REAL10Y,Foreign_Equity,0.01480489,0.012488,36
2015-05-01,US_REAL10Y,Foreign_Equity,0.00562822,0.002232,36
2015-06-01,US_REAL10Y,Foreign_Equity,-0.00338076,0.000819,36
2015-07-01,US_REAL10Y,Foreign_Equity,-0.00017204,2e-06,36
2015-08-01,US_REAL10Y,Foreign_Equity,-0.00084545,4.6e-05,36
2015-09-01,US_REAL10Y,Foreign_Equity,-0.00032251,5e-06,36
2015-10-01,US_REAL10Y,Foreign_Equity,-0.00450324,0.00101,36
2015-11-01,US_REAL10Y,Foreign_Equity,-0.00581458,0.00175,36
2015-12-01,US_REAL10Y,Foreign_Equity,-0.00503267,0.001292,36
2016-01-01,US_REAL10Y,Foreign_Equity,-0.00250363,0.00027,36
2016-02-01,US_REAL10Y,Foreign_Equity,0.0005706,1.5e-05,36
2016-03-01,US_REAL10Y,Foreign_Equity,-0.00882843,0.003075,36
2016-04-01,US_REAL10Y,Foreign_Equity,-0.01255884,0.006223,36
2016-05-01,US_REAL10Y,Foreign_Equity,-0.02323359,0.02075,36
2016-06-01,US_REAL10Y,Foreign_Equity,-0.00921113,0.002111,36
2016-07-01,US_REAL10Y,Foreign_Equity,-0.02295135,0.01245,36
2016-08-01,US_REAL10Y,Foreign_Equity,-0.0227019,0.01202,36
2016-09-01,US_REAL10Y,Foreign_Equity,-0.02630554,0.01573,36
2016-10-01,US_REAL10Y,Foreign_Equity,-0.01998218,0.008366,36
2016-11-01,US_REAL10Y,Foreign_Equity,-0.0219881,0.011104,36
2016-12-01,US_REAL10Y,Foreign_Equity,-0.00562017,0.000712,36
2017-01-01,US_REAL10Y,Foreign_Equity,-0.00635876,0.000922,36
2017-02-01,US_REAL10Y,Foreign_Equity,-0.00809712,0.001473,36
2017-03-01,US_REAL10Y,Foreign_Equity,-0.00771468,0.001377,36
2017-04-01,US_REAL10Y,Foreign_Equity,-0.00611822,0.000879,36
2017-05-01,US_REAL10Y,Foreign_Equity,-0.00219014,0.000109,36
2017-06-01,US_REAL10Y,Foreign_Equity,-0.00234991,0.000127,36
2017-07-01,US_REAL10Y,Foreign_Equity,-0.00017839,1e-06,36
2017-08-01,US_REAL10Y,Foreign_Equity,-0.0009599,2.2e-05,36
2017-09-01,US_REAL10Y,Foreign_Equity,-0.00528227,0.000591,36
2017-10-01,US_REAL10Y,Foreign_Equity,-0.00714613,0.001185,36
2017-11-01,US_REAL10Y,Foreign_Equity,-0.01212895,0.003618,36
2017-12-01,US_REAL10Y,Foreign_Equity,-0.01076515,0.002787,36
2018-01-01,US_REAL10Y,Foreign_Equity,-0.01874626,0.007148,36
2018-02-01,US_REAL10Y,Foreign_Equity,-0.03426823,0.024558,36
2018-03-01,US_REAL10Y,Foreign_Equity,-0.0333636,0.023138,36
2018-04-01,US_REAL10Y,Foreign_Equity,-0.0307432,0.017902,36
2018-05-01,US_REAL10Y,Foreign_Equity,-0.03437607,0.02007,36
2018-06-01,US_REAL10Y,Foreign_Equity,-0.02959152,0.014248,36
2018-07-01,US_REAL10Y,Foreign_Equity,-0.03014158,0.015021,36
2018-08-01,US_REAL10Y,Foreign_Equity,-0.02523411,0.010999,36
2018-09-01,US_REAL10Y,Foreign_Equity,-0.01179405,0.00289,36
2018-10-01,US_REAL10Y,Foreign_Equity,-0.02177686,0.009598,36
2018-11-01,US_REAL10Y,Foreign_Equity,-0.02657461,0.013704,36
2018-12-01,US_REAL10Y,Foreign_Equity,-0.00858438,0.00126,36
2019-01-01,US_REAL10Y,Foreign_Equity,-0.02451834,0.013116,36
2019-02-01,US_REAL10Y,Foreign_Equity,-0.05156834,0.049322,36
2019-03-01,US_REAL10Y,Foreign_Equity,-0.0304066,0.020882,36
2019-04-01,US_REAL10Y,Foreign_Equity,-0.02596234,0.014569,36
2019-05-01,US_REAL10Y,Foreign_Equity,-0.02284877,0.010926,36
2019-06-01,US_REAL10Y,Foreign_Equity,-0.02394104,0.013282,36
2019-07-01,US_REAL10Y,Foreign_Equity,-0.02169061,0.010485,36
2019-08-01,US_REAL10Y,Foreign_Equity,0.00848967,0.001691,36
2019-09-01,US_REAL10Y,Foreign_Equity,0.01289498,0.003856,36
2019-10-01,US_REAL10Y,Foreign_Equity,0.01134258,0.003024,36
2019-11-01,US_REAL10Y,Foreign_Equity,0.01327831,0.003552,36
2019-12-01,US_REAL10Y,Foreign_Equity,-0.00806619,0.001174,36
2020-01-01,US_REAL10Y,Foreign_Equity,-0.00949009,0.001577,36
2020-02-01,US_REAL10Y,Foreign_Equity,-0.00039816,3e-06,36
2020-03-01,US_REAL10Y,Foreign_Equity,-0.00535384,0.00015,36
2020-04-01,US_REAL10Y,Foreign_Equity,-0.0146013,0.001383,36
2020-05-01,US_REAL10Y,Foreign_Equity,-0.01443351,0.001298,36
2020-06-01,US_REAL10Y,Foreign_Equity,-0.02616361,0.004047,36
2020-07-01,US_REAL10Y,Foreign_Equity,-0.0335011,0.007373,36
2020-08-01,US_REAL10Y,Foreign_Equity,-0.04582928,0.013796,36
2020-09-01,US_REAL10Y,Foreign_Equity,-0.04628071,0.014202,36
2020-10-01,US_REAL10Y,Foreign_Equity,-0.05307002,0.018079,36
2020-11-01,US_REAL10Y,Foreign_Equity,-0.0396007,0.009966,36
2020-12-01,US_REAL10Y,Foreign_Equity,-0.04936294,0.015452,36
2021-01-01,US_REAL10Y,Foreign_Equity,-0.05504639,0.019173,36
2021-02-01,US_REAL10Y,Foreign_Equity,-0.03111332,0.005578,36
2021-03-01,US_REAL10Y,Foreign_Equity,-0.01834944,0.002328,36
2021-04-01,US_REAL10Y,Foreign_Equity,-0.01820243,0.002269,36
2021-05-01,US_REAL10Y,Foreign_Equity,-0.02076755,0.002886,36
2021-06-01,US_REAL10Y,Foreign_Equity,-0.02024338,0.002773,36
2021-07-01,US_REAL10Y,Foreign_Equity,-0.01661651,0.001933,36
2021-08-01,US_REAL10Y,Foreign_Equity,-0.01760781,0.002152,36
2021-09-01,US_REAL10Y,Foreign_Equity,-0.02225421,0.003442,36
2021-10-01,US_REAL10Y,Foreign_Equity,-0.00390237,0.000101,36
2021-11-01,US_REAL10Y,Foreign_Equity,0.00147895,1.4e-05,36
2021-12-01,US_REAL10Y,Foreign_Equity,-0.0094442,0.000632,36
2022-01-01,US_REAL10Y,Foreign_Equity,-0.01030182,0.000926,36
2022-02-01,US_REAL10Y,Foreign_Equity,-0.01315365,0.001625,36
2022-03-01,US_REAL10Y,Foreign_Equity,-0.00730856,0.00051,36
2022-04-01,US_REAL10Y,Foreign_Equity,-0.00654077,0.000627,36
2022-05-01,US_REAL10Y,Foreign_Equity,-0.02649982,0.011004,36
2022-06-01,US_REAL10Y,Foreign_Equity,-0.03387176,0.018606,36
2022-07-01,US_REAL10Y,Foreign_Equity,-0.03274537,0.017345,36
2022-08-01,US_REAL10Y,Foreign_Equity,-0.05043037,0.039503,36
2022-09-01,US_REAL10Y,Foreign_Equity,-0.06447608,0.088331,36
2022-10-01,US_REAL10Y,Foreign_Equity,-0.06454786,0.096512,36
2022-11-01,US_REAL10Y,Foreign_Equity,-0.06793764,0.102408,36
2022-12-01,US_REAL10Y,Foreign_Equity,-0.06653224,0.100249,36
2023-01-01,US_REAL10Y,Foreign_Equity,-0.06699548,0.100932,36
2023-02-01,US_REAL10Y,Foreign_Equity,-0.06999593,0.109126,36
2023-03-01,US_REAL10Y,Foreign_Equity,-0.07323246,0.273428,36
2023-04-01,US_REAL10Y,Foreign_Equity,-0.07847892,0.296133,36
2023-05-01,US_REAL10Y,Foreign_Equity,-0.07920036,0.303779,36
2023-06-01,US_REAL10Y,Foreign_Equity,-0.07302769,0.285358,36
2023-07-01,US_REAL10Y,Foreign_Equity,-0.07660492,0.28789,36
2023-08-01,US_REAL10Y,Foreign_Equity,-0.07357817,0.270833,36
2023-09-01,US_REAL10Y,Foreign_Equity,-0.07473972,0.280741,36
2023-10-01,US_REAL10Y,Foreign_Equity,-0.07873205,0.306753,36
2023-11-01,US_REAL10Y,Foreign_Equity,-0.07940608,0.344892,36
2023-12-01,US_REAL10Y,Foreign_Equity,-0.08003218,0.370902,36
2024-01-01,US_REAL10Y,Foreign_Equity,-0.07919301,0.370864,36
2024-02-01,US_REAL10Y,Foreign_Equity,-0.07819959,0.358681,36
2024-03-01,US_REAL10Y,Foreign_Equity,-0.08212225,0.381483,36
2024-04-01,US_REAL10Y,Foreign_Equity,-0.08070815,0.380581,36
2024-05-01,US_REAL10Y,Foreign_Equity,-0.08089509,0.376341,36
2024-06-01,US_REAL10Y,Foreign_Equity,-0.07877225,0.362463,36
2024-07-01,US_REAL10Y,Foreign_Equity,-0.08301668,0.389619,36
2024-08-01,US_REAL10Y,Foreign_Equity,-0.08114098,0.384342,36
2024-09-01,US_REAL10Y,Foreign_Equity,-0.08197769,0.395094,36
2024-10-01,US_REAL10Y,Foreign_Equity,-0.08051666,0.380847,36
2024-11-01,US_REAL10Y,Foreign_Equity,-0.07913188,0.366068,36
2024-12-01,US_REAL10Y,Foreign_Equity,-0.07904665,0.366443,36
2025-01-01,US_REAL10Y,Foreign_Equity,-0.08098741,0.37592,36
2025-02-01,US_REAL10Y,Foreign_Equity,-0.08007051,0.38089,36
2025-03-01,US_REAL10Y,Foreign_Equity,-0.08213202,0.381313,36
2025-04-01,US_REAL10Y,Foreign_Equity,-0.09493512,0.409632,36
2025-05-01,US_REAL10Y,Foreign_Equity,-0.08794305,0.345815,36
2025-06-01,US_REAL10Y,Foreign_Equity,-0.08556783,0.325856,36
2025-07-01,US_REAL10Y,Foreign_Equity,-0.08704257,0.342292,36
2025-08-01,US_REAL10Y,Foreign_Equity,-0.08252998,0.320992,36
2025-09-01,US_REAL10Y,Foreign_Equity,-0.07440084,0.212272,36
2025-10-01,US_REAL10Y,Foreign_Equity,-0.07322243,0.177742,36
2025-11-01,US_REAL10Y,Foreign_Equity,-0.06913655,0.184402,36
2025-12-01,US_REAL10Y,Foreign_Equity,-0.07069875,0.185907,36
2026-01-01,US_REAL10Y,Foreign_Equity,-0.06986226,0.17878,36
2026-02-01,US_REAL10Y,Foreign_Equity,-0.07157664,0.18544,36
2026-03-01,US_REAL10Y,Foreign_Equity,-0.08024345,0.239027,36
2026-04-01,US_REAL10Y,Foreign_Equity,-0.07954538,0.227211,36
2026-05-01,US_REAL10Y,Foreign_Equity,-0.07557843,0.209199,36
2026-06-01,US_REAL10Y,Foreign_Equity,-0.078376,0.221963,36
2026-07-01,US_REAL10Y,Foreign_Equity,-0.07936323,0.232288,35
2013-12-01,US_REAL10Y,Bond,-0.03649513,0.585295,35
2014-01-01,US_REAL10Y,Bond,-0.03607971,0.576384,36
2014-02-01,US_REAL10Y,Bond,-0.03656952,0.574424,36
2014-03-01,US_REAL10Y,Bond,-0.03554806,0.548769,36
2014-04-01,US_REAL10Y,Bond,-0.03571353,0.549626,36
2014-05-01,US_REAL10Y,Bond,-0.03553604,0.557355,36
2014-06-01,US_REAL10Y,Bond,-0.03544076,0.553984,36
2014-07-01,US_REAL10Y,Bond,-0.03670405,0.557496,36
2014-08-01,US_REAL10Y,Bond,-0.0376004,0.506925,36
2014-09-01,US_REAL10Y,Bond,-0.03401701,0.463102,36
2014-10-01,US_REAL10Y,Bond,-0.03446125,0.454169,36
2014-11-01,US_REAL10Y,Bond,-0.03520958,0.455629,36
2014-12-01,US_REAL10Y,Bond,-0.03539491,0.460801,36
2015-01-01,US_REAL10Y,Bond,-0.03699984,0.498433,36
2015-02-01,US_REAL10Y,Bond,-0.03835908,0.523918,36
2015-03-01,US_REAL10Y,Bond,-0.03762389,0.521164,36
2015-04-01,US_REAL10Y,Bond,-0.0365809,0.512031,36
2015-05-01,US_REAL10Y,Bond,-0.03953238,0.527475,36
2015-06-01,US_REAL10Y,Bond,-0.03912818,0.51595,36
2015-07-01,US_REAL10Y,Bond,-0.03723297,0.521792,36
2015-08-01,US_REAL10Y,Bond,-0.03676414,0.526908,36
2015-09-01,US_REAL10Y,Bond,-0.03719348,0.525017,36
2015-10-01,US_REAL10Y,Bond,-0.03730273,0.528282,36
2015-11-01,US_REAL10Y,Bond,-0.03837143,0.531226,36
2015-12-01,US_REAL10Y,Bond,-0.03873292,0.559919,36
2016-01-01,US_REAL10Y,Bond,-0.03997723,0.585685,36
2016-02-01,US_REAL10Y,Bond,-0.03998322,0.599323,36
2016-03-01,US_REAL10Y,Bond,-0.03813301,0.56098,36
2016-04-01,US_REAL10Y,Bond,-0.03708879,0.544117,36
2016-05-01,US_REAL10Y,Bond,-0.03838924,0.547734,36
2016-06-01,US_REAL10Y,Bond,-0.03513361,0.387337,36
2016-07-01,US_REAL10Y,Bond,-0.03435826,0.364451,36
2016-08-01,US_REAL10Y,Bond,-0.03333683,0.357696,36
2016-09-01,US_REAL10Y,Bond,-0.03541593,0.373082,36
2016-10-01,US_REAL10Y,Bond,-0.03730056,0.364001,36
2016-11-01,US_REAL10Y,Bond,-0.04313258,0.405978,36
2016-12-01,US_REAL10Y,Bond,-0.04580313,0.444116,36
2017-01-01,US_REAL10Y,Bond,-0.04546929,0.443425,36
2017-02-01,US_REAL10Y,Bond,-0.04493966,0.429779,36
2017-03-01,US_REAL10Y,Bond,-0.04516851,0.43606,36
2017-04-01,US_REAL10Y,Bond,-0.04450063,0.430114,36
2017-05-01,US_REAL10Y,Bond,-0.04502708,0.424975,36
2017-06-01,US_REAL10Y,Bond,-0.0450683,0.429572,36
2017-07-01,US_REAL10Y,Bond,-0.04403768,0.428833,36
2017-08-01,US_REAL10Y,Bond,-0.04268106,0.410226,36
2017-09-01,US_REAL10Y,Bond,-0.04869768,0.487431,36
2017-10-01,US_REAL10Y,Bond,-0.04822051,0.505357,36
2017-11-01,US_REAL10Y,Bond,-0.0492282,0.521215,36
2017-12-01,US_REAL10Y,Bond,-0.04966027,0.523348,36
2018-01-01,US_REAL10Y,Bond,-0.04794661,0.469982,36
2018-02-01,US_REAL10Y,Bond,-0.0468187,0.482551,36
2018-03-01,US_REAL10Y,Bond,-0.04706673,0.488435,36
2018-04-01,US_REAL10Y,Bond,-0.04879945,0.483373,36
2018-05-01,US_REAL10Y,Bond,-0.04521186,0.429282,36
2018-06-01,US_REAL10Y,Bond,-0.04955559,0.478317,36
2018-07-01,US_REAL10Y,Bond,-0.04993301,0.475341,36
2018-08-01,US_REAL10Y,Bond,-0.05128407,0.508998,36
2018-09-01,US_REAL10Y,Bond,-0.05060444,0.484271,36
2018-10-01,US_REAL10Y,Bond,-0.04738718,0.454241,36
2018-11-01,US_REAL10Y,Bond,-0.04453882,0.399614,36
2018-12-01,US_REAL10Y,Bond,-0.04701215,0.423835,36
2019-01-01,US_REAL10Y,Bond,-0.0446489,0.404905,36
2019-02-01,US_REAL10Y,Bond,-0.0413887,0.349708,36
2019-03-01,US_REAL10Y,Bond,-0.04253351,0.37176,36
2019-04-01,US_REAL10Y,Bond,-0.04455053,0.38455,36
2019-05-01,US_REAL10Y,Bond,-0.04477673,0.387882,36
2019-06-01,US_REAL10Y,Bond,-0.04540604,0.430665,36
2019-07-01,US_REAL10Y,Bond,-0.04377204,0.411003,36
2019-08-01,US_REAL10Y,Bond,-0.0452927,0.467753,36
2019-09-01,US_REAL10Y,Bond,-0.046114,0.471466,36
2019-10-01,US_REAL10Y,Bond,-0.04709268,0.477112,36
2019-11-01,US_REAL10Y,Bond,-0.04116454,0.399276,36
2019-12-01,US_REAL10Y,Bond,-0.03990209,0.346545,36
2020-01-01,US_REAL10Y,Bond,-0.03977687,0.33663,36
2020-02-01,US_REAL10Y,Bond,-0.03992772,0.353881,36
2020-03-01,US_REAL10Y,Bond,-0.03978906,0.344772,36
2020-04-01,US_REAL10Y,Bond,-0.02977847,0.239626,36
2020-05-01,US_REAL10Y,Bond,-0.0287154,0.219303,36
2020-06-01,US_REAL10Y,Bond,-0.02824971,0.216666,36
2020-07-01,US_REAL10Y,Bond,-0.02376525,0.175173,36
2020-08-01,US_REAL10Y,Bond,-0.02290856,0.167471,36
2020-09-01,US_REAL10Y,Bond,-0.02403496,0.176013,36
2020-10-01,US_REAL10Y,Bond,-0.02155887,0.147181,36
2020-11-01,US_REAL10Y,Bond,-0.02244042,0.160725,36
2020-12-01,US_REAL10Y,Bond,-0.02121831,0.144177,36
2021-01-01,US_REAL10Y,Bond,-0.02006534,0.133898,36
2021-02-01,US_REAL10Y,Bond,-0.01925352,0.111589,36
2021-03-01,US_REAL10Y,Bond,-0.02344619,0.179301,36
2021-04-01,US_REAL10Y,Bond,-0.02361451,0.182395,36
2021-05-01,US_REAL10Y,Bond,-0.02126963,0.145149,36
2021-06-01,US_REAL10Y,Bond,-0.02086582,0.144054,36
2021-07-01,US_REAL10Y,Bond,-0.02219435,0.167886,36
2021-08-01,US_REAL10Y,Bond,-0.02309941,0.181877,36
2021-09-01,US_REAL10Y,Bond,-0.02778891,0.260449,36
2021-10-01,US_REAL10Y,Bond,-0.03232474,0.263125,36
2021-11-01,US_REAL10Y,Bond,-0.03564783,0.320863,36
2021-12-01,US_REAL10Y,Bond,-0.03110797,0.260697,36
2022-01-01,US_REAL10Y,Bond,-0.03467774,0.344987,36
2022-02-01,US_REAL10Y,Bond,-0.0357533,0.371285,36
2022-03-01,US_REAL10Y,Bond,-0.0335781,0.335064,36
2022-04-01,US_REAL10Y,Bond,-0.03516264,0.460838,36
2022-05-01,US_REAL10Y,Bond,-0.03151635,0.421574,36
2022-06-01,US_REAL10Y,Bond,-0.03171387,0.444372,36
2022-07-01,US_REAL10Y,Bond,-0.03142585,0.366754,36
2022-08-01,US_REAL10Y,Bond,-0.02910284,0.331261,36
2022-09-01,US_REAL10Y,Bond,-0.03246136,0.467607,36
2022-10-01,US_REAL10Y,Bond,-0.03307397,0.503296,36
2022-11-01,US_REAL10Y,Bond,-0.03446556,0.472655,36
2022-12-01,US_REAL10Y,Bond,-0.03629401,0.46899,36
2023-01-01,US_REAL10Y,Bond,-0.03690243,0.471425,36
2023-02-01,US_REAL10Y,Bond,-0.0364616,0.460502,36
2023-03-01,US_REAL10Y,Bond,-0.03639844,0.461608,36
2023-04-01,US_REAL10Y,Bond,-0.03938048,0.501671,36
2023-05-01,US_REAL10Y,Bond,-0.038982,0.502206,36
2023-06-01,US_REAL10Y,Bond,-0.03948144,0.508083,36
2023-07-01,US_REAL10Y,Bond,-0.04137814,0.522421,36
2023-08-01,US_REAL10Y,Bond,-0.04258056,0.537616,36
2023-09-01,US_REAL10Y,Bond,-0.0423934,0.539361,36
2023-10-01,US_REAL10Y,Bond,-0.04270658,0.55411,36
2023-11-01,US_REAL10Y,Bond,-0.04521808,0.574476,36
2023-12-01,US_REAL10Y,Bond,-0.04929893,0.634509,36
2024-01-01,US_REAL10Y,Bond,-0.04965055,0.642054,36
2024-02-01,US_REAL10Y,Bond,-0.04960253,0.644112,36
2024-03-01,US_REAL10Y,Bond,-0.04949047,0.640528,36
2024-04-01,US_REAL10Y,Bond,-0.04973273,0.646362,36
2024-05-01,US_REAL10Y,Bond,-0.05146,0.676418,36
2024-06-01,US_REAL10Y,Bond,-0.05186241,0.681411,36
2024-07-01,US_REAL10Y,Bond,-0.05291752,0.686408,36
2024-08-01,US_REAL10Y,Bond,-0.05261372,0.690539,36
2024-09-01,US_REAL10Y,Bond,-0.05141373,0.680927,36
2024-10-01,US_REAL10Y,Bond,-0.05181726,0.731212,36
2024-11-01,US_REAL10Y,Bond,-0.05166341,0.719516,36
2024-12-01,US_REAL10Y,Bond,-0.05176012,0.711659,36
2025-01-01,US_REAL10Y,Bond,-0.05096364,0.705977,36
2025-02-01,US_REAL10Y,Bond,-0.04866924,0.679208,36
2025-03-01,US_REAL10Y,Bond,-0.05085066,0.726696,36
2025-04-01,US_REAL10Y,Bond,-0.05044553,0.687538,36
2025-05-01,US_REAL10Y,Bond,-0.05207405,0.698015,36
2025-06-01,US_REAL10Y,Bond,-0.0501987,0.661247,36
2025-07-01,US_REAL10Y,Bond,-0.04917694,0.68227,36
2025-08-01,US_REAL10Y,Bond,-0.04955589,0.69188,36
2025-09-01,US_REAL10Y,Bond,-0.04783879,0.574654,36
2025-10-01,US_REAL10Y,Bond,-0.04655549,0.508363,36
2025-11-01,US_REAL10Y,Bond,-0.04639902,0.500798,36
2025-12-01,US_REAL10Y,Bond,-0.0439996,0.491355,36
2026-01-01,US_REAL10Y,Bond,-0.04354746,0.479046,36
2026-02-01,US_REAL10Y,Bond,-0.04247951,0.449561,36
2026-03-01,US_REAL10Y,Bond,-0.04288406,0.454156,36
2026-04-01,US_REAL10Y,Bond,-0.04278079,0.442945,36
2026-05-01,US_REAL10Y,Bond,-0.04468375,0.432301,36
2026-06-01,US_REAL10Y,Bond,-0.04379663,0.419752,36
2026-07-01,US_REAL10Y,Bond,-0.04373348,0.419009,35
2013-12-01,US_REAL10Y,Gold,-0.06981622,0.106644,35
2014-01-01,US_REAL10Y,Gold,-0.06582444,0.092684,36
2014-02-01,US_REAL10Y,Gold,-0.06548028,0.089048,36
2014-03-01,US_REAL10Y,Gold,-0.06643711,0.083237,36
2014-04-01,US_REAL10Y,Gold,-0.06391751,0.07757,36
2014-05-01,US_REAL10Y,Gold,-0.05642574,0.062699,36
2014-06-01,US_REAL10Y,Gold,-0.05659336,0.062254,36
2014-07-01,US_REAL10Y,Gold,-0.05982413,0.064667,36
2014-08-01,US_REAL10Y,Gold,-0.05526423,0.044753,36
2014-09-01,US_REAL10Y,Gold,-0.04816147,0.047175,36
2014-10-01,US_REAL10Y,Gold,-0.04648665,0.042856,36
2014-11-01,US_REAL10Y,Gold,-0.06116114,0.07255,36
2014-12-01,US_REAL10Y,Gold,-0.0559984,0.062147,36
2015-01-01,US_REAL10Y,Gold,-0.06269011,0.086321,36
2015-02-01,US_REAL10Y,Gold,-0.06254517,0.080318,36
2015-03-01,US_REAL10Y,Gold,-0.06963801,0.10292,36
2015-04-01,US_REAL10Y,Gold,-0.07289659,0.119344,36
2015-05-01,US_REAL10Y,Gold,-0.07278536,0.123387,36
2015-06-01,US_REAL10Y,Gold,-0.07860902,0.145,36
2015-07-01,US_REAL10Y,Gold,-0.07778756,0.140275,36
2015-08-01,US_REAL10Y,Gold,-0.07940144,0.134966,36
2015-09-01,US_REAL10Y,Gold,-0.07315926,0.108731,36
2015-10-01,US_REAL10Y,Gold,-0.0684542,0.111684,36
2015-11-01,US_REAL10Y,Gold,-0.06890938,0.113179,36
2015-12-01,US_REAL10Y,Gold,-0.06903961,0.110512,36
2016-01-01,US_REAL10Y,Gold,-0.07241097,0.11695,36
2016-02-01,US_REAL10Y,Gold,-0.08113642,0.145133,36
2016-03-01,US_REAL10Y,Gold,-0.09609059,0.169276,36
2016-04-01,US_REAL10Y,Gold,-0.09408375,0.166521,36
2016-05-01,US_REAL10Y,Gold,-0.08443036,0.127254,36
2016-06-01,US_REAL10Y,Gold,-0.08475182,0.079893,36
2016-07-01,US_REAL10Y,Gold,-0.09446647,0.079092,36
2016-08-01,US_REAL10Y,Gold,-0.08857027,0.070559,36
2016-09-01,US_REAL10Y,Gold,-0.10178478,0.093907,36
2016-10-01,US_REAL10Y,Gold,-0.11134974,0.098891,36
2016-11-01,US_REAL10Y,Gold,-0.0924478,0.073316,36
2016-12-01,US_REAL10Y,Gold,-0.12075433,0.114987,36
2017-01-01,US_REAL10Y,Gold,-0.12668654,0.13148,36
2017-02-01,US_REAL10Y,Gold,-0.12626724,0.127668,36
2017-03-01,US_REAL10Y,Gold,-0.12081691,0.120638,36
2017-04-01,US_REAL10Y,Gold,-0.1196581,0.121327,36
2017-05-01,US_REAL10Y,Gold,-0.1333671,0.146519,36
2017-06-01,US_REAL10Y,Gold,-0.13412716,0.150428,36
2017-07-01,US_REAL10Y,Gold,-0.13145659,0.147134,36
2017-08-01,US_REAL10Y,Gold,-0.13883775,0.164642,36
2017-09-01,US_REAL10Y,Gold,-0.14790423,0.163291,36
2017-10-01,US_REAL10Y,Gold,-0.16561796,0.205973,36
2017-11-01,US_REAL10Y,Gold,-0.16078166,0.199154,36
2017-12-01,US_REAL10Y,Gold,-0.16567855,0.213178,36
2018-01-01,US_REAL10Y,Gold,-0.17897429,0.216457,36
2018-02-01,US_REAL10Y,Gold,-0.16086211,0.194934,36
2018-03-01,US_REAL10Y,Gold,-0.16002556,0.200284,36
2018-04-01,US_REAL10Y,Gold,-0.17462416,0.217005,36
2018-05-01,US_REAL10Y,Gold,-0.18833472,0.226093,36
2018-06-01,US_REAL10Y,Gold,-0.19332222,0.225465,36
2018-07-01,US_REAL10Y,Gold,-0.19077994,0.216628,36
2018-08-01,US_REAL10Y,Gold,-0.18344179,0.212166,36
2018-09-01,US_REAL10Y,Gold,-0.19543163,0.244135,36
2018-10-01,US_REAL10Y,Gold,-0.18639893,0.230658,36
2018-11-01,US_REAL10Y,Gold,-0.17922805,0.210867,36
2018-12-01,US_REAL10Y,Gold,-0.1731623,0.209624,36
2019-01-01,US_REAL10Y,Gold,-0.17412992,0.214347,36
2019-02-01,US_REAL10Y,Gold,-0.17202357,0.199348,36
2019-03-01,US_REAL10Y,Gold,-0.13062504,0.134725,36
2019-04-01,US_REAL10Y,Gold,-0.14391265,0.155498,36
2019-05-01,US_REAL10Y,Gold,-0.14336425,0.160948,36
2019-06-01,US_REAL10Y,Gold,-0.15437723,0.214688,36
2019-07-01,US_REAL10Y,Gold,-0.12986139,0.187628,36
2019-08-01,US_REAL10Y,Gold,-0.14438315,0.249066,36
2019-09-01,US_REAL10Y,Gold,-0.13803857,0.22607,36
2019-10-01,US_REAL10Y,Gold,-0.1424334,0.254539,36
2019-11-01,US_REAL10Y,Gold,-0.16412654,0.30366,36
2019-12-01,US_REAL10Y,Gold,-0.12149026,0.194493,36
2020-01-01,US_REAL10Y,Gold,-0.13592421,0.229968,36
2020-02-01,US_REAL10Y,Gold,-0.13447532,0.24157,36
2020-03-01,US_REAL10Y,Gold,-0.14390385,0.258219,36
2020-04-01,US_REAL10Y,Gold,-0.09690151,0.142282,36
2020-05-01,US_REAL10Y,Gold,-0.09179378,0.116445,36
2020-06-01,US_REAL10Y,Gold,-0.09099081,0.116977,36
2020-07-01,US_REAL10Y,Gold,-0.08136508,0.112554,36
2020-08-01,US_REAL10Y,Gold,-0.10955331,0.138987,36
2020-09-01,US_REAL10Y,Gold,-0.11257327,0.148651,36
2020-10-01,US_REAL10Y,Gold,-0.10200094,0.125944,36
2020-11-01,US_REAL10Y,Gold,-0.10025552,0.124894,36
2020-12-01,US_REAL10Y,Gold,-0.08475762,0.083334,36
2021-01-01,US_REAL10Y,Gold,-0.08869349,0.087692,36
2021-02-01,US_REAL10Y,Gold,-0.11288943,0.117879,36
2021-03-01,US_REAL10Y,Gold,-0.13136929,0.174935,36
2021-04-01,US_REAL10Y,Gold,-0.13157183,0.175075,36
2021-05-01,US_REAL10Y,Gold,-0.13230616,0.173063,36
2021-06-01,US_REAL10Y,Gold,-0.12605336,0.156276,36
2021-07-01,US_REAL10Y,Gold,-0.10539822,0.11083,36
2021-08-01,US_REAL10Y,Gold,-0.10119595,0.103751,36
2021-09-01,US_REAL10Y,Gold,-0.09533314,0.093936,36
2021-10-01,US_REAL10Y,Gold,-0.10443776,0.101712,36
2021-11-01,US_REAL10Y,Gold,-0.1104001,0.110866,36
2021-12-01,US_REAL10Y,Gold,-0.11064301,0.114315,36
2022-01-01,US_REAL10Y,Gold,-0.08756877,0.088913,36
2022-02-01,US_REAL10Y,Gold,-0.08451343,0.087851,36
2022-03-01,US_REAL10Y,Gold,-0.10001949,0.120225,36
2022-04-01,US_REAL10Y,Gold,-0.0702275,0.090864,36
2022-05-01,US_REAL10Y,Gold,-0.07539458,0.115111,36
2022-06-01,US_REAL10Y,Gold,-0.07306674,0.114478,36
2022-07-01,US_REAL10Y,Gold,-0.07093914,0.103888,36
2022-08-01,US_REAL10Y,Gold,-0.0616361,0.079013,36
2022-09-01,US_REAL10Y,Gold,-0.06062841,0.108422,36
2022-10-01,US_REAL10Y,Gold,-0.0573056,0.107755,36
2022-11-01,US_REAL10Y,Gold,-0.05514151,0.098564,36
2022-12-01,US_REAL10Y,Gold,-0.06237247,0.117207,36
2023-01-01,US_REAL10Y,Gold,-0.06187988,0.115377,36
2023-02-01,US_REAL10Y,Gold,-0.05975015,0.104952,36
2023-03-01,US_REAL10Y,Gold,-0.05610321,0.091864,36
2023-04-01,US_REAL10Y,Gold,-0.07445772,0.138394,36
2023-05-01,US_REAL10Y,Gold,-0.07311572,0.139348,36
2023-06-01,US_REAL10Y,Gold,-0.07536587,0.145929,36
2023-07-01,US_REAL10Y,Gold,-0.07415405,0.13224,36
2023-08-01,US_REAL10Y,Gold,-0.05405387,0.09199,36
2023-09-01,US_REAL10Y,Gold,-0.05559894,0.099637,36
2023-10-01,US_REAL10Y,Gold,-0.06158672,0.123282,36
2023-11-01,US_REAL10Y,Gold,-0.07288339,0.158434,36
2023-12-01,US_REAL10Y,Gold,-0.07684379,0.199008,36
2024-01-01,US_REAL10Y,Gold,-0.07445339,0.19722,36
2024-02-01,US_REAL10Y,Gold,-0.07467959,0.208304,36
2024-03-01,US_REAL10Y,Gold,-0.07217508,0.198624,36
2024-04-01,US_REAL10Y,Gold,-0.06621173,0.158813,36
2024-05-01,US_REAL10Y,Gold,-0.06441413,0.149526,36
2024-06-01,US_REAL10Y,Gold,-0.06302893,0.149565,36
2024-07-01,US_REAL10Y,Gold,-0.07136893,0.197055,36
2024-08-01,US_REAL10Y,Gold,-0.07263893,0.20964,36
2024-09-01,US_REAL10Y,Gold,-0.07392067,0.218694,36
2024-10-01,US_REAL10Y,Gold,-0.07176623,0.203355,36
2024-11-01,US_REAL10Y,Gold,-0.07137202,0.199219,36
2024-12-01,US_REAL10Y,Gold,-0.07102853,0.193549,36
2025-01-01,US_REAL10Y,Gold,-0.07273269,0.198545,36
2025-02-01,US_REAL10Y,Gold,-0.08121678,0.225281,36
2025-03-01,US_REAL10Y,Gold,-0.07748577,0.208799,36
2025-04-01,US_REAL10Y,Gold,-0.08508823,0.202014,36
2025-05-01,US_REAL10Y,Gold,-0.08107621,0.17859,36
2025-06-01,US_REAL10Y,Gold,-0.07896457,0.164617,36
2025-07-01,US_REAL10Y,Gold,-0.07732977,0.169343,36
2025-08-01,US_REAL10Y,Gold,-0.07867232,0.175217,36
2025-09-01,US_REAL10Y,Gold,-0.08375788,0.14009,36
2025-10-01,US_REAL10Y,Gold,-0.08695783,0.110939,36
2025-11-01,US_REAL10Y,Gold,-0.09227924,0.131013,36
2025-12-01,US_REAL10Y,Gold,-0.08415422,0.111516,36
2026-01-01,US_REAL10Y,Gold,-0.08432249,0.10582,36
2026-02-01,US_REAL10Y,Gold,-0.08853953,0.115561,36
2026-03-01,US_REAL10Y,Gold,-0.0970913,0.147327,36
2026-04-01,US_REAL10Y,Gold,-0.08681695,0.116184,36
2026-05-01,US_REAL10Y,Gold,-0.08744986,0.114791,36
2026-06-01,US_REAL10Y,Gold,-0.08931612,0.112565,36
2026-07-01,US_REAL10Y,Gold,-0.10833152,0.135946,36
2013-12-01,US_10Y2Y_SPREAD,Domestic_Equity,0.11796393,0.261063,35
2014-01-01,US_10Y2Y_SPREAD,Domestic_Equity,0.1188102,0.264852,36
2014-02-01,US_10Y2Y_SPREAD,Domestic_Equity,0.12032418,0.28079,36
2014-03-01,US_10Y2Y_SPREAD,Domestic_Equity,0.12000347,0.277476,36
2014-04-01,US_10Y2Y_SPREAD,Domestic_Equity,0.11693551,0.299122,36
2014-05-01,US_10Y2Y_SPREAD,Domestic_Equity,0.11548111,0.292671,36
2014-06-01,US_10Y2Y_SPREAD,Domestic_Equity,0.11525367,0.29495,36
2014-07-01,US_10Y2Y_SPREAD,Domestic_Equity,0.11165123,0.288261,36
2014-08-01,US_10Y2Y_SPREAD,Domestic_Equity,0.04904458,0.071712,36
2014-09-01,US_10Y2Y_SPREAD,Domestic_Equity,0.0338086,0.03178,36
2014-10-01,US_10Y2Y_SPREAD,Domestic_Equity,0.04144184,0.042846,36
2014-11-01,US_10Y2Y_SPREAD,Domestic_Equity,0.0451755,0.050669,36
2014-12-01,US_10Y2Y_SPREAD,Domestic_Equity,0.04559101,0.056029,36
2015-01-01,US_10Y2Y_SPREAD,Domestic_Equity,0.04545597,0.061144,36
2015-02-01,US_10Y2Y_SPREAD,Domestic_Equity,0.0492279,0.081828,36
2015-03-01,US_10Y2Y_SPREAD,Domestic_Equity,0.05043459,0.080816,36
2015-04-01,US_10Y2Y_SPREAD,Domestic_Equity,0.05012672,0.07253,36
2015-05-01,US_10Y2Y_SPREAD,Domestic_Equity,0.02990019,0.029138,36
2015-06-01,US_10Y2Y_SPREAD,Domestic_Equity,0.01960817,0.011813,36
2015-07-01,US_10Y2Y_SPREAD,Domestic_Equity,0.01856338,0.010628,36
2015-08-01,US_10Y2Y_SPREAD,Domestic_Equity,0.02414628,0.018232,36
2015-09-01,US_10Y2Y_SPREAD,Domestic_Equity,0.02265833,0.016314,36
2015-10-01,US_10Y2Y_SPREAD,Domestic_Equity,0.02075241,0.012619,36
2015-11-01,US_10Y2Y_SPREAD,Domestic_Equity,0.01813716,0.009773,36
2015-12-01,US_10Y2Y_SPREAD,Domestic_Equity,0.01645843,0.008574,36
2016-01-01,US_10Y2Y_SPREAD,Domestic_Equity,0.0195137,0.010647,36
2016-02-01,US_10Y2Y_SPREAD,Domestic_Equity,0.01892263,0.010156,36
2016-03-01,US_10Y2Y_SPREAD,Domestic_Equity,0.01741099,0.008062,36
2016-04-01,US_10Y2Y_SPREAD,Domestic_Equity,0.01139988,0.003428,36
2016-05-01,US_10Y2Y_SPREAD,Domestic_Equity,0.00730408,0.001346,36
2016-06-01,US_10Y2Y_SPREAD,Domestic_Equity,0.04089835,0.038148,36
2016-07-01,US_10Y2Y_SPREAD,Domestic_Equity,0.05969738,0.064201,36
2016-08-01,US_10Y2Y_SPREAD,Domestic_Equity,0.06039325,0.059286,36
2016-09-01,US_10Y2Y_SPREAD,Domestic_Equity,0.04888073,0.04378,36
2016-10-01,US_10Y2Y_SPREAD,Domestic_Equity,0.0538635,0.054723,36
2016-11-01,US_10Y2Y_SPREAD,Domestic_Equity,0.03049861,0.019326,36
2016-12-01,US_10Y2Y_SPREAD,Domestic_Equity,0.04513359,0.041215,36
2017-01-01,US_10Y2Y_SPREAD,Domestic_Equity,0.04013404,0.032554,36
2017-02-01,US_10Y2Y_SPREAD,Domestic_Equity,0.03968885,0.031685,36
2017-03-01,US_10Y2Y_SPREAD,Domestic_Equity,0.0390106,0.029773,36
2017-04-01,US_10Y2Y_SPREAD,Domestic_Equity,0.03615461,0.026308,36
2017-05-01,US_10Y2Y_SPREAD,Domestic_Equity,0.03144419,0.016484,36
2017-06-01,US_10Y2Y_SPREAD,Domestic_Equity,0.02057263,0.007008,36
2017-07-01,US_10Y2Y_SPREAD,Domestic_Equity,0.02617561,0.01162,36
2017-08-01,US_10Y2Y_SPREAD,Domestic_Equity,0.03112627,0.016222,36
2017-09-01,US_10Y2Y_SPREAD,Domestic_Equity,0.03283553,0.018111,36
2017-10-01,US_10Y2Y_SPREAD,Domestic_Equity,0.02335733,0.00988,36
2017-11-01,US_10Y2Y_SPREAD,Domestic_Equity,0.01446796,0.003858,36
2017-12-01,US_10Y2Y_SPREAD,Domestic_Equity,0.01215304,0.002365,36
2018-01-01,US_10Y2Y_SPREAD,Domestic_Equity,0.00188489,5e-05,36
2018-02-01,US_10Y2Y_SPREAD,Domestic_Equity,-0.01894236,0.005026,36
2018-03-01,US_10Y2Y_SPREAD,Domestic_Equity,-0.0221684,0.007142,36
2018-04-01,US_10Y2Y_SPREAD,Domestic_Equity,-0.02489557,0.009814,36
2018-05-01,US_10Y2Y_SPREAD,Domestic_Equity,-0.02955446,0.011817,36
2018-06-01,US_10Y2Y_SPREAD,Domestic_Equity,-0.01167294,0.001779,36
2018-07-01,US_10Y2Y_SPREAD,Domestic_Equity,0.00098909,1.1e-05,36
2018-08-01,US_10Y2Y_SPREAD,Domestic_Equity,-0.03008169,0.011201,36
2018-09-01,US_10Y2Y_SPREAD,Domestic_Equity,-0.02852809,0.0101,36
2018-10-01,US_10Y2Y_SPREAD,Domestic_Equity,-0.05204352,0.030136,36
2018-11-01,US_10Y2Y_SPREAD,Domestic_Equity,-0.05293766,0.029295,36
2018-12-01,US_10Y2Y_SPREAD,Domestic_Equity,-0.05707073,0.034211,36
2019-01-01,US_10Y2Y_SPREAD,Domestic_Equity,-0.06067752,0.041194,36
2019-02-01,US_10Y2Y_SPREAD,Domestic_Equity,-0.05692011,0.031441,36
2019-03-01,US_10Y2Y_SPREAD,Domestic_Equity,-0.05517972,0.030143,36
2019-04-01,US_10Y2Y_SPREAD,Domestic_Equity,-0.05268231,0.027135,36
2019-05-01,US_10Y2Y_SPREAD,Domestic_Equity,-0.05962491,0.031351,36
2019-06-01,US_10Y2Y_SPREAD,Domestic_Equity,-0.05748105,0.029678,36
2019-07-01,US_10Y2Y_SPREAD,Domestic_Equity,-0.05433701,0.026112,36
2019-08-01,US_10Y2Y_SPREAD,Domestic_Equity,-0.01654479,0.002289,36
2019-09-01,US_10Y2Y_SPREAD,Domestic_Equity,-0.01439902,0.001575,36
2019-10-01,US_10Y2Y_SPREAD,Domestic_Equity,-0.00976272,0.000752,36
2019-11-01,US_10Y2Y_SPREAD,Domestic_Equity,0.03213121,0.006191,36
2019-12-01,US_10Y2Y_SPREAD,Domestic_Equity,0.02386306,0.003131,36
2020-01-01,US_10Y2Y_SPREAD,Domestic_Equity,0.03035729,0.004998,36
2020-02-01,US_10Y2Y_SPREAD,Domestic_Equity,0.03351653,0.006063,36
2020-03-01,US_10Y2Y_SPREAD,Domestic_Equity,-0.15396347,0.096811,36
2020-04-01,US_10Y2Y_SPREAD,Domestic_Equity,-0.14619172,0.083185,36
2020-05-01,US_10Y2Y_SPREAD,Domestic_Equity,-0.11581359,0.053268,36
2020-06-01,US_10Y2Y_SPREAD,Domestic_Equity,-0.08325716,0.023359,36
2020-07-01,US_10Y2Y_SPREAD,Domestic_Equity,-0.10277312,0.034052,36
2020-08-01,US_10Y2Y_SPREAD,Domestic_Equity,-0.09292076,0.025899,36
2020-09-01,US_10Y2Y_SPREAD,Domestic_Equity,-0.09146256,0.025153,36
2020-10-01,US_10Y2Y_SPREAD,Domestic_Equity,-0.08978728,0.025601,36
2020-11-01,US_10Y2Y_SPREAD,Domestic_Equity,-0.05995155,0.010037,36
2020-12-01,US_10Y2Y_SPREAD,Domestic_Equity,-0.03361607,0.00281,36
2021-01-01,US_10Y2Y_SPREAD,Domestic_Equity,0.03769841,0.003447,36
2021-02-01,US_10Y2Y_SPREAD,Domestic_Equity,0.05105223,0.006887,36
2021-03-01,US_10Y2Y_SPREAD,Domestic_Equity,0.01427491,0.00068,36
2021-04-01,US_10Y2Y_SPREAD,Domestic_Equity,0.01257483,0.000506,36
2021-05-01,US_10Y2Y_SPREAD,Domestic_Equity,0.01275858,0.000521,36
2021-06-01,US_10Y2Y_SPREAD,Domestic_Equity,-0.00932064,0.000293,36
2021-07-01,US_10Y2Y_SPREAD,Domestic_Equity,-0.01979535,0.001544,36
2021-08-01,US_10Y2Y_SPREAD,Domestic_Equity,-0.01590964,0.00099,36
2021-09-01,US_10Y2Y_SPREAD,Domestic_Equity,-0.0183782,0.001315,36
2021-10-01,US_10Y2Y_SPREAD,Domestic_Equity,-0.01697353,0.001146,36
2021-11-01,US_10Y2Y_SPREAD,Domestic_Equity,-0.01459604,0.000918,36
2021-12-01,US_10Y2Y_SPREAD,Domestic_Equity,-0.01584066,0.001249,36
2022-01-01,US_10Y2Y_SPREAD,Domestic_Equity,-0.01264274,0.000772,36
2022-02-01,US_10Y2Y_SPREAD,Domestic_Equity,0.02025894,0.002337,36
2022-03-01,US_10Y2Y_SPREAD,Domestic_Equity,0.0235193,0.00359,36
2022-04-01,US_10Y2Y_SPREAD,Domestic_Equity,0.02293128,0.003416,36
2022-05-01,US_10Y2Y_SPREAD,Domestic_Equity,0.01897033,0.002414,36
2022-06-01,US_10Y2Y_SPREAD,Domestic_Equity,0.03151148,0.006572,36
2022-07-01,US_10Y2Y_SPREAD,Domestic_Equity,0.04927401,0.017335,36
2022-08-01,US_10Y2Y_SPREAD,Domestic_Equity,0.02211916,0.003694,36
2022-09-01,US_10Y2Y_SPREAD,Domestic_Equity,0.0202201,0.003025,36
2022-10-01,US_10Y2Y_SPREAD,Domestic_Equity,0.02317119,0.003802,36
2022-11-01,US_10Y2Y_SPREAD,Domestic_Equity,-0.00015949,0.0,36
2022-12-01,US_10Y2Y_SPREAD,Domestic_Equity,0.00068459,3e-06,36
2023-01-01,US_10Y2Y_SPREAD,Domestic_Equity,0.00024194,0.0,36
2023-02-01,US_10Y2Y_SPREAD,Domestic_Equity,-0.00409718,0.000117,36
2023-03-01,US_10Y2Y_SPREAD,Domestic_Equity,0.06154087,0.035074,36
2023-04-01,US_10Y2Y_SPREAD,Domestic_Equity,0.06396778,0.038209,36
2023-05-01,US_10Y2Y_SPREAD,Domestic_Equity,0.05826494,0.032345,36
2023-06-01,US_10Y2Y_SPREAD,Domestic_Equity,0.03637623,0.015269,36
2023-07-01,US_10Y2Y_SPREAD,Domestic_Equity,0.03729537,0.016136,36
2023-08-01,US_10Y2Y_SPREAD,Domestic_Equity,0.02441688,0.007825,36
2023-09-01,US_10Y2Y_SPREAD,Domestic_Equity,0.02188101,0.006342,36
2023-10-01,US_10Y2Y_SPREAD,Domestic_Equity,-0.00261463,0.000101,36
2023-11-01,US_10Y2Y_SPREAD,Domestic_Equity,-0.00995209,0.001535,36
2023-12-01,US_10Y2Y_SPREAD,Domestic_Equity,-0.02407005,0.010289,36
2024-01-01,US_10Y2Y_SPREAD,Domestic_Equity,-0.04901441,0.056981,36
2024-02-01,US_10Y2Y_SPREAD,Domestic_Equity,-0.05537702,0.065878,36
2024-03-01,US_10Y2Y_SPREAD,Domestic_Equity,-0.05713883,0.059485,36
2024-04-01,US_10Y2Y_SPREAD,Domestic_Equity,-0.06141978,0.072785,36
2024-05-01,US_10Y2Y_SPREAD,Domestic_Equity,-0.06166158,0.072856,36
2024-06-01,US_10Y2Y_SPREAD,Domestic_Equity,-0.05865615,0.066461,36
2024-07-01,US_10Y2Y_SPREAD,Domestic_Equity,-0.04953615,0.04765,36
2024-08-01,US_10Y2Y_SPREAD,Domestic_Equity,-0.05913299,0.066755,36
2024-09-01,US_10Y2Y_SPREAD,Domestic_Equity,-0.05971539,0.071123,36
2024-10-01,US_10Y2Y_SPREAD,Domestic_Equity,-0.05528593,0.063364,36
2024-11-01,US_10Y2Y_SPREAD,Domestic_Equity,-0.05659774,0.064093,36
2024-12-01,US_10Y2Y_SPREAD,Domestic_Equity,-0.05841894,0.064068,36
2025-01-01,US_10Y2Y_SPREAD,Domestic_Equity,-0.04789452,0.046162,36
2025-02-01,US_10Y2Y_SPREAD,Domestic_Equity,-0.07191527,0.098877,36
2025-03-01,US_10Y2Y_SPREAD,Domestic_Equity,-0.08071775,0.114587,36
2025-04-01,US_10Y2Y_SPREAD,Domestic_Equity,-0.08698839,0.133659,36
2025-05-01,US_10Y2Y_SPREAD,Domestic_Equity,-0.08583554,0.122399,36
2025-06-01,US_10Y2Y_SPREAD,Domestic_Equity,-0.10176971,0.135182,36
2025-07-01,US_10Y2Y_SPREAD,Domestic_Equity,-0.14006502,0.219716,36
2025-08-01,US_10Y2Y_SPREAD,Domestic_Equity,-0.13648478,0.198029,36
2025-09-01,US_10Y2Y_SPREAD,Domestic_Equity,-0.14029948,0.219462,36
2025-10-01,US_10Y2Y_SPREAD,Domestic_Equity,-0.15620061,0.23733,36
2025-11-01,US_10Y2Y_SPREAD,Domestic_Equity,-0.14465526,0.191079,36
2025-12-01,US_10Y2Y_SPREAD,Domestic_Equity,-0.1522596,0.215895,36
2026-01-01,US_10Y2Y_SPREAD,Domestic_Equity,-0.15594285,0.164847,36
2026-02-01,US_10Y2Y_SPREAD,Domestic_Equity,-0.17025444,0.153243,36
2026-03-01,US_10Y2Y_SPREAD,Domestic_Equity,-0.15146954,0.125342,36
2026-04-01,US_10Y2Y_SPREAD,Domestic_Equity,-0.1591255,0.133196,36
2026-05-01,US_10Y2Y_SPREAD,Domestic_Equity,-0.18808407,0.125952,36
2026-06-01,US_10Y2Y_SPREAD,Domestic_Equity,-0.26368772,0.19183,36
2026-07-01,US_10Y2Y_SPREAD,Domestic_Equity,-0.27365311,0.205786,35
2013-12-01,US_10Y2Y_SPREAD,Foreign_Equity,0.12997195,0.439805,35
2014-01-01,US_10Y2Y_SPREAD,Foreign_Equity,0.12876659,0.434925,36
2014-02-01,US_10Y2Y_SPREAD,Foreign_Equity,0.12802442,0.439471,36
2014-03-01,US_10Y2Y_SPREAD,Foreign_Equity,0.12617039,0.424797,36
2014-04-01,US_10Y2Y_SPREAD,Foreign_Equity,0.12560304,0.424287,36
2014-05-01,US_10Y2Y_SPREAD,Foreign_Equity,0.123212,0.410131,36
2014-06-01,US_10Y2Y_SPREAD,Foreign_Equity,0.12268743,0.428343,36
2014-07-01,US_10Y2Y_SPREAD,Foreign_Equity,0.12111161,0.425315,36
2014-08-01,US_10Y2Y_SPREAD,Foreign_Equity,0.07350853,0.215705,36
2014-09-01,US_10Y2Y_SPREAD,Foreign_Equity,0.06177773,0.148545,36
2014-10-01,US_10Y2Y_SPREAD,Foreign_Equity,0.07047427,0.162935,36
2014-11-01,US_10Y2Y_SPREAD,Foreign_Equity,0.06867219,0.143604,36
2014-12-01,US_10Y2Y_SPREAD,Foreign_Equity,0.07034576,0.161057,36
2015-01-01,US_10Y2Y_SPREAD,Foreign_Equity,0.07182202,0.188147,36
2015-02-01,US_10Y2Y_SPREAD,Foreign_Equity,0.07449658,0.214796,36
2015-03-01,US_10Y2Y_SPREAD,Foreign_Equity,0.07506,0.209207,36
2015-04-01,US_10Y2Y_SPREAD,Foreign_Equity,0.07337316,0.204986,36
2015-05-01,US_10Y2Y_SPREAD,Foreign_Equity,0.05378256,0.126521,36
2015-06-01,US_10Y2Y_SPREAD,Foreign_Equity,0.04397416,0.082947,36
2015-07-01,US_10Y2Y_SPREAD,Foreign_Equity,0.047363,0.094083,36
2015-08-01,US_10Y2Y_SPREAD,Foreign_Equity,0.05330155,0.114699,36
2015-09-01,US_10Y2Y_SPREAD,Foreign_Equity,0.05254865,0.091586,36
2015-10-01,US_10Y2Y_SPREAD,Foreign_Equity,0.05099658,0.081933,36
2015-11-01,US_10Y2Y_SPREAD,Foreign_Equity,0.04731407,0.072373,36
2015-12-01,US_10Y2Y_SPREAD,Foreign_Equity,0.04905874,0.077655,36
2016-01-01,US_10Y2Y_SPREAD,Foreign_Equity,0.04580188,0.054339,36
2016-02-01,US_10Y2Y_SPREAD,Foreign_Equity,0.04576109,0.055163,36
2016-03-01,US_10Y2Y_SPREAD,Foreign_Equity,0.04312984,0.041393,36
2016-04-01,US_10Y2Y_SPREAD,Foreign_Equity,0.04739208,0.047037,36
2016-05-01,US_10Y2Y_SPREAD,Foreign_Equity,0.03898568,0.031751,36
2016-06-01,US_10Y2Y_SPREAD,Foreign_Equity,0.06781004,0.08116,36
2016-07-01,US_10Y2Y_SPREAD,Foreign_Equity,0.06249,0.054589,36
2016-08-01,US_10Y2Y_SPREAD,Foreign_Equity,0.06891048,0.060069,36
2016-09-01,US_10Y2Y_SPREAD,Foreign_Equity,0.06317402,0.050647,36
2016-10-01,US_10Y2Y_SPREAD,Foreign_Equity,0.06379567,0.052389,36
2016-11-01,US_10Y2Y_SPREAD,Foreign_Equity,0.04813241,0.034977,36
2016-12-01,US_10Y2Y_SPREAD,Foreign_Equity,0.06496476,0.059566,36
2017-01-01,US_10Y2Y_SPREAD,Foreign_Equity,0.06547014,0.060118,36
2017-02-01,US_10Y2Y_SPREAD,Foreign_Equity,0.06577131,0.059973,36
2017-03-01,US_10Y2Y_SPREAD,Foreign_Equity,0.06718437,0.063396,36
2017-04-01,US_10Y2Y_SPREAD,Foreign_Equity,0.06769677,0.065404,36
2017-05-01,US_10Y2Y_SPREAD,Foreign_Equity,0.07096362,0.070625,36
2017-06-01,US_10Y2Y_SPREAD,Foreign_Equity,0.06380625,0.060049,36
2017-07-01,US_10Y2Y_SPREAD,Foreign_Equity,0.06641301,0.06672,36
2017-08-01,US_10Y2Y_SPREAD,Foreign_Equity,0.06493351,0.064371,36
2017-09-01,US_10Y2Y_SPREAD,Foreign_Equity,0.06381511,0.06152,36
2017-10-01,US_10Y2Y_SPREAD,Foreign_Equity,0.0559293,0.049964,36
2017-11-01,US_10Y2Y_SPREAD,Foreign_Equity,0.0560408,0.056012,36
2017-12-01,US_10Y2Y_SPREAD,Foreign_Equity,0.05056662,0.040619,36
2018-01-01,US_10Y2Y_SPREAD,Foreign_Equity,0.04704518,0.028983,36
2018-02-01,US_10Y2Y_SPREAD,Foreign_Equity,0.0201398,0.00533,36
2018-03-01,US_10Y2Y_SPREAD,Foreign_Equity,0.02648213,0.009324,36
2018-04-01,US_10Y2Y_SPREAD,Foreign_Equity,0.02687378,0.00966,36
2018-05-01,US_10Y2Y_SPREAD,Foreign_Equity,0.03032187,0.010504,36
2018-06-01,US_10Y2Y_SPREAD,Foreign_Equity,0.03843011,0.016458,36
2018-07-01,US_10Y2Y_SPREAD,Foreign_Equity,0.03831053,0.016816,36
2018-08-01,US_10Y2Y_SPREAD,Foreign_Equity,0.02144226,0.005121,36
2018-09-01,US_10Y2Y_SPREAD,Foreign_Equity,0.02742875,0.010063,36
2018-10-01,US_10Y2Y_SPREAD,Foreign_Equity,0.00966828,0.001215,36
2018-11-01,US_10Y2Y_SPREAD,Foreign_Equity,0.00989593,0.001244,36
2018-12-01,US_10Y2Y_SPREAD,Foreign_Equity,0.02026877,0.004465,36
2019-01-01,US_10Y2Y_SPREAD,Foreign_Equity,0.01231167,0.002074,36
2019-02-01,US_10Y2Y_SPREAD,Foreign_Equity,0.0114658,0.001562,36
2019-03-01,US_10Y2Y_SPREAD,Foreign_Equity,0.0154084,0.003406,36
2019-04-01,US_10Y2Y_SPREAD,Foreign_Equity,0.01437805,0.002998,36
2019-05-01,US_10Y2Y_SPREAD,Foreign_Equity,0.01130988,0.001787,36
2019-06-01,US_10Y2Y_SPREAD,Foreign_Equity,0.01384532,0.00272,36
2019-07-01,US_10Y2Y_SPREAD,Foreign_Equity,0.01697951,0.004019,36
2019-08-01,US_10Y2Y_SPREAD,Foreign_Equity,0.04027062,0.021739,36
2019-09-01,US_10Y2Y_SPREAD,Foreign_Equity,0.0450067,0.026245,36
2019-10-01,US_10Y2Y_SPREAD,Foreign_Equity,0.04409322,0.026498,36
2019-11-01,US_10Y2Y_SPREAD,Foreign_Equity,0.06509379,0.042015,36
2019-12-01,US_10Y2Y_SPREAD,Foreign_Equity,0.0497603,0.023354,36
2020-01-01,US_10Y2Y_SPREAD,Foreign_Equity,0.05241437,0.025561,36
2020-02-01,US_10Y2Y_SPREAD,Foreign_Equity,0.05528699,0.028085,36
2020-03-01,US_10Y2Y_SPREAD,Foreign_Equity,-0.1892771,0.13623,36
2020-04-01,US_10Y2Y_SPREAD,Foreign_Equity,-0.19359082,0.138535,36
2020-05-01,US_10Y2Y_SPREAD,Foreign_Equity,-0.17820807,0.116879,36
2020-06-01,US_10Y2Y_SPREAD,Foreign_Equity,-0.16835714,0.091655,36
2020-07-01,US_10Y2Y_SPREAD,Foreign_Equity,-0.18274701,0.10393,36
2020-08-01,US_10Y2Y_SPREAD,Foreign_Equity,-0.17577186,0.092863,36
2020-09-01,US_10Y2Y_SPREAD,Foreign_Equity,-0.17500504,0.092418,36
2020-10-01,US_10Y2Y_SPREAD,Foreign_Equity,-0.1634843,0.08417,36
2020-11-01,US_10Y2Y_SPREAD,Foreign_Equity,-0.16495765,0.075583,36
2020-12-01,US_10Y2Y_SPREAD,Foreign_Equity,-0.1390924,0.052403,36
2021-01-01,US_10Y2Y_SPREAD,Foreign_Equity,-0.1066262,0.034249,36
2021-02-01,US_10Y2Y_SPREAD,Foreign_Equity,-0.06629206,0.014464,36
2021-03-01,US_10Y2Y_SPREAD,Foreign_Equity,-0.04900883,0.010077,36
2021-04-01,US_10Y2Y_SPREAD,Foreign_Equity,-0.05489914,0.012192,36
2021-05-01,US_10Y2Y_SPREAD,Foreign_Equity,-0.05690881,0.013073,36
2021-06-01,US_10Y2Y_SPREAD,Foreign_Equity,-0.05787866,0.014119,36
2021-07-01,US_10Y2Y_SPREAD,Foreign_Equity,-0.04418163,0.009286,36
2021-08-01,US_10Y2Y_SPREAD,Foreign_Equity,-0.04374263,0.009133,36
2021-09-01,US_10Y2Y_SPREAD,Foreign_Equity,-0.04583946,0.009997,36
2021-10-01,US_10Y2Y_SPREAD,Foreign_Equity,-0.04121924,0.008322,36
2021-11-01,US_10Y2Y_SPREAD,Foreign_Equity,-0.04616196,0.011166,36
2021-12-01,US_10Y2Y_SPREAD,Foreign_Equity,-0.04316163,0.011852,36
2022-01-01,US_10Y2Y_SPREAD,Foreign_Equity,-0.04278464,0.011677,36
2022-02-01,US_10Y2Y_SPREAD,Foreign_Equity,-0.02059865,0.003287,36
2022-03-01,US_10Y2Y_SPREAD,Foreign_Equity,-0.00798878,0.000556,36
2022-04-01,US_10Y2Y_SPREAD,Foreign_Equity,-0.00862241,0.000649,36
2022-05-01,US_10Y2Y_SPREAD,Foreign_Equity,-0.01577045,0.00208,36
2022-06-01,US_10Y2Y_SPREAD,Foreign_Equity,-0.00796819,0.000533,36
2022-07-01,US_10Y2Y_SPREAD,Foreign_Equity,0.00166384,2.6e-05,36
2022-08-01,US_10Y2Y_SPREAD,Foreign_Equity,-0.01940432,0.003619,36
2022-09-01,US_10Y2Y_SPREAD,Foreign_Equity,-0.02136108,0.004168,36
2022-10-01,US_10Y2Y_SPREAD,Foreign_Equity,-0.01879182,0.003143,36
2022-11-01,US_10Y2Y_SPREAD,Foreign_Equity,-0.03857699,0.013178,36
2022-12-01,US_10Y2Y_SPREAD,Foreign_Equity,-0.04053371,0.014512,36
2023-01-01,US_10Y2Y_SPREAD,Foreign_Equity,-0.0403675,0.014344,36
2023-02-01,US_10Y2Y_SPREAD,Foreign_Equity,-0.04176134,0.015506,36
2023-03-01,US_10Y2Y_SPREAD,Foreign_Equity,0.0302918,0.017428,36
2023-04-01,US_10Y2Y_SPREAD,Foreign_Equity,0.0324365,0.020071,36
2023-05-01,US_10Y2Y_SPREAD,Foreign_Equity,0.0281622,0.014982,36
2023-06-01,US_10Y2Y_SPREAD,Foreign_Equity,0.01377002,0.004419,36
2023-07-01,US_10Y2Y_SPREAD,Foreign_Equity,0.01411854,0.004562,36
2023-08-01,US_10Y2Y_SPREAD,Foreign_Equity,0.00559694,0.000795,36
2023-09-01,US_10Y2Y_SPREAD,Foreign_Equity,0.0041714,0.000445,36
2023-10-01,US_10Y2Y_SPREAD,Foreign_Equity,-0.01604521,0.007242,36
2023-11-01,US_10Y2Y_SPREAD,Foreign_Equity,-0.02291723,0.015535,36
2023-12-01,US_10Y2Y_SPREAD,Foreign_Equity,-0.03026743,0.026226,36
2024-01-01,US_10Y2Y_SPREAD,Foreign_Equity,-0.03276296,0.031532,36
2024-02-01,US_10Y2Y_SPREAD,Foreign_Equity,-0.04056055,0.045425,36
2024-03-01,US_10Y2Y_SPREAD,Foreign_Equity,-0.05368089,0.066665,36
2024-04-01,US_10Y2Y_SPREAD,Foreign_Equity,-0.05790278,0.080025,36
2024-05-01,US_10Y2Y_SPREAD,Foreign_Equity,-0.05863963,0.082434,36
2024-06-01,US_10Y2Y_SPREAD,Foreign_Equity,-0.05831722,0.080746,36
2024-07-01,US_10Y2Y_SPREAD,Foreign_Equity,-0.05339796,0.068647,36
2024-08-01,US_10Y2Y_SPREAD,Foreign_Equity,-0.04919556,0.060629,36
2024-09-01,US_10Y2Y_SPREAD,Foreign_Equity,-0.03855558,0.038497,36
2024-10-01,US_10Y2Y_SPREAD,Foreign_Equity,-0.03835748,0.037695,36
2024-11-01,US_10Y2Y_SPREAD,Foreign_Equity,-0.03704091,0.034785,36
2024-12-01,US_10Y2Y_SPREAD,Foreign_Equity,-0.04699675,0.05301,36
2025-01-01,US_10Y2Y_SPREAD,Foreign_Equity,-0.04626774,0.054118,36
2025-02-01,US_10Y2Y_SPREAD,Foreign_Equity,-0.06072777,0.086477,36
2025-03-01,US_10Y2Y_SPREAD,Foreign_Equity,-0.07684448,0.124105,36
2025-04-01,US_10Y2Y_SPREAD,Foreign_Equity,-0.08631018,0.151141,36
2025-05-01,US_10Y2Y_SPREAD,Foreign_Equity,-0.08198817,0.140346,36
2025-06-01,US_10Y2Y_SPREAD,Foreign_Equity,-0.09254455,0.180542,36
2025-07-01,US_10Y2Y_SPREAD,Foreign_Equity,-0.11528243,0.250085,36
2025-08-01,US_10Y2Y_SPREAD,Foreign_Equity,-0.11046715,0.221242,36
2025-09-01,US_10Y2Y_SPREAD,Foreign_Equity,-0.11302972,0.271955,36
2025-10-01,US_10Y2Y_SPREAD,Foreign_Equity,-0.11889757,0.311116,36
2025-11-01,US_10Y2Y_SPREAD,Foreign_Equity,-0.1020026,0.242633,36
2025-12-01,US_10Y2Y_SPREAD,Foreign_Equity,-0.10158127,0.236791,36
2026-01-01,US_10Y2Y_SPREAD,Foreign_Equity,-0.1008633,0.230913,36
2026-02-01,US_10Y2Y_SPREAD,Foreign_Equity,-0.1062347,0.245495,36
2026-03-01,US_10Y2Y_SPREAD,Foreign_Equity,-0.07709322,0.135695,36
2026-04-01,US_10Y2Y_SPREAD,Foreign_Equity,-0.07969602,0.146094,36
2026-05-01,US_10Y2Y_SPREAD,Foreign_Equity,-0.08088745,0.157548,36
2026-06-01,US_10Y2Y_SPREAD,Foreign_Equity,-0.09316147,0.169044,36
2026-07-01,US_10Y2Y_SPREAD,Foreign_Equity,-0.0905579,0.161142,35
2013-12-01,US_10Y2Y_SPREAD,Bond,-0.03927939,0.505781,35
2014-01-01,US_10Y2Y_SPREAD,Bond,-0.03885255,0.498287,36
2014-02-01,US_10Y2Y_SPREAD,Bond,-0.03891212,0.501659,36
2014-03-01,US_10Y2Y_SPREAD,Bond,-0.03757979,0.499946,36
2014-04-01,US_10Y2Y_SPREAD,Bond,-0.03761289,0.500255,36
2014-05-01,US_10Y2Y_SPREAD,Bond,-0.03750402,0.499923,36
2014-06-01,US_10Y2Y_SPREAD,Bond,-0.03750557,0.499596,36
2014-07-01,US_10Y2Y_SPREAD,Bond,-0.03842874,0.50295,36
2014-08-01,US_10Y2Y_SPREAD,Bond,-0.04124041,0.452102,36
2014-09-01,US_10Y2Y_SPREAD,Bond,-0.04157289,0.417445,36
2014-10-01,US_10Y2Y_SPREAD,Bond,-0.04252663,0.42095,36
2014-11-01,US_10Y2Y_SPREAD,Bond,-0.04304289,0.423756,36
2014-12-01,US_10Y2Y_SPREAD,Bond,-0.03889346,0.377954,36
2015-01-01,US_10Y2Y_SPREAD,Bond,-0.04040199,0.413864,36
2015-02-01,US_10Y2Y_SPREAD,Bond,-0.0404098,0.415342,36
2015-03-01,US_10Y2Y_SPREAD,Bond,-0.03912825,0.394358,36
2015-04-01,US_10Y2Y_SPREAD,Bond,-0.03922155,0.393381,36
2015-05-01,US_10Y2Y_SPREAD,Bond,-0.04482709,0.421105,36
2015-06-01,US_10Y2Y_SPREAD,Bond,-0.04539426,0.415757,36
2015-07-01,US_10Y2Y_SPREAD,Bond,-0.0436286,0.434021,36
2015-08-01,US_10Y2Y_SPREAD,Bond,-0.04666908,0.531201,36
2015-09-01,US_10Y2Y_SPREAD,Bond,-0.047005,0.534292,36
2015-10-01,US_10Y2Y_SPREAD,Bond,-0.04728144,0.536999,36
2015-11-01,US_10Y2Y_SPREAD,Bond,-0.04710489,0.500125,36
2015-12-01,US_10Y2Y_SPREAD,Bond,-0.04567775,0.492635,36
2016-01-01,US_10Y2Y_SPREAD,Bond,-0.0501284,0.553022,36
2016-02-01,US_10Y2Y_SPREAD,Bond,-0.05126444,0.567827,36
2016-03-01,US_10Y2Y_SPREAD,Bond,-0.05115858,0.569436,36
2016-04-01,US_10Y2Y_SPREAD,Bond,-0.05243623,0.577305,36
2016-05-01,US_10Y2Y_SPREAD,Bond,-0.05330438,0.573896,36
2016-06-01,US_10Y2Y_SPREAD,Bond,-0.04647623,0.480742,36
2016-07-01,US_10Y2Y_SPREAD,Bond,-0.04905657,0.439458,36
2016-08-01,US_10Y2Y_SPREAD,Bond,-0.04805005,0.40304,36
2016-09-01,US_10Y2Y_SPREAD,Bond,-0.05104274,0.432631,36
2016-10-01,US_10Y2Y_SPREAD,Bond,-0.0527926,0.447947,36
2016-11-01,US_10Y2Y_SPREAD,Bond,-0.06073334,0.529134,36
2016-12-01,US_10Y2Y_SPREAD,Bond,-0.06527466,0.564427,36
2017-01-01,US_10Y2Y_SPREAD,Bond,-0.06579948,0.570906,36
2017-02-01,US_10Y2Y_SPREAD,Bond,-0.06575054,0.56763,36
2017-03-01,US_10Y2Y_SPREAD,Bond,-0.065737,0.560748,36
2017-04-01,US_10Y2Y_SPREAD,Bond,-0.06464311,0.551611,36
2017-05-01,US_10Y2Y_SPREAD,Bond,-0.06359467,0.525242,36
2017-06-01,US_10Y2Y_SPREAD,Bond,-0.06268348,0.53416,36
2017-07-01,US_10Y2Y_SPREAD,Bond,-0.06037254,0.534277,36
2017-08-01,US_10Y2Y_SPREAD,Bond,-0.06024237,0.530803,36
2017-09-01,US_10Y2Y_SPREAD,Bond,-0.06082938,0.542353,36
2017-10-01,US_10Y2Y_SPREAD,Bond,-0.05927253,0.525367,36
2017-11-01,US_10Y2Y_SPREAD,Bond,-0.05471048,0.466857,36
2017-12-01,US_10Y2Y_SPREAD,Bond,-0.06071003,0.516599,36
2018-01-01,US_10Y2Y_SPREAD,Bond,-0.05868506,0.453306,36
2018-02-01,US_10Y2Y_SPREAD,Bond,-0.05939034,0.487897,36
2018-03-01,US_10Y2Y_SPREAD,Bond,-0.06075564,0.520539,36
2018-04-01,US_10Y2Y_SPREAD,Bond,-0.0616013,0.543947,36
2018-05-01,US_10Y2Y_SPREAD,Bond,-0.05806903,0.476375,36
2018-06-01,US_10Y2Y_SPREAD,Bond,-0.06243901,0.520053,36
2018-07-01,US_10Y2Y_SPREAD,Bond,-0.0633243,0.529776,36
2018-08-01,US_10Y2Y_SPREAD,Bond,-0.06326435,0.499459,36
2018-09-01,US_10Y2Y_SPREAD,Bond,-0.0634142,0.489621,36
2018-10-01,US_10Y2Y_SPREAD,Bond,-0.06175387,0.495281,36
2018-11-01,US_10Y2Y_SPREAD,Bond,-0.06249738,0.514985,36
2018-12-01,US_10Y2Y_SPREAD,Bond,-0.06536528,0.520945,36
2019-01-01,US_10Y2Y_SPREAD,Bond,-0.06378374,0.518144,36
2019-02-01,US_10Y2Y_SPREAD,Bond,-0.06128783,0.491195,36
2019-03-01,US_10Y2Y_SPREAD,Bond,-0.0614286,0.492559,36
2019-04-01,US_10Y2Y_SPREAD,Bond,-0.06115117,0.486048,36
2019-05-01,US_10Y2Y_SPREAD,Bond,-0.06074978,0.47654,36
2019-06-01,US_10Y2Y_SPREAD,Bond,-0.05289531,0.357807,36
2019-07-01,US_10Y2Y_SPREAD,Bond,-0.05103225,0.349462,36
2019-08-01,US_10Y2Y_SPREAD,Bond,-0.05482827,0.391631,36
2019-09-01,US_10Y2Y_SPREAD,Bond,-0.05454869,0.368576,36
2019-10-01,US_10Y2Y_SPREAD,Bond,-0.05559909,0.385615,36
2019-11-01,US_10Y2Y_SPREAD,Bond,-0.0476453,0.263262,36
2019-12-01,US_10Y2Y_SPREAD,Bond,-0.04011329,0.183065,36
2020-01-01,US_10Y2Y_SPREAD,Bond,-0.04009293,0.181757,36
2020-02-01,US_10Y2Y_SPREAD,Bond,-0.04053047,0.184979,36
2020-03-01,US_10Y2Y_SPREAD,Bond,-0.02779609,0.122549,36
2020-04-01,US_10Y2Y_SPREAD,Bond,-0.0285135,0.125188,36
2020-05-01,US_10Y2Y_SPREAD,Bond,-0.02769015,0.120445,36
2020-06-01,US_10Y2Y_SPREAD,Bond,-0.02751283,0.112404,36
2020-07-01,US_10Y2Y_SPREAD,Bond,-0.02548158,0.095405,36
2020-08-01,US_10Y2Y_SPREAD,Bond,-0.02731881,0.108978,36
2020-09-01,US_10Y2Y_SPREAD,Bond,-0.02941502,0.119982,36
2020-10-01,US_10Y2Y_SPREAD,Bond,-0.02937849,0.134087,36
2020-11-01,US_10Y2Y_SPREAD,Bond,-0.03883271,0.21036,36
2020-12-01,US_10Y2Y_SPREAD,Bond,-0.03992253,0.218007,36
2021-01-01,US_10Y2Y_SPREAD,Bond,-0.04009851,0.254577,36
2021-02-01,US_10Y2Y_SPREAD,Bond,-0.03885171,0.259515,36
2021-03-01,US_10Y2Y_SPREAD,Bond,-0.04099818,0.33262,36
2021-04-01,US_10Y2Y_SPREAD,Bond,-0.04130432,0.329671,36
2021-05-01,US_10Y2Y_SPREAD,Bond,-0.04133478,0.330678,36
2021-06-01,US_10Y2Y_SPREAD,Bond,-0.03806009,0.298557,36
2021-07-01,US_10Y2Y_SPREAD,Bond,-0.0360781,0.301516,36
2021-08-01,US_10Y2Y_SPREAD,Bond,-0.03583101,0.300936,36
2021-09-01,US_10Y2Y_SPREAD,Bond,-0.03603606,0.299789,36
2021-10-01,US_10Y2Y_SPREAD,Bond,-0.03777484,0.264871,36
2021-11-01,US_10Y2Y_SPREAD,Bond,-0.03581153,0.260281,36
2021-12-01,US_10Y2Y_SPREAD,Bond,-0.03381926,0.276552,36
2022-01-01,US_10Y2Y_SPREAD,Bond,-0.03276182,0.225125,36
2022-02-01,US_10Y2Y_SPREAD,Bond,-0.02188694,0.114744,36
2022-03-01,US_10Y2Y_SPREAD,Bond,-0.01761436,0.084224,36
2022-04-01,US_10Y2Y_SPREAD,Bond,-0.01748601,0.067926,36
2022-05-01,US_10Y2Y_SPREAD,Bond,-0.01745832,0.06906,36
2022-06-01,US_10Y2Y_SPREAD,Bond,-0.01519961,0.052854,36
2022-07-01,US_10Y2Y_SPREAD,Bond,-0.02259698,0.109572,36
2022-08-01,US_10Y2Y_SPREAD,Bond,-0.01928394,0.089994,36
2022-09-01,US_10Y2Y_SPREAD,Bond,-0.02009922,0.077063,36
2022-10-01,US_10Y2Y_SPREAD,Bond,-0.01845927,0.060238,36
2022-11-01,US_10Y2Y_SPREAD,Bond,-0.02384052,0.090255,36
2022-12-01,US_10Y2Y_SPREAD,Bond,-0.02610779,0.09465,36
2023-01-01,US_10Y2Y_SPREAD,Bond,-0.0259131,0.090995,36
2023-02-01,US_10Y2Y_SPREAD,Bond,-0.02540649,0.089252,36
2023-03-01,US_10Y2Y_SPREAD,Bond,-0.02840639,0.104739,36
2023-04-01,US_10Y2Y_SPREAD,Bond,-0.02636721,0.089231,36
2023-05-01,US_10Y2Y_SPREAD,Bond,-0.02777143,0.099419,36
2023-06-01,US_10Y2Y_SPREAD,Bond,-0.02213278,0.069542,36
2023-07-01,US_10Y2Y_SPREAD,Bond,-0.02197926,0.068766,36
2023-08-01,US_10Y2Y_SPREAD,Bond,-0.02251431,0.076263,36
2023-09-01,US_10Y2Y_SPREAD,Bond,-0.02189991,0.073273,36
2023-10-01,US_10Y2Y_SPREAD,Bond,-0.02466278,0.105048,36
2023-11-01,US_10Y2Y_SPREAD,Bond,-0.02673117,0.108563,36
2023-12-01,US_10Y2Y_SPREAD,Bond,-0.02782689,0.099942,36
2024-01-01,US_10Y2Y_SPREAD,Bond,-0.02580716,0.08617,36
2024-02-01,US_10Y2Y_SPREAD,Bond,-0.02586519,0.082446,36
2024-03-01,US_10Y2Y_SPREAD,Bond,-0.02551827,0.069647,36
2024-04-01,US_10Y2Y_SPREAD,Bond,-0.02646476,0.074772,36
2024-05-01,US_10Y2Y_SPREAD,Bond,-0.02634438,0.073899,36
2024-06-01,US_10Y2Y_SPREAD,Bond,-0.02628046,0.071118,36
2024-07-01,US_10Y2Y_SPREAD,Bond,-0.02059844,0.044291,36
2024-08-01,US_10Y2Y_SPREAD,Bond,-0.01715544,0.031505,36
2024-09-01,US_10Y2Y_SPREAD,Bond,-0.01517989,0.026147,36
2024-10-01,US_10Y2Y_SPREAD,Bond,-0.01344225,0.021461,36
2024-11-01,US_10Y2Y_SPREAD,Bond,-0.01327295,0.020596,36
2024-12-01,US_10Y2Y_SPREAD,Bond,-0.0097093,0.010248,36
2025-01-01,US_10Y2Y_SPREAD,Bond,-0.00977833,0.011464,36
2025-02-01,US_10Y2Y_SPREAD,Bond,-0.01468679,0.024413,36
2025-03-01,US_10Y2Y_SPREAD,Bond,-0.01799664,0.033842,36
2025-04-01,US_10Y2Y_SPREAD,Bond,-0.01604675,0.031056,36
2025-05-01,US_10Y2Y_SPREAD,Bond,-0.01562779,0.029355,36
2025-06-01,US_10Y2Y_SPREAD,Bond,-0.0201082,0.050257,36
2025-07-01,US_10Y2Y_SPREAD,Bond,-0.01416837,0.023588,36
2025-08-01,US_10Y2Y_SPREAD,Bond,-0.01617255,0.028348,36
2025-09-01,US_10Y2Y_SPREAD,Bond,-0.01679692,0.039326,36
2025-10-01,US_10Y2Y_SPREAD,Bond,-0.0198193,0.061162,36
2025-11-01,US_10Y2Y_SPREAD,Bond,-0.0120855,0.020538,36
2025-12-01,US_10Y2Y_SPREAD,Bond,-0.00933293,0.01364,36
2026-01-01,US_10Y2Y_SPREAD,Bond,-0.00860533,0.011591,36
2026-02-01,US_10Y2Y_SPREAD,Bond,-0.00873912,0.011434,36
2026-03-01,US_10Y2Y_SPREAD,Bond,-0.00685554,0.007138,36
2026-04-01,US_10Y2Y_SPREAD,Bond,-0.00764036,0.00905,36
2026-05-01,US_10Y2Y_SPREAD,Bond,-0.00542356,0.004187,36
2026-06-01,US_10Y2Y_SPREAD,Bond,-0.014383,0.024402,36
2026-07-01,US_10Y2Y_SPREAD,Bond,-0.0150907,0.026582,35
2013-12-01,US_10Y2Y_SPREAD,Gold,-0.09333336,0.142175,35
2014-01-01,US_10Y2Y_SPREAD,Gold,-0.08881889,0.125804,36
2014-02-01,US_10Y2Y_SPREAD,Gold,-0.08934593,0.127878,36
2014-03-01,US_10Y2Y_SPREAD,Gold,-0.09149517,0.128691,36
2014-04-01,US_10Y2Y_SPREAD,Gold,-0.09351353,0.136245,36
2014-05-01,US_10Y2Y_SPREAD,Gold,-0.08545886,0.115818,36
2014-06-01,US_10Y2Y_SPREAD,Gold,-0.08491752,0.112867,36
2014-07-01,US_10Y2Y_SPREAD,Gold,-0.09154604,0.124626,36
2014-08-01,US_10Y2Y_SPREAD,Gold,-0.09871231,0.105853,36
2014-09-01,US_10Y2Y_SPREAD,Gold,-0.04999734,0.030683,36
2014-10-01,US_10Y2Y_SPREAD,Gold,-0.04511926,0.024572,36
2014-11-01,US_10Y2Y_SPREAD,Gold,-0.05178252,0.032365,36
2014-12-01,US_10Y2Y_SPREAD,Gold,-0.0613673,0.050698,36
2015-01-01,US_10Y2Y_SPREAD,Gold,-0.06208143,0.058951,36
2015-02-01,US_10Y2Y_SPREAD,Gold,-0.05838686,0.049999,36
2015-03-01,US_10Y2Y_SPREAD,Gold,-0.0768758,0.087751,36
2015-04-01,US_10Y2Y_SPREAD,Gold,-0.07985123,0.095703,36
2015-05-01,US_10Y2Y_SPREAD,Gold,-0.08740223,0.110469,36
2015-06-01,US_10Y2Y_SPREAD,Gold,-0.10055665,0.142054,36
2015-07-01,US_10Y2Y_SPREAD,Gold,-0.0992418,0.138316,36
2015-08-01,US_10Y2Y_SPREAD,Gold,-0.07893011,0.083438,36
2015-09-01,US_10Y2Y_SPREAD,Gold,-0.08268794,0.088501,36
2015-10-01,US_10Y2Y_SPREAD,Gold,-0.08513827,0.109307,36
2015-11-01,US_10Y2Y_SPREAD,Gold,-0.08284581,0.102196,36
2015-12-01,US_10Y2Y_SPREAD,Gold,-0.07505894,0.082636,36
2016-01-01,US_10Y2Y_SPREAD,Gold,-0.08088269,0.087627,36
2016-02-01,US_10Y2Y_SPREAD,Gold,-0.09166076,0.106753,36
2016-03-01,US_10Y2Y_SPREAD,Gold,-0.09515961,0.093627,36
2016-04-01,US_10Y2Y_SPREAD,Gold,-0.1034496,0.106864,36
2016-05-01,US_10Y2Y_SPREAD,Gold,-0.09290413,0.083734,36
2016-06-01,US_10Y2Y_SPREAD,Gold,-0.07323186,0.042308,36
2016-07-01,US_10Y2Y_SPREAD,Gold,-0.06218383,0.020271,36
2016-08-01,US_10Y2Y_SPREAD,Gold,-0.04481415,0.009797,36
2016-09-01,US_10Y2Y_SPREAD,Gold,-0.05838248,0.017248,36
2016-10-01,US_10Y2Y_SPREAD,Gold,-0.07440817,0.027129,36
2016-11-01,US_10Y2Y_SPREAD,Gold,-0.04212894,0.010009,36
2016-12-01,US_10Y2Y_SPREAD,Gold,-0.0734053,0.02659,36
2017-01-01,US_10Y2Y_SPREAD,Gold,-0.08028451,0.032464,36
2017-02-01,US_10Y2Y_SPREAD,Gold,-0.07413157,0.027151,36
2017-03-01,US_10Y2Y_SPREAD,Gold,-0.07212712,0.026104,36
2017-04-01,US_10Y2Y_SPREAD,Gold,-0.07312059,0.027535,36
2017-05-01,US_10Y2Y_SPREAD,Gold,-0.08085259,0.033365,36
2017-06-01,US_10Y2Y_SPREAD,Gold,-0.08485011,0.038697,36
2017-07-01,US_10Y2Y_SPREAD,Gold,-0.08503581,0.040813,36
2017-08-01,US_10Y2Y_SPREAD,Gold,-0.09212499,0.047082,36
2017-09-01,US_10Y2Y_SPREAD,Gold,-0.09255233,0.045597,36
2017-10-01,US_10Y2Y_SPREAD,Gold,-0.10724059,0.05942,36
2017-11-01,US_10Y2Y_SPREAD,Gold,-0.10484125,0.061409,36
2017-12-01,US_10Y2Y_SPREAD,Gold,-0.09445543,0.045764,36
2018-01-01,US_10Y2Y_SPREAD,Gold,-0.10112425,0.044491,36
2018-02-01,US_10Y2Y_SPREAD,Gold,-0.09898529,0.046378,36
2018-03-01,US_10Y2Y_SPREAD,Gold,-0.08761452,0.038399,36
2018-04-01,US_10Y2Y_SPREAD,Gold,-0.08776422,0.03871,36
2018-05-01,US_10Y2Y_SPREAD,Gold,-0.08856435,0.033633,36
2018-06-01,US_10Y2Y_SPREAD,Gold,-0.08556714,0.030251,36
2018-07-01,US_10Y2Y_SPREAD,Gold,-0.07513544,0.023284,36
2018-08-01,US_10Y2Y_SPREAD,Gold,-0.12266443,0.061171,36
2018-09-01,US_10Y2Y_SPREAD,Gold,-0.1273863,0.066782,36
2018-10-01,US_10Y2Y_SPREAD,Gold,-0.12330947,0.064809,36
2018-11-01,US_10Y2Y_SPREAD,Gold,-0.12555332,0.067727,36
2018-12-01,US_10Y2Y_SPREAD,Gold,-0.14534526,0.093898,36
2019-01-01,US_10Y2Y_SPREAD,Gold,-0.13590912,0.081878,36
2019-02-01,US_10Y2Y_SPREAD,Gold,-0.1217128,0.063925,36
2019-03-01,US_10Y2Y_SPREAD,Gold,-0.11616057,0.067675,36
2019-04-01,US_10Y2Y_SPREAD,Gold,-0.11341071,0.064782,36
2019-05-01,US_10Y2Y_SPREAD,Gold,-0.10959302,0.062775,36
2019-06-01,US_10Y2Y_SPREAD,Gold,-0.10737632,0.063586,36
2019-07-01,US_10Y2Y_SPREAD,Gold,-0.0853501,0.0507,36
2019-08-01,US_10Y2Y_SPREAD,Gold,-0.11048319,0.083326,36
2019-09-01,US_10Y2Y_SPREAD,Gold,-0.10760903,0.076756,36
2019-10-01,US_10Y2Y_SPREAD,Gold,-0.10118977,0.074492,36
2019-11-01,US_10Y2Y_SPREAD,Gold,-0.14757518,0.120831,36
2019-12-01,US_10Y2Y_SPREAD,Gold,-0.08473858,0.049459,36
2020-01-01,US_10Y2Y_SPREAD,Gold,-0.08448493,0.047217,36
2020-02-01,US_10Y2Y_SPREAD,Gold,-0.09183174,0.057147,36
2020-03-01,US_10Y2Y_SPREAD,Gold,-0.02342423,0.004983,36
2020-04-01,US_10Y2Y_SPREAD,Gold,-0.02788487,0.006714,36
2020-05-01,US_10Y2Y_SPREAD,Gold,-0.01586008,0.002053,36
2020-06-01,US_10Y2Y_SPREAD,Gold,-0.00696098,0.000374,36
2020-07-01,US_10Y2Y_SPREAD,Gold,0.01220966,0.001201,36
2020-08-01,US_10Y2Y_SPREAD,Gold,0.04682418,0.011618,36
2020-09-01,US_10Y2Y_SPREAD,Gold,0.04568908,0.011144,36
2020-10-01,US_10Y2Y_SPREAD,Gold,0.02887269,0.004951,36
2020-11-01,US_10Y2Y_SPREAD,Gold,0.02281805,0.002828,36
2020-12-01,US_10Y2Y_SPREAD,Gold,-0.01006959,0.000502,36
2021-01-01,US_10Y2Y_SPREAD,Gold,0.02229331,0.002638,36
2021-02-01,US_10Y2Y_SPREAD,Gold,-0.01784078,0.001682,36
2021-03-01,US_10Y2Y_SPREAD,Gold,-0.07829985,0.037704,36
2021-04-01,US_10Y2Y_SPREAD,Gold,-0.08130698,0.039499,36
2021-05-01,US_10Y2Y_SPREAD,Gold,-0.08944775,0.047716,36
2021-06-01,US_10Y2Y_SPREAD,Gold,-0.11056786,0.074899,36
2021-07-01,US_10Y2Y_SPREAD,Gold,-0.07645579,0.039637,36
2021-08-01,US_10Y2Y_SPREAD,Gold,-0.07944622,0.043973,36
2021-09-01,US_10Y2Y_SPREAD,Gold,-0.08368027,0.04954,36
2021-10-01,US_10Y2Y_SPREAD,Gold,-0.08652587,0.051462,36
2021-11-01,US_10Y2Y_SPREAD,Gold,-0.08209043,0.049271,36
2021-12-01,US_10Y2Y_SPREAD,Gold,-0.06305134,0.03332,36
2022-01-01,US_10Y2Y_SPREAD,Gold,-0.06314821,0.033804,36
2022-02-01,US_10Y2Y_SPREAD,Gold,-0.04660027,0.022027,36
2022-03-01,US_10Y2Y_SPREAD,Gold,-0.06715272,0.049504,36
2022-04-01,US_10Y2Y_SPREAD,Gold,-0.06654084,0.048621,36
2022-05-01,US_10Y2Y_SPREAD,Gold,-0.0705644,0.05383,36
2022-06-01,US_10Y2Y_SPREAD,Gold,-0.06705806,0.049929,36
2022-07-01,US_10Y2Y_SPREAD,Gold,-0.03545857,0.014998,36
2022-08-01,US_10Y2Y_SPREAD,Gold,-0.02413137,0.007494,36
2022-09-01,US_10Y2Y_SPREAD,Gold,-0.02530238,0.008118,36
2022-10-01,US_10Y2Y_SPREAD,Gold,-0.02035131,0.005222,36
2022-11-01,US_10Y2Y_SPREAD,Gold,-0.01055365,0.001441,36
2022-12-01,US_10Y2Y_SPREAD,Gold,-0.01271326,0.001899,36
2023-01-01,US_10Y2Y_SPREAD,Gold,-0.01279322,0.00193,36
2023-02-01,US_10Y2Y_SPREAD,Gold,-0.01468767,0.002532,36
2023-03-01,US_10Y2Y_SPREAD,Gold,-0.0434554,0.020532,36
2023-04-01,US_10Y2Y_SPREAD,Gold,-0.02785497,0.007685,36
2023-05-01,US_10Y2Y_SPREAD,Gold,-0.03455232,0.012138,36
2023-06-01,US_10Y2Y_SPREAD,Gold,-0.02051429,0.004709,36
2023-07-01,US_10Y2Y_SPREAD,Gold,-0.01930882,0.004183,36
2023-08-01,US_10Y2Y_SPREAD,Gold,-0.02619186,0.010959,36
2023-09-01,US_10Y2Y_SPREAD,Gold,-0.02514871,0.010378,36
2023-10-01,US_10Y2Y_SPREAD,Gold,-0.03875866,0.027756,36
2023-11-01,US_10Y2Y_SPREAD,Gold,-0.04649279,0.034863,36
2023-12-01,US_10Y2Y_SPREAD,Gold,-0.04075912,0.02768,36
2024-01-01,US_10Y2Y_SPREAD,Gold,-0.04925992,0.042886,36
2024-02-01,US_10Y2Y_SPREAD,Gold,-0.03883751,0.02652,36
2024-03-01,US_10Y2Y_SPREAD,Gold,-0.01650902,0.00425,36
2024-04-01,US_10Y2Y_SPREAD,Gold,-0.01011925,0.001515,36
2024-05-01,US_10Y2Y_SPREAD,Gold,-0.01125317,0.001902,36
2024-06-01,US_10Y2Y_SPREAD,Gold,-0.00695634,0.00074,36
2024-07-01,US_10Y2Y_SPREAD,Gold,-0.01915858,0.006047,36
2024-08-01,US_10Y2Y_SPREAD,Gold,-0.01417872,0.003428,36
2024-09-01,US_10Y2Y_SPREAD,Gold,-0.00580858,0.000595,36
2024-10-01,US_10Y2Y_SPREAD,Gold,0.00140814,3.4e-05,36
2024-11-01,US_10Y2Y_SPREAD,Gold,0.00195408,6.5e-05,36
2024-12-01,US_10Y2Y_SPREAD,Gold,-0.00559134,0.000491,36
2025-01-01,US_10Y2Y_SPREAD,Gold,-0.00640585,0.000679,36
2025-02-01,US_10Y2Y_SPREAD,Gold,-0.02352426,0.00746,36
2025-03-01,US_10Y2Y_SPREAD,Gold,-0.00401425,0.000208,36
2025-04-01,US_10Y2Y_SPREAD,Gold,0.01264179,0.001991,36
2025-05-01,US_10Y2Y_SPREAD,Gold,0.01621048,0.003334,36
2025-06-01,US_10Y2Y_SPREAD,Gold,0.01096615,0.001504,36
2025-07-01,US_10Y2Y_SPREAD,Gold,-0.01904448,0.004278,36
2025-08-01,US_10Y2Y_SPREAD,Gold,-0.0244896,0.006532,36
2025-09-01,US_10Y2Y_SPREAD,Gold,-0.02850692,0.009008,36
2025-10-01,US_10Y2Y_SPREAD,Gold,-0.03812039,0.014153,36
2025-11-01,US_10Y2Y_SPREAD,Gold,-0.06537292,0.039744,36
2025-12-01,US_10Y2Y_SPREAD,Gold,-0.05606834,0.030541,36
2026-01-01,US_10Y2Y_SPREAD,Gold,-0.05617546,0.029102,36
2026-02-01,US_10Y2Y_SPREAD,Gold,-0.05766054,0.029454,36
2026-03-01,US_10Y2Y_SPREAD,Gold,-0.03058143,0.00899,36
2026-04-01,US_10Y2Y_SPREAD,Gold,-0.03132536,0.009689,36
2026-05-01,US_10Y2Y_SPREAD,Gold,-0.02849297,0.008012,36
2026-06-01,US_10Y2Y_SPREAD,Gold,-0.05038718,0.019311,36
2026-07-01,US_10Y2Y_SPREAD,Gold,-0.05422392,0.01767,36
2013-12-01,KR3Y,Domestic_Equity,0.03541862,0.017037,35
2014-01-01,KR3Y,Domestic_Equity,0.03562539,0.017109,36
2014-02-01,KR3Y,Domestic_Equity,0.04371753,0.026284,36
2014-03-01,KR3Y,Domestic_Equity,0.04680658,0.026161,36
2014-04-01,KR3Y,Domestic_Equity,0.04157259,0.023398,36
2014-05-01,KR3Y,Domestic_Equity,0.03980192,0.021271,36
2014-06-01,KR3Y,Domestic_Equity,0.0370335,0.019112,36
2014-07-01,KR3Y,Domestic_Equity,0.02704846,0.010926,36
2014-08-01,KR3Y,Domestic_Equity,-0.01801009,0.008141,36
2014-09-01,KR3Y,Domestic_Equity,-0.02500567,0.016861,36
2014-10-01,KR3Y,Domestic_Equity,-0.00872225,0.001912,36
2014-11-01,KR3Y,Domestic_Equity,-0.00873788,0.001965,36
2014-12-01,KR3Y,Domestic_Equity,-0.00980065,0.00247,36
2015-01-01,KR3Y,Domestic_Equity,-0.00746718,0.001491,36
2015-02-01,KR3Y,Domestic_Equity,-0.01321761,0.005303,36
2015-03-01,KR3Y,Domestic_Equity,-0.02041491,0.012008,36
2015-04-01,KR3Y,Domestic_Equity,-0.02431064,0.015627,36
2015-05-01,KR3Y,Domestic_Equity,-0.02681565,0.026601,36
2015-06-01,KR3Y,Domestic_Equity,-0.02904202,0.03082,36
2015-07-01,KR3Y,Domestic_Equity,-0.03866729,0.049653,36
2015-08-01,KR3Y,Domestic_Equity,-0.01179225,0.004233,36
2015-09-01,KR3Y,Domestic_Equity,-0.01038232,0.003396,36
2015-10-01,KR3Y,Domestic_Equity,-0.01311617,0.005004,36
2015-11-01,KR3Y,Domestic_Equity,-0.01372491,0.00587,36
2015-12-01,KR3Y,Domestic_Equity,-0.02148649,0.014897,36
2016-01-01,KR3Y,Domestic_Equity,-0.01379679,0.005819,36
2016-02-01,KR3Y,Domestic_Equity,-0.01430653,0.006517,36
2016-03-01,KR3Y,Domestic_Equity,-0.01051222,0.003279,36
2016-04-01,KR3Y,Domestic_Equity,-0.01255358,0.004809,36
2016-05-01,KR3Y,Domestic_Equity,-0.01466593,0.006544,36
2016-06-01,KR3Y,Domestic_Equity,0.02004364,0.009892,36
2016-07-01,KR3Y,Domestic_Equity,0.02350851,0.012766,36
2016-08-01,KR3Y,Domestic_Equity,0.02270786,0.011393,36
2016-09-01,KR3Y,Domestic_Equity,0.01920349,0.009662,36
2016-10-01,KR3Y,Domestic_Equity,0.01895324,0.010241,36
2016-11-01,KR3Y,Domestic_Equity,-2.111e-05,0.0,36
2016-12-01,KR3Y,Domestic_Equity,0.00774614,0.002095,36
2017-01-01,KR3Y,Domestic_Equity,0.00704045,0.00174,36
2017-02-01,KR3Y,Domestic_Equity,0.00665137,0.001547,36
2017-03-01,KR3Y,Domestic_Equity,0.00988505,0.003372,36
2017-04-01,KR3Y,Domestic_Equity,0.00864763,0.002604,36
2017-05-01,KR3Y,Domestic_Equity,0.01508527,0.006713,36
2017-06-01,KR3Y,Domestic_Equity,0.01461133,0.005895,36
2017-07-01,KR3Y,Domestic_Equity,0.01946955,0.010043,36
2017-08-01,KR3Y,Domestic_Equity,0.01556647,0.0064,36
2017-09-01,KR3Y,Domestic_Equity,0.01345481,0.004741,36
2017-10-01,KR3Y,Domestic_Equity,0.00457113,0.0006,36
2017-11-01,KR3Y,Domestic_Equity,0.01018947,0.00293,36
2017-12-01,KR3Y,Domestic_Equity,0.01415741,0.005465,36
2018-01-01,KR3Y,Domestic_Equity,0.01212052,0.00393,36
2018-02-01,KR3Y,Domestic_Equity,0.00760252,0.001461,36
2018-03-01,KR3Y,Domestic_Equity,0.01369718,0.004632,36
2018-04-01,KR3Y,Domestic_Equity,0.02370294,0.014867,36
2018-05-01,KR3Y,Domestic_Equity,0.02707479,0.016618,36
2018-06-01,KR3Y,Domestic_Equity,0.0306804,0.021734,36
2018-07-01,KR3Y,Domestic_Equity,0.04275131,0.038469,36
2018-08-01,KR3Y,Domestic_Equity,0.02787947,0.018654,36
2018-09-01,KR3Y,Domestic_Equity,0.02290573,0.012587,36
2018-10-01,KR3Y,Domestic_Equity,0.02331135,0.011199,36
2018-11-01,KR3Y,Domestic_Equity,0.03577305,0.02466,36
2018-12-01,KR3Y,Domestic_Equity,0.0367425,0.028408,36
2019-01-01,KR3Y,Domestic_Equity,0.02623982,0.014793,36
2019-02-01,KR3Y,Domestic_Equity,0.0254851,0.01168,36
2019-03-01,KR3Y,Domestic_Equity,0.02628955,0.012719,36
2019-04-01,KR3Y,Domestic_Equity,0.02389275,0.010437,36
2019-05-01,KR3Y,Domestic_Equity,0.0292112,0.014146,36
2019-06-01,KR3Y,Domestic_Equity,0.02914703,0.014388,36
2019-07-01,KR3Y,Domestic_Equity,0.03725657,0.022957,36
2019-08-01,KR3Y,Domestic_Equity,0.06183253,0.061371,36
2019-09-01,KR3Y,Domestic_Equity,0.07705984,0.091855,36
2019-10-01,KR3Y,Domestic_Equity,0.07913389,0.09648,36
2019-11-01,KR3Y,Domestic_Equity,0.1310858,0.214079,36
2019-12-01,KR3Y,Domestic_Equity,0.12792304,0.198101,36
2020-01-01,KR3Y,Domestic_Equity,0.1305962,0.20365,36
2020-02-01,KR3Y,Domestic_Equity,0.13191051,0.210614,36
2020-03-01,KR3Y,Domestic_Equity,0.14880594,0.144634,36
2020-04-01,KR3Y,Domestic_Equity,0.15291559,0.149527,36
2020-05-01,KR3Y,Domestic_Equity,0.12941396,0.108963,36
2020-06-01,KR3Y,Domestic_Equity,0.13173118,0.102178,36
2020-07-01,KR3Y,Domestic_Equity,0.12915236,0.095742,36
2020-08-01,KR3Y,Domestic_Equity,0.13643515,0.098615,36
2020-09-01,KR3Y,Domestic_Equity,0.1338825,0.098028,36
2020-10-01,KR3Y,Domestic_Equity,0.13033608,0.081854,36
2020-11-01,KR3Y,Domestic_Equity,0.1415383,0.088874,36
2020-12-01,KR3Y,Domestic_Equity,0.15712094,0.099222,36
2021-01-01,KR3Y,Domestic_Equity,0.17098448,0.095921,36
2021-02-01,KR3Y,Domestic_Equity,0.19668766,0.122533,36
2021-03-01,KR3Y,Domestic_Equity,0.14654975,0.08064,36
2021-04-01,KR3Y,Domestic_Equity,0.15181727,0.086128,36
2021-05-01,KR3Y,Domestic_Equity,0.15187803,0.085998,36
2021-06-01,KR3Y,Domestic_Equity,0.14922102,0.083824,36
2021-07-01,KR3Y,Domestic_Equity,0.13829721,0.072848,36
2021-08-01,KR3Y,Domestic_Equity,0.14121899,0.072498,36
2021-09-01,KR3Y,Domestic_Equity,0.13063115,0.06303,36
2021-10-01,KR3Y,Domestic_Equity,0.06334921,0.020296,36
2021-11-01,KR3Y,Domestic_Equity,0.05097632,0.013127,36
2021-12-01,KR3Y,Domestic_Equity,0.04540603,0.010219,36
2022-01-01,KR3Y,Domestic_Equity,0.0128211,0.000905,36
2022-02-01,KR3Y,Domestic_Equity,-0.00511939,0.000153,36
2022-03-01,KR3Y,Domestic_Equity,-0.00965902,0.00055,36
2022-04-01,KR3Y,Domestic_Equity,-0.00776152,0.000479,36
2022-05-01,KR3Y,Domestic_Equity,-0.016079,0.002086,36
2022-06-01,KR3Y,Domestic_Equity,-0.04113946,0.014513,36
2022-07-01,KR3Y,Domestic_Equity,-0.01755596,0.002873,36
2022-08-01,KR3Y,Domestic_Equity,-0.0451243,0.018071,36
2022-09-01,KR3Y,Domestic_Equity,-0.06860251,0.055757,36
2022-10-01,KR3Y,Domestic_Equity,-0.07595268,0.076199,36
2022-11-01,KR3Y,Domestic_Equity,-0.08737975,0.098264,36
2022-12-01,KR3Y,Domestic_Equity,-0.06389957,0.061492,36
2023-01-01,KR3Y,Domestic_Equity,-0.05882869,0.055892,36
2023-02-01,KR3Y,Domestic_Equity,-0.063598,0.064142,36
2023-03-01,KR3Y,Domestic_Equity,-0.07658746,0.131713,36
2023-04-01,KR3Y,Domestic_Equity,-0.07807809,0.141235,36
2023-05-01,KR3Y,Domestic_Equity,-0.0748174,0.131927,36
2023-06-01,KR3Y,Domestic_Equity,-0.0682695,0.120664,36
2023-07-01,KR3Y,Domestic_Equity,-0.0674396,0.117808,36
2023-08-01,KR3Y,Domestic_Equity,-0.06484248,0.115742,36
2023-09-01,KR3Y,Domestic_Equity,-0.06522139,0.117047,36
2023-10-01,KR3Y,Domestic_Equity,-0.07118715,0.137831,36
2023-11-01,KR3Y,Domestic_Equity,-0.06944162,0.152702,36
2023-12-01,KR3Y,Domestic_Equity,-0.06916405,0.201765,36
2024-01-01,KR3Y,Domestic_Equity,-0.06478921,0.236394,36
2024-02-01,KR3Y,Domestic_Equity,-0.06516065,0.227975,36
2024-03-01,KR3Y,Domestic_Equity,-0.06583885,0.228787,36
2024-04-01,KR3Y,Domestic_Equity,-0.0657848,0.240735,36
2024-05-01,KR3Y,Domestic_Equity,-0.06622147,0.243111,36
2024-06-01,KR3Y,Domestic_Equity,-0.06639118,0.254711,36
2024-07-01,KR3Y,Domestic_Equity,-0.06759052,0.264353,36
2024-08-01,KR3Y,Domestic_Equity,-0.06372626,0.224124,36
2024-09-01,KR3Y,Domestic_Equity,-0.06352198,0.221005,36
2024-10-01,KR3Y,Domestic_Equity,-0.06023889,0.198928,36
2024-11-01,KR3Y,Domestic_Equity,-0.05884417,0.186339,36
2024-12-01,KR3Y,Domestic_Equity,-0.05532778,0.165241,36
2025-01-01,KR3Y,Domestic_Equity,-0.052863,0.149194,36
2025-02-01,KR3Y,Domestic_Equity,-0.04948356,0.131859,36
2025-03-01,KR3Y,Domestic_Equity,-0.04937988,0.130966,36
2025-04-01,KR3Y,Domestic_Equity,-0.05155387,0.124666,36
2025-05-01,KR3Y,Domestic_Equity,-0.05137451,0.116668,36
2025-06-01,KR3Y,Domestic_Equity,-0.03543685,0.041031,36
2025-07-01,KR3Y,Domestic_Equity,-0.04487106,0.060929,36
2025-08-01,KR3Y,Domestic_Equity,-0.04509729,0.063385,36
2025-09-01,KR3Y,Domestic_Equity,-0.0251747,0.015646,36
2025-10-01,KR3Y,Domestic_Equity,0.01267235,0.002825,36
2025-11-01,KR3Y,Domestic_Equity,0.03256561,0.021355,36
2025-12-01,KR3Y,Domestic_Equity,0.02127155,0.008344,36
2026-01-01,KR3Y,Domestic_Equity,0.03384239,0.014517,36
2026-02-01,KR3Y,Domestic_Equity,0.05102246,0.02694,36
2026-03-01,KR3Y,Domestic_Equity,0.04486904,0.021626,36
2026-04-01,KR3Y,Domestic_Equity,0.05097352,0.025807,36
2026-05-01,KR3Y,Domestic_Equity,0.10923616,0.084524,36
2026-06-01,KR3Y,Domestic_Equity,0.11443051,0.089043,35
2026-07-01,KR3Y,Domestic_Equity,0.11824387,0.095172,34
2013-12-01,KR3Y,Foreign_Equity,0.05310142,0.053145,35
2014-01-01,KR3Y,Foreign_Equity,0.05307119,0.05308,36
2014-02-01,KR3Y,Foreign_Equity,0.05034604,0.048192,36
2014-03-01,KR3Y,Foreign_Equity,0.0483726,0.038697,36
2014-04-01,KR3Y,Foreign_Equity,0.04719148,0.037068,36
2014-05-01,KR3Y,Foreign_Equity,0.0443892,0.032569,36
2014-06-01,KR3Y,Foreign_Equity,0.03797286,0.025752,36
2014-07-01,KR3Y,Foreign_Equity,0.03504792,0.023004,36
2014-08-01,KR3Y,Foreign_Equity,-0.00917012,0.002826,36
2014-09-01,KR3Y,Foreign_Equity,-0.01774899,0.011892,36
2014-10-01,KR3Y,Foreign_Equity,8.01e-05,0.0,36
2014-11-01,KR3Y,Foreign_Equity,-0.00448914,0.000636,36
2014-12-01,KR3Y,Foreign_Equity,-0.00641931,0.00128,36
2015-01-01,KR3Y,Foreign_Equity,-0.00207758,0.000142,36
2015-02-01,KR3Y,Foreign_Equity,-0.00594865,0.001231,36
2015-03-01,KR3Y,Foreign_Equity,-0.00463943,0.000725,36
2015-04-01,KR3Y,Foreign_Equity,-0.00477268,0.000794,36
2015-05-01,KR3Y,Foreign_Equity,-0.01324024,0.008703,36
2015-06-01,KR3Y,Foreign_Equity,-0.01556376,0.012358,36
2015-07-01,KR3Y,Foreign_Equity,-0.01106723,0.005531,36
2015-08-01,KR3Y,Foreign_Equity,0.00429677,0.000726,36
2015-09-01,KR3Y,Foreign_Equity,0.0138672,0.006323,36
2015-10-01,KR3Y,Foreign_Equity,0.01171247,0.004291,36
2015-11-01,KR3Y,Foreign_Equity,0.01323316,0.005938,36
2015-12-01,KR3Y,Foreign_Equity,0.00772593,0.001963,36
2016-01-01,KR3Y,Foreign_Equity,0.02456268,0.017087,36
2016-02-01,KR3Y,Foreign_Equity,0.02754712,0.02244,36
2016-03-01,KR3Y,Foreign_Equity,0.03449221,0.02954,36
2016-04-01,KR3Y,Foreign_Equity,0.03391806,0.027873,36
2016-05-01,KR3Y,Foreign_Equity,0.03029413,0.023115,36
2016-06-01,KR3Y,Foreign_Equity,0.0664979,0.084269,36
2016-07-01,KR3Y,Foreign_Equity,0.05494587,0.054116,36
2016-08-01,KR3Y,Foreign_Equity,0.05782051,0.057485,36
2016-09-01,KR3Y,Foreign_Equity,0.05024722,0.045813,36
2016-10-01,KR3Y,Foreign_Equity,0.04316363,0.036247,36
2016-11-01,KR3Y,Foreign_Equity,0.03033367,0.022929,36
2016-12-01,KR3Y,Foreign_Equity,0.04005565,0.039076,36
2017-01-01,KR3Y,Foreign_Equity,0.03953685,0.038073,36
2017-02-01,KR3Y,Foreign_Equity,0.04008184,0.038707,36
2017-03-01,KR3Y,Foreign_Equity,0.0403785,0.040387,36
2017-04-01,KR3Y,Foreign_Equity,0.04016562,0.039832,36
2017-05-01,KR3Y,Foreign_Equity,0.04192793,0.043627,36
2017-06-01,KR3Y,Foreign_Equity,0.04686614,0.054025,36
2017-07-01,KR3Y,Foreign_Equity,0.05154101,0.062775,36
2017-08-01,KR3Y,Foreign_Equity,0.05112416,0.062946,36
2017-09-01,KR3Y,Foreign_Equity,0.05353302,0.067493,36
2017-10-01,KR3Y,Foreign_Equity,0.04353858,0.047983,36
2017-11-01,KR3Y,Foreign_Equity,0.05055754,0.069808,36
2017-12-01,KR3Y,Foreign_Equity,0.04827964,0.063054,36
2018-01-01,KR3Y,Foreign_Equity,0.05267686,0.069631,36
2018-02-01,KR3Y,Foreign_Equity,0.04824402,0.055203,36
2018-03-01,KR3Y,Foreign_Equity,0.04850998,0.053148,36
2018-04-01,KR3Y,Foreign_Equity,0.0533984,0.063735,36
2018-05-01,KR3Y,Foreign_Equity,0.0618724,0.073288,36
2018-06-01,KR3Y,Foreign_Equity,0.0599163,0.070729,36
2018-07-01,KR3Y,Foreign_Equity,0.05734409,0.067753,36
2018-08-01,KR3Y,Foreign_Equity,0.04424728,0.042278,36
2018-09-01,KR3Y,Foreign_Equity,0.02803468,0.020322,36
2018-10-01,KR3Y,Foreign_Equity,0.02916509,0.020473,36
2018-11-01,KR3Y,Foreign_Equity,0.03347432,0.026235,36
2018-12-01,KR3Y,Foreign_Equity,0.05518501,0.066314,36
2019-01-01,KR3Y,Foreign_Equity,0.03619556,0.034416,36
2019-02-01,KR3Y,Foreign_Equity,0.02896636,0.018472,36
2019-03-01,KR3Y,Foreign_Equity,0.02703646,0.019496,36
2019-04-01,KR3Y,Foreign_Equity,0.02667886,0.0193,36
2019-05-01,KR3Y,Foreign_Equity,0.02924963,0.022465,36
2019-06-01,KR3Y,Foreign_Equity,0.02623838,0.018415,36
2019-07-01,KR3Y,Foreign_Equity,0.02778944,0.020134,36
2019-08-01,KR3Y,Foreign_Equity,0.0454976,0.053276,36
2019-09-01,KR3Y,Foreign_Equity,0.05426455,0.077687,36
2019-10-01,KR3Y,Foreign_Equity,0.05634782,0.084513,36
2019-11-01,KR3Y,Foreign_Equity,0.07884139,0.128049,36
2019-12-01,KR3Y,Foreign_Equity,0.06702519,0.093289,36
2020-01-01,KR3Y,Foreign_Equity,0.06778862,0.094134,36
2020-02-01,KR3Y,Foreign_Equity,0.07073214,0.103096,36
2020-03-01,KR3Y,Foreign_Equity,0.09626532,0.056359,36
2020-04-01,KR3Y,Foreign_Equity,0.09701823,0.057163,36
2020-05-01,KR3Y,Foreign_Equity,0.08642714,0.045035,36
2020-06-01,KR3Y,Foreign_Equity,0.08744715,0.043207,36
2020-07-01,KR3Y,Foreign_Equity,0.08656706,0.04152,36
2020-08-01,KR3Y,Foreign_Equity,0.09004806,0.043045,36
2020-09-01,KR3Y,Foreign_Equity,0.08309782,0.0379,36
2020-10-01,KR3Y,Foreign_Equity,0.08284825,0.032798,36
2020-11-01,KR3Y,Foreign_Equity,0.1034095,0.047185,36
2020-12-01,KR3Y,Foreign_Equity,0.11299026,0.055895,36
2021-01-01,KR3Y,Foreign_Equity,0.10462294,0.044609,36
2021-02-01,KR3Y,Foreign_Equity,0.13172518,0.068455,36
2021-03-01,KR3Y,Foreign_Equity,0.11890276,0.066786,36
2021-04-01,KR3Y,Foreign_Equity,0.12191353,0.070174,36
2021-05-01,KR3Y,Foreign_Equity,0.12579213,0.074391,36
2021-06-01,KR3Y,Foreign_Equity,0.12501503,0.073612,36
2021-07-01,KR3Y,Foreign_Equity,0.12823179,0.075623,36
2021-08-01,KR3Y,Foreign_Equity,0.13490928,0.080717,36
2021-09-01,KR3Y,Foreign_Equity,0.12570761,0.071311,36
2021-10-01,KR3Y,Foreign_Equity,0.10128696,0.063907,36
2021-11-01,KR3Y,Foreign_Equity,0.0983725,0.059423,36
2021-12-01,KR3Y,Foreign_Equity,0.08093986,0.041509,36
2022-01-01,KR3Y,Foreign_Equity,0.06806195,0.03369,36
2022-02-01,KR3Y,Foreign_Equity,0.05654602,0.02535,36
2022-03-01,KR3Y,Foreign_Equity,0.05293686,0.0222,36
2022-04-01,KR3Y,Foreign_Equity,0.0390665,0.016312,36
2022-05-01,KR3Y,Foreign_Equity,0.03397537,0.011617,36
2022-06-01,KR3Y,Foreign_Equity,0.01614595,0.002836,36
2022-07-01,KR3Y,Foreign_Equity,0.02668446,0.008689,36
2022-08-01,KR3Y,Foreign_Equity,0.01073033,0.001301,36
2022-09-01,KR3Y,Foreign_Equity,-0.02744525,0.011015,36
2022-10-01,KR3Y,Foreign_Equity,-0.03208085,0.017085,36
2022-11-01,KR3Y,Foreign_Equity,-0.04372338,0.031105,36
2022-12-01,KR3Y,Foreign_Equity,-0.03650802,0.025656,36
2023-01-01,KR3Y,Foreign_Equity,-0.03784639,0.029337,36
2023-02-01,KR3Y,Foreign_Equity,-0.04078853,0.033795,36
2023-03-01,KR3Y,Foreign_Equity,-0.05549782,0.141845,36
2023-04-01,KR3Y,Foreign_Equity,-0.05607351,0.148823,36
2023-05-01,KR3Y,Foreign_Equity,-0.0553341,0.143068,36
2023-06-01,KR3Y,Foreign_Equity,-0.05048875,0.133282,36
2023-07-01,KR3Y,Foreign_Equity,-0.04987305,0.127105,36
2023-08-01,KR3Y,Foreign_Equity,-0.04846074,0.125023,36
2023-09-01,KR3Y,Foreign_Equity,-0.04883329,0.12674,36
2023-10-01,KR3Y,Foreign_Equity,-0.05343225,0.147819,36
2023-11-01,KR3Y,Foreign_Equity,-0.05457793,0.179986,36
2023-12-01,KR3Y,Foreign_Equity,-0.05916408,0.237985,36
2024-01-01,KR3Y,Foreign_Equity,-0.05872886,0.240573,36
2024-02-01,KR3Y,Foreign_Equity,-0.05866269,0.237488,36
2024-03-01,KR3Y,Foreign_Equity,-0.06161266,0.254402,36
2024-04-01,KR3Y,Foreign_Equity,-0.0618336,0.263111,36
2024-05-01,KR3Y,Foreign_Equity,-0.06226501,0.268893,36
2024-06-01,KR3Y,Foreign_Equity,-0.06009044,0.256462,36
2024-07-01,KR3Y,Foreign_Equity,-0.06084441,0.265585,36
2024-08-01,KR3Y,Foreign_Equity,-0.06065988,0.266476,36
2024-09-01,KR3Y,Foreign_Equity,-0.06053624,0.260612,36
2024-10-01,KR3Y,Foreign_Equity,-0.06391189,0.276743,36
2024-11-01,KR3Y,Foreign_Equity,-0.06428886,0.281829,36
2024-12-01,KR3Y,Foreign_Equity,-0.06352927,0.278526,36
2025-01-01,KR3Y,Foreign_Equity,-0.065202,0.28513,36
2025-02-01,KR3Y,Foreign_Equity,-0.06420617,0.27228,36
2025-03-01,KR3Y,Foreign_Equity,-0.06324876,0.256762,36
2025-04-01,KR3Y,Foreign_Equity,-0.06461119,0.224918,36
2025-05-01,KR3Y,Foreign_Equity,-0.06287898,0.219647,36
2025-06-01,KR3Y,Foreign_Equity,-0.05832245,0.179502,36
2025-07-01,KR3Y,Foreign_Equity,-0.06454938,0.211852,36
2025-08-01,KR3Y,Foreign_Equity,-0.06476434,0.222944,36
2025-09-01,KR3Y,Foreign_Equity,-0.04935958,0.114837,36
2025-10-01,KR3Y,Foreign_Equity,-0.04440084,0.078452,36
2025-11-01,KR3Y,Foreign_Equity,-0.04012254,0.082782,36
2025-12-01,KR3Y,Foreign_Equity,-0.0430386,0.084172,36
2026-01-01,KR3Y,Foreign_Equity,-0.0393188,0.065614,36
2026-02-01,KR3Y,Foreign_Equity,-0.03673778,0.057467,36
2026-03-01,KR3Y,Foreign_Equity,-0.04515822,0.091546,36
2026-04-01,KR3Y,Foreign_Equity,-0.04342559,0.081901,36
2026-05-01,KR3Y,Foreign_Equity,-0.03724795,0.066466,36
2026-06-01,KR3Y,Foreign_Equity,-0.04114854,0.07834,35
2026-07-01,KR3Y,Foreign_Equity,-0.04331437,0.08811,34
2013-12-01,KR3Y,Bond,-0.06281616,0.936407,35
2014-01-01,KR3Y,Bond,-0.06279581,0.935209,36
2014-02-01,KR3Y,Bond,-0.06316492,0.937327,36
2014-03-01,KR3Y,Bond,-0.06526267,0.934446,36
2014-04-01,KR3Y,Bond,-0.06556609,0.940774,36
2014-05-01,KR3Y,Bond,-0.06569675,0.938564,36
2014-06-01,KR3Y,Bond,-0.0649778,0.941095,36
2014-07-01,KR3Y,Bond,-0.0657337,0.950433,36
2014-08-01,KR3Y,Bond,-0.06506186,0.947263,36
2014-09-01,KR3Y,Bond,-0.06366434,0.949467,36
2014-10-01,KR3Y,Bond,-0.06370346,0.951689,36
2014-11-01,KR3Y,Bond,-0.06325399,0.948422,36
2014-12-01,KR3Y,Bond,-0.06303687,0.947296,36
2015-01-01,KR3Y,Bond,-0.06413359,0.942419,36
2015-02-01,KR3Y,Bond,-0.06420659,0.942582,36
2015-03-01,KR3Y,Bond,-0.06309928,0.929998,36
2015-04-01,KR3Y,Bond,-0.06302994,0.930621,36
2015-05-01,KR3Y,Bond,-0.06291575,0.941541,36
2015-06-01,KR3Y,Bond,-0.06273487,0.944403,36
2015-07-01,KR3Y,Bond,-0.0617925,0.937437,36
2015-08-01,KR3Y,Bond,-0.06288152,0.938799,36
2015-09-01,KR3Y,Bond,-0.06253687,0.93755,36
2015-10-01,KR3Y,Bond,-0.06274535,0.938881,36
2015-11-01,KR3Y,Bond,-0.06311075,0.941537,36
2015-12-01,KR3Y,Bond,-0.06231299,0.934642,36
2016-01-01,KR3Y,Bond,-0.06235922,0.93572,36
2016-02-01,KR3Y,Bond,-0.06227599,0.940688,36
2016-03-01,KR3Y,Bond,-0.06223213,0.940244,36
2016-04-01,KR3Y,Bond,-0.06219401,0.939583,36
2016-05-01,KR3Y,Bond,-0.06208921,0.938818,36
2016-06-01,KR3Y,Bond,-0.06179367,0.917557,36
2016-07-01,KR3Y,Bond,-0.06240917,0.911995,36
2016-08-01,KR3Y,Bond,-0.06188417,0.908723,36
2016-09-01,KR3Y,Bond,-0.06219846,0.918529,36
2016-10-01,KR3Y,Bond,-0.06158491,0.921318,36
2016-11-01,KR3Y,Bond,-0.06297278,0.938939,36
2016-12-01,KR3Y,Bond,-0.06412545,0.939969,36
2017-01-01,KR3Y,Bond,-0.06403726,0.939049,36
2017-02-01,KR3Y,Bond,-0.06412771,0.938366,36
2017-03-01,KR3Y,Bond,-0.06416139,0.942135,36
2017-04-01,KR3Y,Bond,-0.06425589,0.94291,36
2017-05-01,KR3Y,Bond,-0.06415395,0.945863,36
2017-06-01,KR3Y,Bond,-0.06449118,0.942884,36
2017-07-01,KR3Y,Bond,-0.06410448,0.941017,36
2017-08-01,KR3Y,Bond,-0.06383346,0.940121,36
2017-09-01,KR3Y,Bond,-0.06419853,0.941796,36
2017-10-01,KR3Y,Bond,-0.06279967,0.93462,36
2017-11-01,KR3Y,Bond,-0.06248216,0.932422,36
2017-12-01,KR3Y,Bond,-0.0625666,0.934328,36
2018-01-01,KR3Y,Bond,-0.06107199,0.940755,36
2018-02-01,KR3Y,Bond,-0.06135303,0.939813,36
2018-03-01,KR3Y,Bond,-0.06280667,0.94502,36
2018-04-01,KR3Y,Bond,-0.06277119,0.943816,36
2018-05-01,KR3Y,Bond,-0.06283415,0.934628,36
2018-06-01,KR3Y,Bond,-0.06299279,0.935837,36
2018-07-01,KR3Y,Bond,-0.06285014,0.93847,36
2018-08-01,KR3Y,Bond,-0.06210491,0.933195,36
2018-09-01,KR3Y,Bond,-0.06305072,0.935617,36
2018-10-01,KR3Y,Bond,-0.06240254,0.936737,36
2018-11-01,KR3Y,Bond,-0.06208607,0.936865,36
2018-12-01,KR3Y,Bond,-0.06240923,0.951384,36
2019-01-01,KR3Y,Bond,-0.06226746,0.948197,36
2019-02-01,KR3Y,Bond,-0.06239762,0.943467,36
2019-03-01,KR3Y,Bond,-0.06237064,0.943963,36
2019-04-01,KR3Y,Bond,-0.06232559,0.944175,36
2019-05-01,KR3Y,Bond,-0.06239133,0.944912,36
2019-06-01,KR3Y,Bond,-0.06265083,0.946404,36
2019-07-01,KR3Y,Bond,-0.06135805,0.944762,36
2019-08-01,KR3Y,Bond,-0.06165029,0.950677,36
2019-09-01,KR3Y,Bond,-0.06145042,0.952423,36
2019-10-01,KR3Y,Bond,-0.06248706,0.951268,36
2019-11-01,KR3Y,Bond,-0.06244233,0.939396,36
2019-12-01,KR3Y,Bond,-0.06128201,0.940692,36
2020-01-01,KR3Y,Bond,-0.06140503,0.938681,36
2020-02-01,KR3Y,Bond,-0.06100305,0.939805,36
2020-03-01,KR3Y,Bond,-0.06080936,0.938051,36
2020-04-01,KR3Y,Bond,-0.06089226,0.938,36
2020-05-01,KR3Y,Bond,-0.06043826,0.940005,36
2020-06-01,KR3Y,Bond,-0.06030286,0.943533,36
2020-07-01,KR3Y,Bond,-0.06002419,0.942506,36
2020-08-01,KR3Y,Bond,-0.06039815,0.940797,36
2020-09-01,KR3Y,Bond,-0.06109986,0.941602,36
2020-10-01,KR3Y,Bond,-0.06334236,0.945781,36
2020-11-01,KR3Y,Bond,-0.06581691,0.959947,36
2020-12-01,KR3Y,Bond,-0.06591606,0.960627,36
2021-01-01,KR3Y,Bond,-0.06668289,0.95246,36
2021-02-01,KR3Y,Bond,-0.06726099,0.932359,36
2021-03-01,KR3Y,Bond,-0.06504255,0.942604,36
2021-04-01,KR3Y,Bond,-0.06434454,0.933741,36
2021-05-01,KR3Y,Bond,-0.06435945,0.933646,36
2021-06-01,KR3Y,Bond,-0.06307334,0.916323,36
2021-07-01,KR3Y,Bond,-0.06329226,0.897094,36
2021-08-01,KR3Y,Bond,-0.06413251,0.89575,36
2021-09-01,KR3Y,Bond,-0.06407332,0.898957,36
2021-10-01,KR3Y,Bond,-0.06239637,0.919136,36
2021-11-01,KR3Y,Bond,-0.06136947,0.895757,36
2021-12-01,KR3Y,Bond,-0.06090073,0.893125,36
2022-01-01,KR3Y,Bond,-0.06159371,0.907198,36
2022-02-01,KR3Y,Bond,-0.06092685,0.909878,36
2022-03-01,KR3Y,Bond,-0.06070533,0.909319,36
2022-04-01,KR3Y,Bond,-0.0581915,0.920849,36
2022-05-01,KR3Y,Bond,-0.05809343,0.919963,36
2022-06-01,KR3Y,Bond,-0.05559037,0.916008,36
2022-07-01,KR3Y,Bond,-0.05743142,0.924003,36
2022-08-01,KR3Y,Bond,-0.05678722,0.91739,36
2022-09-01,KR3Y,Bond,-0.05527568,0.933157,36
2022-10-01,KR3Y,Bond,-0.05312906,0.930711,36
2022-11-01,KR3Y,Bond,-0.05533043,0.893299,36
2022-12-01,KR3Y,Bond,-0.05470309,0.905567,36
2023-01-01,KR3Y,Bond,-0.05344181,0.900517,36
2023-02-01,KR3Y,Bond,-0.0532861,0.896982,36
2023-03-01,KR3Y,Bond,-0.05338002,0.896793,36
2023-04-01,KR3Y,Bond,-0.05312744,0.898813,36
2023-05-01,KR3Y,Bond,-0.05300244,0.895774,36
2023-06-01,KR3Y,Bond,-0.05308297,0.897485,36
2023-07-01,KR3Y,Bond,-0.05311593,0.896701,36
2023-08-01,KR3Y,Bond,-0.05333459,0.897582,36
2023-09-01,KR3Y,Bond,-0.05318909,0.897857,36
2023-10-01,KR3Y,Bond,-0.0532501,0.901332,36
2023-11-01,KR3Y,Bond,-0.05420552,0.911935,36
2023-12-01,KR3Y,Bond,-0.05491679,0.924435,36
2024-01-01,KR3Y,Bond,-0.05496208,0.928011,36
2024-02-01,KR3Y,Bond,-0.05508016,0.934464,36
2024-03-01,KR3Y,Bond,-0.05489339,0.933601,36
2024-04-01,KR3Y,Bond,-0.05501162,0.93149,36
2024-05-01,KR3Y,Bond,-0.05501432,0.932355,36
2024-06-01,KR3Y,Bond,-0.05509441,0.935004,36
2024-07-01,KR3Y,Bond,-0.05491049,0.937877,36
2024-08-01,KR3Y,Bond,-0.05505907,0.938137,36
2024-09-01,KR3Y,Bond,-0.0549164,0.939727,36
2024-10-01,KR3Y,Bond,-0.05462261,0.937073,36
2024-11-01,KR3Y,Bond,-0.0546762,0.939995,36
2024-12-01,KR3Y,Bond,-0.05485184,0.940465,36
2025-01-01,KR3Y,Bond,-0.05430177,0.937903,36
2025-02-01,KR3Y,Bond,-0.05420813,0.936765,36
2025-03-01,KR3Y,Bond,-0.05417491,0.936539,36
2025-04-01,KR3Y,Bond,-0.05384687,0.928626,36
2025-05-01,KR3Y,Bond,-0.05372297,0.923028,36
2025-06-01,KR3Y,Bond,-0.05430108,0.917465,36
2025-07-01,KR3Y,Bond,-0.05367135,0.914602,36
2025-08-01,KR3Y,Bond,-0.05366116,0.914982,36
2025-09-01,KR3Y,Bond,-0.05372361,0.890798,36
2025-10-01,KR3Y,Bond,-0.0560559,0.884703,36
2025-11-01,KR3Y,Bond,-0.05511663,0.941935,36
2025-12-01,KR3Y,Bond,-0.05472344,0.928589,36
2026-01-01,KR3Y,Bond,-0.05677632,0.943523,36
2026-02-01,KR3Y,Bond,-0.05688554,0.948346,36
2026-03-01,KR3Y,Bond,-0.05625027,0.944931,36
2026-04-01,KR3Y,Bond,-0.05686078,0.946408,36
2026-05-01,KR3Y,Bond,-0.05795723,0.951338,36
2026-06-01,KR3Y,Bond,-0.0580989,0.949777,35
2026-07-01,KR3Y,Bond,-0.05825848,0.950629,34
2013-12-01,KR3Y,Gold,-0.08977631,0.095227,35
2014-01-01,KR3Y,Gold,-0.08931199,0.091393,36
2014-02-01,KR3Y,Gold,-0.08942527,0.090838,36
2014-03-01,KR3Y,Gold,-0.09927417,0.093893,36
2014-04-01,KR3Y,Gold,-0.10125193,0.098852,36
2014-05-01,KR3Y,Gold,-0.0914949,0.081224,36
2014-06-01,KR3Y,Gold,-0.08017784,0.063148,36
2014-07-01,KR3Y,Gold,-0.097257,0.090846,36
2014-08-01,KR3Y,Gold,-0.09212992,0.077623,36
2014-09-01,KR3Y,Gold,-0.06509111,0.050438,36
2014-10-01,KR3Y,Gold,-0.05292617,0.034065,36
2014-11-01,KR3Y,Gold,-0.04891974,0.029936,36
2014-12-01,KR3Y,Gold,-0.04584346,0.026995,36
2015-01-01,KR3Y,Gold,-0.04737769,0.031027,36
2015-02-01,KR3Y,Gold,-0.05059769,0.033753,36
2015-03-01,KR3Y,Gold,-0.06036377,0.049062,36
2015-04-01,KR3Y,Gold,-0.06090959,0.051009,36
2015-05-01,KR3Y,Gold,-0.05527037,0.050141,36
2015-06-01,KR3Y,Gold,-0.05697951,0.054247,36
2015-07-01,KR3Y,Gold,-0.05748335,0.049966,36
2015-08-01,KR3Y,Gold,-0.04803767,0.030086,36
2015-09-01,KR3Y,Gold,-0.05478159,0.038509,36
2015-10-01,KR3Y,Gold,-0.05611247,0.047138,36
2015-11-01,KR3Y,Gold,-0.05855786,0.053548,36
2015-12-01,KR3Y,Gold,-0.06096129,0.055571,36
2016-01-01,KR3Y,Gold,-0.06805762,0.067834,36
2016-02-01,KR3Y,Gold,-0.07898338,0.088983,36
2016-03-01,KR3Y,Gold,-0.07325808,0.061917,36
2016-04-01,KR3Y,Gold,-0.07411695,0.063461,36
2016-05-01,KR3Y,Gold,-0.06789118,0.053914,36
2016-06-01,KR3Y,Gold,-0.03687924,0.011584,36
2016-07-01,KR3Y,Gold,-0.04403111,0.013032,36
2016-08-01,KR3Y,Gold,-0.03202429,0.006801,36
2016-09-01,KR3Y,Gold,-0.03586398,0.009306,36
2016-10-01,KR3Y,Gold,-0.05168859,0.019786,36
2016-11-01,KR3Y,Gold,-0.02377653,0.005262,36
2016-12-01,KR3Y,Gold,-0.04640494,0.018337,36
2017-01-01,KR3Y,Gold,-0.0458459,0.018384,36
2017-02-01,KR3Y,Gold,-0.03905927,0.013099,36
2017-03-01,KR3Y,Gold,-0.03389973,0.01017,36
2017-04-01,KR3Y,Gold,-0.03587863,0.011469,36
2017-05-01,KR3Y,Gold,-0.03905002,0.013772,36
2017-06-01,KR3Y,Gold,-0.0484229,0.021017,36
2017-07-01,KR3Y,Gold,-0.03963245,0.013849,36
2017-08-01,KR3Y,Gold,-0.03344324,0.009788,36
2017-09-01,KR3Y,Gold,-0.0356141,0.010526,36
2017-10-01,KR3Y,Gold,-0.07547853,0.046648,36
2017-11-01,KR3Y,Gold,-0.08491932,0.061694,36
2017-12-01,KR3Y,Gold,-0.08420953,0.061941,36
2018-01-01,KR3Y,Gold,-0.07453903,0.046322,36
2018-02-01,KR3Y,Gold,-0.06897244,0.040644,36
2018-03-01,KR3Y,Gold,-0.08581698,0.062584,36
2018-04-01,KR3Y,Gold,-0.08657374,0.062943,36
2018-05-01,KR3Y,Gold,-0.09236853,0.061303,36
2018-06-01,KR3Y,Gold,-0.08843011,0.057122,36
2018-07-01,KR3Y,Gold,-0.07686855,0.043825,36
2018-08-01,KR3Y,Gold,-0.0896576,0.063361,36
2018-09-01,KR3Y,Gold,-0.07578252,0.045686,36
2018-10-01,KR3Y,Gold,-0.07494422,0.044341,36
2018-11-01,KR3Y,Gold,-0.0717933,0.040822,36
2018-12-01,KR3Y,Gold,-0.06824939,0.041478,36
2019-01-01,KR3Y,Gold,-0.06583491,0.036892,36
2019-02-01,KR3Y,Gold,-0.05575795,0.02486,36
2019-03-01,KR3Y,Gold,-0.05684821,0.030132,36
2019-04-01,KR3Y,Gold,-0.05792865,0.031607,36
2019-05-01,KR3Y,Gold,-0.05342356,0.028043,36
2019-06-01,KR3Y,Gold,-0.08631213,0.077463,36
2019-07-01,KR3Y,Gold,-0.06243991,0.050745,36
2019-08-01,KR3Y,Gold,-0.08246427,0.089128,36
2019-09-01,KR3Y,Gold,-0.06662376,0.059909,36
2019-10-01,KR3Y,Gold,-0.06087435,0.052651,36
2019-11-01,KR3Y,Gold,-0.08587142,0.084995,36
2019-12-01,KR3Y,Gold,-0.04970871,0.037471,36
2020-01-01,KR3Y,Gold,-0.05259663,0.040291,36
2020-02-01,KR3Y,Gold,-0.05839105,0.051817,36
2020-03-01,KR3Y,Gold,-0.06684037,0.064894,36
2020-04-01,KR3Y,Gold,-0.06889264,0.067326,36
2020-05-01,KR3Y,Gold,-0.07654258,0.078341,36
2020-06-01,KR3Y,Gold,-0.07576001,0.077501,36
2020-07-01,KR3Y,Gold,-0.06643355,0.063286,36
2020-08-01,KR3Y,Gold,-0.06958592,0.045318,36
2020-09-01,KR3Y,Gold,-0.08336747,0.067487,36
2020-10-01,KR3Y,Gold,-0.05766644,0.029965,36
2020-11-01,KR3Y,Gold,-0.05760928,0.028633,36
2020-12-01,KR3Y,Gold,-0.07110857,0.040495,36
2021-01-01,KR3Y,Gold,-0.08930516,0.057262,36
2021-02-01,KR3Y,Gold,-0.10060272,0.064092,36
2021-03-01,KR3Y,Gold,-0.12884922,0.11496,36
2021-04-01,KR3Y,Gold,-0.12671494,0.11197,36
2021-05-01,KR3Y,Gold,-0.11207587,0.087243,36
2021-06-01,KR3Y,Gold,-0.10887802,0.081165,36
2021-07-01,KR3Y,Gold,-0.11947371,0.093571,36
2021-08-01,KR3Y,Gold,-0.13603877,0.119796,36
2021-09-01,KR3Y,Gold,-0.14391097,0.138975,36
2021-10-01,KR3Y,Gold,-0.1361585,0.162075,36
2021-11-01,KR3Y,Gold,-0.13604735,0.158589,36
2021-12-01,KR3Y,Gold,-0.13420138,0.150329,36
2022-01-01,KR3Y,Gold,-0.11521224,0.12829,36
2022-02-01,KR3Y,Gold,-0.11052293,0.126792,36
2022-03-01,KR3Y,Gold,-0.10408091,0.108097,36
2022-04-01,KR3Y,Gold,-0.08363469,0.094023,36
2022-05-01,KR3Y,Gold,-0.0882727,0.101345,36
2022-06-01,KR3Y,Gold,-0.08233968,0.097534,36
2022-07-01,KR3Y,Gold,-0.04204716,0.027532,36
2022-08-01,KR3Y,Gold,-0.02796782,0.011833,36
2022-09-01,KR3Y,Gold,-0.04272422,0.037056,36
2022-10-01,KR3Y,Gold,-0.03968439,0.037032,36
2022-11-01,KR3Y,Gold,-0.03312667,0.026086,36
2022-12-01,KR3Y,Gold,-0.0539502,0.074534,36
2023-01-01,KR3Y,Gold,-0.05461555,0.081861,36
2023-02-01,KR3Y,Gold,-0.0551534,0.081555,36
2023-03-01,KR3Y,Gold,-0.05051174,0.067264,36
2023-04-01,KR3Y,Gold,-0.06202707,0.094544,36
2023-05-01,KR3Y,Gold,-0.05812299,0.084962,36
2023-06-01,KR3Y,Gold,-0.06002619,0.090457,36
2023-07-01,KR3Y,Gold,-0.05888744,0.086867,36
2023-08-01,KR3Y,Gold,-0.05161555,0.089259,36
2023-09-01,KR3Y,Gold,-0.05164599,0.090916,36
2023-10-01,KR3Y,Gold,-0.05796048,0.114243,36
2023-11-01,KR3Y,Gold,-0.07170391,0.169397,36
2023-12-01,KR3Y,Gold,-0.0665305,0.175145,36
2024-01-01,KR3Y,Gold,-0.06508363,0.177757,36
2024-02-01,KR3Y,Gold,-0.06599895,0.19142,36
2024-03-01,KR3Y,Gold,-0.06447456,0.187785,36
2024-04-01,KR3Y,Gold,-0.06290904,0.168857,36
2024-05-01,KR3Y,Gold,-0.06319466,0.173568,36
2024-06-01,KR3Y,Gold,-0.06240753,0.178287,36
2024-07-01,KR3Y,Gold,-0.06247627,0.191624,36
2024-08-01,KR3Y,Gold,-0.06351634,0.198849,36
2024-09-01,KR3Y,Gold,-0.06370802,0.196494,36
2024-10-01,KR3Y,Gold,-0.06063531,0.167417,36
2024-11-01,KR3Y,Gold,-0.06084259,0.168867,36
2024-12-01,KR3Y,Gold,-0.0579655,0.151686,36
2025-01-01,KR3Y,Gold,-0.05952751,0.15563,36
2025-02-01,KR3Y,Gold,-0.05878929,0.131231,36
2025-03-01,KR3Y,Gold,-0.06151015,0.149399,36
2025-04-01,KR3Y,Gold,-0.07161978,0.169659,36
2025-05-01,KR3Y,Gold,-0.07030696,0.166856,36
2025-06-01,KR3Y,Gold,-0.07047141,0.155464,36
2025-07-01,KR3Y,Gold,-0.0857893,0.23456,36
2025-08-01,KR3Y,Gold,-0.08573307,0.234683,36
2025-09-01,KR3Y,Gold,-0.08370136,0.171959,36
2025-10-01,KR3Y,Gold,-0.07669663,0.103596,36
2025-11-01,KR3Y,Gold,-0.07571218,0.117557,36
2025-12-01,KR3Y,Gold,-0.06232297,0.074724,36
2026-01-01,KR3Y,Gold,-0.05831806,0.058648,36
2026-02-01,KR3Y,Gold,-0.05402671,0.050616,36
2026-03-01,KR3Y,Gold,-0.06019061,0.068472,36
2026-04-01,KR3Y,Gold,-0.04954064,0.045757,36
2026-05-01,KR3Y,Gold,-0.05190858,0.052905,36
2026-06-01,KR3Y,Gold,-0.04441887,0.038822,35
2026-07-01,KR3Y,Gold,-0.04064121,0.033788,34
2013-12-01,KR10Y,Domestic_Equity,0.04375266,0.029313,35
2014-01-01,KR10Y,Domestic_Equity,0.04311282,0.02827,36
2014-02-01,KR10Y,Domestic_Equity,0.04907964,0.037586,36
2014-03-01,KR10Y,Domestic_Equity,0.05088372,0.037849,36
2014-04-01,KR10Y,Domestic_Equity,0.05195724,0.044871,36
2014-05-01,KR10Y,Domestic_Equity,0.04996901,0.041609,36
2014-06-01,KR10Y,Domestic_Equity,0.04685488,0.037158,36
2014-07-01,KR10Y,Domestic_Equity,0.03940674,0.028616,36
2014-08-01,KR10Y,Domestic_Equity,-0.0039499,0.000477,36
2014-09-01,KR10Y,Domestic_Equity,-0.01581439,0.007884,36
2014-10-01,KR10Y,Domestic_Equity,-0.00115979,4e-05,36
2014-11-01,KR10Y,Domestic_Equity,-0.00076028,1.7e-05,36
2014-12-01,KR10Y,Domestic_Equity,-0.00108967,3.5e-05,36
2015-01-01,KR10Y,Domestic_Equity,0.00208609,0.00014,36
2015-02-01,KR10Y,Domestic_Equity,-0.00266691,0.000261,36
2015-03-01,KR10Y,Domestic_Equity,-0.00660215,0.00148,36
2015-04-01,KR10Y,Domestic_Equity,-0.01012715,0.003192,36
2015-05-01,KR10Y,Domestic_Equity,-0.01536187,0.010038,36
2015-06-01,KR10Y,Domestic_Equity,-0.01870159,0.014588,36
2015-07-01,KR10Y,Domestic_Equity,-0.02731602,0.027768,36
2015-08-01,KR10Y,Domestic_Equity,-0.00529877,0.000995,36
2015-09-01,KR10Y,Domestic_Equity,-0.00395472,0.000569,36
2015-10-01,KR10Y,Domestic_Equity,-0.0107344,0.003904,36
2015-11-01,KR10Y,Domestic_Equity,-0.01104063,0.004434,36
2015-12-01,KR10Y,Domestic_Equity,-0.01866545,0.012898,36
2016-01-01,KR10Y,Domestic_Equity,-0.01119372,0.004415,36
2016-02-01,KR10Y,Domestic_Equity,-0.01150898,0.004848,36
2016-03-01,KR10Y,Domestic_Equity,-0.00759409,0.001961,36
2016-04-01,KR10Y,Domestic_Equity,-0.00934281,0.003052,36
2016-05-01,KR10Y,Domestic_Equity,-0.01177618,0.004819,36
2016-06-01,KR10Y,Domestic_Equity,0.02020446,0.011687,36
2016-07-01,KR10Y,Domestic_Equity,0.02178766,0.013128,36
2016-08-01,KR10Y,Domestic_Equity,0.02077931,0.011113,36
2016-09-01,KR10Y,Domestic_Equity,0.02119103,0.013575,36
2016-10-01,KR10Y,Domestic_Equity,0.02161574,0.014941,36
2016-11-01,KR10Y,Domestic_Equity,0.00281603,0.000307,36
2016-12-01,KR10Y,Domestic_Equity,0.01092171,0.004839,36
2017-01-01,KR10Y,Domestic_Equity,0.01185548,0.005714,36
2017-02-01,KR10Y,Domestic_Equity,0.01175437,0.005634,36
2017-03-01,KR10Y,Domestic_Equity,0.01419965,0.008071,36
2017-04-01,KR10Y,Domestic_Equity,0.01337465,0.007232,36
2017-05-01,KR10Y,Domestic_Equity,0.02150807,0.015825,36
2017-06-01,KR10Y,Domestic_Equity,0.01882863,0.011552,36
2017-07-01,KR10Y,Domestic_Equity,0.02397452,0.017916,36
2017-08-01,KR10Y,Domestic_Equity,0.02097965,0.013556,36
2017-09-01,KR10Y,Domestic_Equity,0.019953,0.012302,36
2017-10-01,KR10Y,Domestic_Equity,0.01057653,0.003684,36
2017-11-01,KR10Y,Domestic_Equity,0.01374099,0.006087,36
2017-12-01,KR10Y,Domestic_Equity,0.01667052,0.008654,36
2018-01-01,KR10Y,Domestic_Equity,0.01371856,0.005483,36
2018-02-01,KR10Y,Domestic_Equity,0.00679595,0.00129,36
2018-03-01,KR10Y,Domestic_Equity,0.00949489,0.002559,36
2018-04-01,KR10Y,Domestic_Equity,0.01727429,0.00907,36
2018-05-01,KR10Y,Domestic_Equity,0.0192824,0.009801,36
2018-06-01,KR10Y,Domestic_Equity,0.02318897,0.014453,36
2018-07-01,KR10Y,Domestic_Equity,0.03271538,0.025977,36
2018-08-01,KR10Y,Domestic_Equity,0.01993695,0.0108,36
2018-09-01,KR10Y,Domestic_Equity,0.01539863,0.006613,36
2018-10-01,KR10Y,Domestic_Equity,0.02280671,0.012192,36
2018-11-01,KR10Y,Domestic_Equity,0.03540434,0.027177,36
2018-12-01,KR10Y,Domestic_Equity,0.03391427,0.027124,36
2019-01-01,KR10Y,Domestic_Equity,0.0244272,0.014341,36
2019-02-01,KR10Y,Domestic_Equity,0.02546815,0.013132,36
2019-03-01,KR10Y,Domestic_Equity,0.02566446,0.013641,36
2019-04-01,KR10Y,Domestic_Equity,0.02377736,0.011614,36
2019-05-01,KR10Y,Domestic_Equity,0.02940236,0.016133,36
2019-06-01,KR10Y,Domestic_Equity,0.02905205,0.016213,36
2019-07-01,KR10Y,Domestic_Equity,0.03868935,0.026866,36
2019-08-01,KR10Y,Domestic_Equity,0.06286853,0.06985,36
2019-09-01,KR10Y,Domestic_Equity,0.07599889,0.097189,36
2019-10-01,KR10Y,Domestic_Equity,0.07597646,0.099901,36
2019-11-01,KR10Y,Domestic_Equity,0.12439603,0.219628,36
2019-12-01,KR10Y,Domestic_Equity,0.12411295,0.205132,36
2020-01-01,KR10Y,Domestic_Equity,0.12657868,0.211613,36
2020-02-01,KR10Y,Domestic_Equity,0.12831011,0.217971,36
2020-03-01,KR10Y,Domestic_Equity,0.13888699,0.137335,36
2020-04-01,KR10Y,Domestic_Equity,0.14266025,0.142038,36
2020-05-01,KR10Y,Domestic_Equity,0.11815858,0.097702,36
2020-06-01,KR10Y,Domestic_Equity,0.1291375,0.104718,36
2020-07-01,KR10Y,Domestic_Equity,0.1273503,0.098401,36
2020-08-01,KR10Y,Domestic_Equity,0.13644537,0.105478,36
2020-09-01,KR10Y,Domestic_Equity,0.13197274,0.103552,36
2020-10-01,KR10Y,Domestic_Equity,0.12647084,0.089135,36
2020-11-01,KR10Y,Domestic_Equity,0.13602341,0.100287,36
2020-12-01,KR10Y,Domestic_Equity,0.15162356,0.113186,36
2021-01-01,KR10Y,Domestic_Equity,0.17501863,0.125923,36
2021-02-01,KR10Y,Domestic_Equity,0.19460208,0.154621,36
2021-03-01,KR10Y,Domestic_Equity,0.16147737,0.117513,36
2021-04-01,KR10Y,Domestic_Equity,0.16292898,0.117894,36
2021-05-01,KR10Y,Domestic_Equity,0.16378237,0.118394,36
2021-06-01,KR10Y,Domestic_Equity,0.15920622,0.111025,36
2021-07-01,KR10Y,Domestic_Equity,0.14860995,0.100998,36
2021-08-01,KR10Y,Domestic_Equity,0.15166841,0.103546,36
2021-09-01,KR10Y,Domestic_Equity,0.14036438,0.090328,36
2021-10-01,KR10Y,Domestic_Equity,0.08012427,0.037713,36
2021-11-01,KR10Y,Domestic_Equity,0.07243105,0.030617,36
2021-12-01,KR10Y,Domestic_Equity,0.06836398,0.026417,36
2022-01-01,KR10Y,Domestic_Equity,0.03268172,0.006806,36
2022-02-01,KR10Y,Domestic_Equity,0.01659241,0.001821,36
2022-03-01,KR10Y,Domestic_Equity,0.01239667,0.001026,36
2022-04-01,KR10Y,Domestic_Equity,0.00961399,0.000764,36
2022-05-01,KR10Y,Domestic_Equity,0.00072607,4e-06,36
2022-06-01,KR10Y,Domestic_Equity,-0.02172283,0.003919,36
2022-07-01,KR10Y,Domestic_Equity,0.0022051,4.5e-05,36
2022-08-01,KR10Y,Domestic_Equity,-0.02473619,0.005306,36
2022-09-01,KR10Y,Domestic_Equity,-0.05305788,0.03092,36
2022-10-01,KR10Y,Domestic_Equity,-0.06278365,0.045272,36
2022-11-01,KR10Y,Domestic_Equity,-0.08243383,0.084087,36
2022-12-01,KR10Y,Domestic_Equity,-0.06448171,0.057127,36
2023-01-01,KR10Y,Domestic_Equity,-0.06258004,0.055126,36
2023-02-01,KR10Y,Domestic_Equity,-0.06641273,0.060693,36
2023-03-01,KR10Y,Domestic_Equity,-0.07918604,0.122282,36
2023-04-01,KR10Y,Domestic_Equity,-0.08096819,0.129913,36
2023-05-01,KR10Y,Domestic_Equity,-0.07728111,0.119909,36
2023-06-01,KR10Y,Domestic_Equity,-0.07089003,0.111114,36
2023-07-01,KR10Y,Domestic_Equity,-0.06993187,0.108199,36
2023-08-01,KR10Y,Domestic_Equity,-0.06837056,0.110819,36
2023-09-01,KR10Y,Domestic_Equity,-0.06883916,0.111853,36
2023-10-01,KR10Y,Domestic_Equity,-0.07543553,0.133124,36
2023-11-01,KR10Y,Domestic_Equity,-0.07403633,0.151817,36
2023-12-01,KR10Y,Domestic_Equity,-0.07515024,0.21027,36
2024-01-01,KR10Y,Domestic_Equity,-0.07468033,0.276602,36
2024-02-01,KR10Y,Domestic_Equity,-0.07442482,0.261596,36
2024-03-01,KR10Y,Domestic_Equity,-0.07492382,0.259623,36
2024-04-01,KR10Y,Domestic_Equity,-0.0737158,0.266676,36
2024-05-01,KR10Y,Domestic_Equity,-0.07432163,0.270052,36
2024-06-01,KR10Y,Domestic_Equity,-0.07353275,0.275236,36
2024-07-01,KR10Y,Domestic_Equity,-0.07539009,0.28624,36
2024-08-01,KR10Y,Domestic_Equity,-0.0701893,0.237644,36
2024-09-01,KR10Y,Domestic_Equity,-0.07010185,0.23418,36
2024-10-01,KR10Y,Domestic_Equity,-0.06657359,0.210597,36
2024-11-01,KR10Y,Domestic_Equity,-0.06538839,0.199134,36
2024-12-01,KR10Y,Domestic_Equity,-0.06090757,0.174186,36
2025-01-01,KR10Y,Domestic_Equity,-0.0570597,0.149135,36
2025-02-01,KR10Y,Domestic_Equity,-0.05359097,0.132678,36
2025-03-01,KR10Y,Domestic_Equity,-0.05347838,0.131806,36
2025-04-01,KR10Y,Domestic_Equity,-0.05682284,0.130015,36
2025-05-01,KR10Y,Domestic_Equity,-0.05343017,0.108423,36
2025-06-01,KR10Y,Domestic_Equity,-0.03425076,0.033788,36
2025-07-01,KR10Y,Domestic_Equity,-0.04797143,0.060186,36
2025-08-01,KR10Y,Domestic_Equity,-0.0489277,0.064436,36
2025-09-01,KR10Y,Domestic_Equity,-0.02838692,0.017621,36
2025-10-01,KR10Y,Domestic_Equity,0.00213966,7.7e-05,36
2025-11-01,KR10Y,Domestic_Equity,0.04026485,0.028663,36
2025-12-01,KR10Y,Domestic_Equity,0.0302462,0.014875,36
2026-01-01,KR10Y,Domestic_Equity,0.0469209,0.026103,36
2026-02-01,KR10Y,Domestic_Equity,0.06359203,0.039129,36
2026-03-01,KR10Y,Domestic_Equity,0.0596402,0.035103,36
2026-04-01,KR10Y,Domestic_Equity,0.06339464,0.037431,36
2026-05-01,KR10Y,Domestic_Equity,0.12784047,0.112743,36
2026-06-01,KR10Y,Domestic_Equity,0.13883481,0.124465,36
2026-07-01,KR10Y,Domestic_Equity,0.14123963,0.129599,35
2013-12-01,KR10Y,Foreign_Equity,0.06176469,0.081068,35
2014-01-01,KR10Y,Foreign_Equity,0.06179393,0.081192,36
2014-02-01,KR10Y,Foreign_Equity,0.05980069,0.077145,36
2014-03-01,KR10Y,Foreign_Equity,0.05933774,0.071283,36
2014-04-01,KR10Y,Foreign_Equity,0.05947329,0.072281,36
2014-05-01,KR10Y,Foreign_Equity,0.05620274,0.064798,36
2014-06-01,KR10Y,Foreign_Equity,0.04908258,0.052257,36
2014-07-01,KR10Y,Foreign_Equity,0.04632706,0.049592,36
2014-08-01,KR10Y,Foreign_Equity,0.00306893,0.000386,36
2014-09-01,KR10Y,Foreign_Equity,-0.00947457,0.003962,36
2014-10-01,KR10Y,Foreign_Equity,0.00655269,0.001661,36
2014-11-01,KR10Y,Foreign_Equity,0.00428686,0.000673,36
2014-12-01,KR10Y,Foreign_Equity,0.00373241,0.000498,36
2015-01-01,KR10Y,Foreign_Equity,0.00971803,0.003753,36
2015-02-01,KR10Y,Foreign_Equity,0.00646267,0.001755,36
2015-03-01,KR10Y,Foreign_Equity,0.00650088,0.001677,36
2015-04-01,KR10Y,Foreign_Equity,0.00585951,0.00141,36
2015-05-01,KR10Y,Foreign_Equity,-0.00403808,0.000931,36
2015-06-01,KR10Y,Foreign_Equity,-0.00770086,0.003453,36
2015-07-01,KR10Y,Foreign_Equity,-0.00098271,4.9e-05,36
2015-08-01,KR10Y,Foreign_Equity,0.01188068,0.006457,36
2015-09-01,KR10Y,Foreign_Equity,0.01871694,0.013304,36
2015-10-01,KR10Y,Foreign_Equity,0.01349079,0.006631,36
2015-11-01,KR10Y,Foreign_Equity,0.01519151,0.009135,36
2015-12-01,KR10Y,Foreign_Equity,0.01229432,0.005705,36
2016-01-01,KR10Y,Foreign_Equity,0.02779023,0.025208,36
2016-02-01,KR10Y,Foreign_Equity,0.02929471,0.029171,36
2016-03-01,KR10Y,Foreign_Equity,0.03658972,0.038098,36
2016-04-01,KR10Y,Foreign_Equity,0.03627233,0.036528,36
2016-05-01,KR10Y,Foreign_Equity,0.03232726,0.030069,36
2016-06-01,KR10Y,Foreign_Equity,0.06593585,0.09633,36
2016-07-01,KR10Y,Foreign_Equity,0.05218806,0.058451,36
2016-08-01,KR10Y,Foreign_Equity,0.0563564,0.063616,36
2016-09-01,KR10Y,Foreign_Equity,0.05071674,0.053854,36
2016-10-01,KR10Y,Foreign_Equity,0.04661415,0.047419,36
2016-11-01,KR10Y,Foreign_Equity,0.03364732,0.031858,36
2016-12-01,KR10Y,Foreign_Equity,0.04377157,0.054217,36
2017-01-01,KR10Y,Foreign_Equity,0.04344565,0.053254,36
2017-02-01,KR10Y,Foreign_Equity,0.04421001,0.054933,36
2017-03-01,KR10Y,Foreign_Equity,0.0428588,0.052788,36
2017-04-01,KR10Y,Foreign_Equity,0.04263802,0.052121,36
2017-05-01,KR10Y,Foreign_Equity,0.04520371,0.058803,36
2017-06-01,KR10Y,Foreign_Equity,0.04699533,0.0641,36
2017-07-01,KR10Y,Foreign_Equity,0.05187361,0.074815,36
2017-08-01,KR10Y,Foreign_Equity,0.05263828,0.077813,36
2017-09-01,KR10Y,Foreign_Equity,0.05367182,0.080049,36
2017-10-01,KR10Y,Foreign_Equity,0.04498381,0.058778,36
2017-11-01,KR10Y,Foreign_Equity,0.04858483,0.073643,36
2017-12-01,KR10Y,Foreign_Equity,0.04608326,0.065616,36
2018-01-01,KR10Y,Foreign_Equity,0.05112981,0.071451,36
2018-02-01,KR10Y,Foreign_Equity,0.0435005,0.049589,36
2018-03-01,KR10Y,Foreign_Equity,0.04424486,0.05084,36
2018-04-01,KR10Y,Foreign_Equity,0.04790099,0.058914,36
2018-05-01,KR10Y,Foreign_Equity,0.05499683,0.067329,36
2018-06-01,KR10Y,Foreign_Equity,0.05341475,0.065435,36
2018-07-01,KR10Y,Foreign_Equity,0.05092277,0.061609,36
2018-08-01,KR10Y,Foreign_Equity,0.04117313,0.041446,36
2018-09-01,KR10Y,Foreign_Equity,0.02957061,0.026286,36
2018-10-01,KR10Y,Foreign_Equity,0.0363512,0.036175,36
2018-11-01,KR10Y,Foreign_Equity,0.04080619,0.043863,36
2018-12-01,KR10Y,Foreign_Equity,0.05801733,0.082142,36
2019-01-01,KR10Y,Foreign_Equity,0.04089357,0.049142,36
2019-02-01,KR10Y,Foreign_Equity,0.03660414,0.033211,36
2019-03-01,KR10Y,Foreign_Equity,0.03359396,0.033872,36
2019-04-01,KR10Y,Foreign_Equity,0.03322921,0.03364,36
2019-05-01,KR10Y,Foreign_Equity,0.03583298,0.037955,36
2019-06-01,KR10Y,Foreign_Equity,0.0324722,0.031992,36
2019-07-01,KR10Y,Foreign_Equity,0.03827108,0.041441,36
2019-08-01,KR10Y,Foreign_Equity,0.05471821,0.084838,36
2019-09-01,KR10Y,Foreign_Equity,0.06216421,0.110906,36
2019-10-01,KR10Y,Foreign_Equity,0.0604137,0.109129,36
2019-11-01,KR10Y,Foreign_Equity,0.0831719,0.162343,36
2019-12-01,KR10Y,Foreign_Equity,0.07183141,0.117867,36
2020-01-01,KR10Y,Foreign_Equity,0.07278727,0.120045,36
2020-02-01,KR10Y,Foreign_Equity,0.07501625,0.126843,36
2020-03-01,KR10Y,Foreign_Equity,0.09215433,0.056296,36
2020-04-01,KR10Y,Foreign_Equity,0.09292209,0.05723,36
2020-05-01,KR10Y,Foreign_Equity,0.08381482,0.045557,36
2020-06-01,KR10Y,Foreign_Equity,0.08973797,0.048523,36
2020-07-01,KR10Y,Foreign_Equity,0.08954515,0.046961,36
2020-08-01,KR10Y,Foreign_Equity,0.09453221,0.050733,36
2020-09-01,KR10Y,Foreign_Equity,0.08594033,0.04407,36
2020-10-01,KR10Y,Foreign_Equity,0.08423762,0.039215,36
2020-11-01,KR10Y,Foreign_Equity,0.09914038,0.052988,36
2020-12-01,KR10Y,Foreign_Equity,0.10914552,0.063888,36
2021-01-01,KR10Y,Foreign_Equity,0.10419542,0.055438,36
2021-02-01,KR10Y,Foreign_Equity,0.1315789,0.088047,36
2021-03-01,KR10Y,Foreign_Equity,0.12241149,0.084962,36
2021-04-01,KR10Y,Foreign_Equity,0.12283161,0.084661,36
2021-05-01,KR10Y,Foreign_Equity,0.1268838,0.089603,36
2021-06-01,KR10Y,Foreign_Equity,0.12766571,0.089322,36
2021-07-01,KR10Y,Foreign_Equity,0.12919621,0.09217,36
2021-08-01,KR10Y,Foreign_Equity,0.13060296,0.093667,36
2021-09-01,KR10Y,Foreign_Equity,0.12103436,0.082055,36
2021-10-01,KR10Y,Foreign_Equity,0.10018794,0.072629,36
2021-11-01,KR10Y,Foreign_Equity,0.09593215,0.065284,36
2021-12-01,KR10Y,Foreign_Equity,0.07932082,0.04546,36
2022-01-01,KR10Y,Foreign_Equity,0.06534978,0.03593,36
2022-02-01,KR10Y,Foreign_Equity,0.05571665,0.027941,36
2022-03-01,KR10Y,Foreign_Equity,0.05295828,0.025132,36
2022-04-01,KR10Y,Foreign_Equity,0.04266126,0.02023,36
2022-05-01,KR10Y,Foreign_Equity,0.03665531,0.014054,36
2022-06-01,KR10Y,Foreign_Equity,0.02400587,0.006073,36
2022-07-01,KR10Y,Foreign_Equity,0.03328303,0.013489,36
2022-08-01,KR10Y,Foreign_Equity,0.01846822,0.003765,36
2022-09-01,KR10Y,Foreign_Equity,-0.01950905,0.00516,36
2022-10-01,KR10Y,Foreign_Equity,-0.0244711,0.008644,36
2022-11-01,KR10Y,Foreign_Equity,-0.04650689,0.033836,36
2022-12-01,KR10Y,Foreign_Equity,-0.04081708,0.029258,36
2023-01-01,KR10Y,Foreign_Equity,-0.04218168,0.031763,36
2023-02-01,KR10Y,Foreign_Equity,-0.04536998,0.036282,36
2023-03-01,KR10Y,Foreign_Equity,-0.05992205,0.143611,36
2023-04-01,KR10Y,Foreign_Equity,-0.06078312,0.149576,36
2023-05-01,KR10Y,Foreign_Equity,-0.05934138,0.140168,36
2023-06-01,KR10Y,Foreign_Equity,-0.05462032,0.133218,36
2023-07-01,KR10Y,Foreign_Equity,-0.05424757,0.128445,36
2023-08-01,KR10Y,Foreign_Equity,-0.05352453,0.131346,36
2023-09-01,KR10Y,Foreign_Equity,-0.05333871,0.129707,36
2023-10-01,KR10Y,Foreign_Equity,-0.05838123,0.151786,36
2023-11-01,KR10Y,Foreign_Equity,-0.06004669,0.19055,36
2023-12-01,KR10Y,Foreign_Equity,-0.06532369,0.256098,36
2024-01-01,KR10Y,Foreign_Equity,-0.06570152,0.265159,36
2024-02-01,KR10Y,Foreign_Equity,-0.06610377,0.265246,36
2024-03-01,KR10Y,Foreign_Equity,-0.06895899,0.279253,36
2024-04-01,KR10Y,Foreign_Equity,-0.06870862,0.286607,36
2024-05-01,KR10Y,Foreign_Equity,-0.06946177,0.295117,36
2024-06-01,KR10Y,Foreign_Equity,-0.06688613,0.279898,36
2024-07-01,KR10Y,Foreign_Equity,-0.06857187,0.293591,36
2024-08-01,KR10Y,Foreign_Equity,-0.06809619,0.293519,36
2024-09-01,KR10Y,Foreign_Equity,-0.0680065,0.286155,36
2024-10-01,KR10Y,Foreign_Equity,-0.07194715,0.303982,36
2024-11-01,KR10Y,Foreign_Equity,-0.07179239,0.304171,36
2024-12-01,KR10Y,Foreign_Equity,-0.0704381,0.297833,36
2025-01-01,KR10Y,Foreign_Equity,-0.07353243,0.311137,36
2025-02-01,KR10Y,Foreign_Equity,-0.07263805,0.298964,36
2025-03-01,KR10Y,Foreign_Equity,-0.0712655,0.279708,36
2025-04-01,KR10Y,Foreign_Equity,-0.07436124,0.255756,36
2025-05-01,KR10Y,Foreign_Equity,-0.06909632,0.227885,36
2025-06-01,KR10Y,Foreign_Equity,-0.06341291,0.187054,36
2025-07-01,KR10Y,Foreign_Equity,-0.07259927,0.231607,36
2025-08-01,KR10Y,Foreign_Equity,-0.07352236,0.248142,36
2025-09-01,KR10Y,Foreign_Equity,-0.05826691,0.141742,36
2025-10-01,KR10Y,Foreign_Equity,-0.05334324,0.108918,36
2025-11-01,KR10Y,Foreign_Equity,-0.03863467,0.067392,36
2025-12-01,KR10Y,Foreign_Equity,-0.04222212,0.071427,36
2026-01-01,KR10Y,Foreign_Equity,-0.03756548,0.056024,36
2026-02-01,KR10Y,Foreign_Equity,-0.03479072,0.048188,36
2026-03-01,KR10Y,Foreign_Equity,-0.04083192,0.068762,36
2026-04-01,KR10Y,Foreign_Equity,-0.03916079,0.062456,36
2026-05-01,KR10Y,Foreign_Equity,-0.03324569,0.051567,36
2026-06-01,KR10Y,Foreign_Equity,-0.03575271,0.058272,36
2026-07-01,KR10Y,Foreign_Equity,-0.03702636,0.063687,35
2013-12-01,KR10Y,Bond,-0.06106457,0.997746,35
2014-01-01,KR10Y,Bond,-0.06106349,0.997747,36
2014-02-01,KR10Y,Bond,-0.0611921,0.998115,36
2014-03-01,KR10Y,Bond,-0.06096336,0.998186,36
2014-04-01,KR10Y,Bond,-0.06095919,0.998429,36
2014-05-01,KR10Y,Bond,-0.06082841,0.998602,36
2014-06-01,KR10Y,Bond,-0.06073851,0.998751,36
2014-07-01,KR10Y,Bond,-0.06066823,0.998936,36
2014-08-01,KR10Y,Bond,-0.06051933,0.998908,36
2014-09-01,KR10Y,Bond,-0.06039177,0.998861,36
2014-10-01,KR10Y,Bond,-0.06032511,0.998886,36
2014-11-01,KR10Y,Bond,-0.0602711,0.998836,36
2014-12-01,KR10Y,Bond,-0.06031144,0.998775,36
2015-01-01,KR10Y,Bond,-0.06013087,0.998793,36
2015-02-01,KR10Y,Bond,-0.0601311,0.998659,36
2015-03-01,KR10Y,Bond,-0.06023525,0.998472,36
2015-04-01,KR10Y,Bond,-0.06017331,0.998385,36
2015-05-01,KR10Y,Bond,-0.06042592,0.998574,36
2015-06-01,KR10Y,Bond,-0.0603795,0.998552,36
2015-07-01,KR10Y,Bond,-0.06023798,0.998308,36
2015-08-01,KR10Y,Bond,-0.06009992,0.99815,36
2015-09-01,KR10Y,Bond,-0.06003677,0.998011,36
2015-10-01,KR10Y,Bond,-0.05993406,0.997854,36
2015-11-01,KR10Y,Bond,-0.06013047,0.997759,36
2015-12-01,KR10Y,Bond,-0.06009915,0.997541,36
2016-01-01,KR10Y,Bond,-0.05997195,0.997432,36
2016-02-01,KR10Y,Bond,-0.05980951,0.997326,36
2016-03-01,KR10Y,Bond,-0.05986081,0.99702,36
2016-04-01,KR10Y,Bond,-0.05984065,0.996757,36
2016-05-01,KR10Y,Bond,-0.05984902,0.996452,36
2016-06-01,KR10Y,Bond,-0.05967335,0.99489,36
2016-07-01,KR10Y,Bond,-0.05955651,0.994359,36
2016-08-01,KR10Y,Bond,-0.05995399,0.99357,36
2016-09-01,KR10Y,Bond,-0.06022667,0.993726,36
2016-10-01,KR10Y,Bond,-0.06039565,0.993913,36
2016-11-01,KR10Y,Bond,-0.06101806,0.995491,36
2016-12-01,KR10Y,Bond,-0.0612436,0.996198,36
2017-01-01,KR10Y,Bond,-0.06129558,0.996597,36
2017-02-01,KR10Y,Bond,-0.06119877,0.996917,36
2017-03-01,KR10Y,Bond,-0.06128943,0.997355,36
2017-04-01,KR10Y,Bond,-0.06134033,0.997775,36
2017-05-01,KR10Y,Bond,-0.06119829,0.998083,36
2017-06-01,KR10Y,Bond,-0.06109064,0.998349,36
2017-07-01,KR10Y,Bond,-0.06087629,0.998456,36
2017-08-01,KR10Y,Bond,-0.06092627,0.99869,36
2017-09-01,KR10Y,Bond,-0.06086687,0.998883,36
2017-10-01,KR10Y,Bond,-0.06060795,0.998942,36
2017-11-01,KR10Y,Bond,-0.06051078,0.999001,36
2017-12-01,KR10Y,Bond,-0.06053637,0.999058,36
2018-01-01,KR10Y,Bond,-0.06030248,0.998979,36
2018-02-01,KR10Y,Bond,-0.06017571,0.998926,36
2018-03-01,KR10Y,Bond,-0.06021479,0.998819,36
2018-04-01,KR10Y,Bond,-0.06024666,0.998715,36
2018-05-01,KR10Y,Bond,-0.0602266,0.998423,36
2018-06-01,KR10Y,Bond,-0.06030456,0.998384,36
2018-07-01,KR10Y,Bond,-0.06036854,0.998383,36
2018-08-01,KR10Y,Bond,-0.06036918,0.998325,36
2018-09-01,KR10Y,Bond,-0.06040361,0.99835,36
2018-10-01,KR10Y,Bond,-0.06040439,0.998291,36
2018-11-01,KR10Y,Bond,-0.06042,0.998259,36
2018-12-01,KR10Y,Bond,-0.06039127,0.998378,36
2019-01-01,KR10Y,Bond,-0.06040808,0.998301,36
2019-02-01,KR10Y,Bond,-0.06048759,0.998186,36
2019-03-01,KR10Y,Bond,-0.06046107,0.998213,36
2019-04-01,KR10Y,Bond,-0.06045908,0.99824,36
2019-05-01,KR10Y,Bond,-0.06044139,0.998265,36
2019-06-01,KR10Y,Bond,-0.06041755,0.99832,36
2019-07-01,KR10Y,Bond,-0.06054409,0.998243,36
2019-08-01,KR10Y,Bond,-0.0602127,0.998412,36
2019-09-01,KR10Y,Bond,-0.0603228,0.998396,36
2019-10-01,KR10Y,Bond,-0.06040105,0.998422,36
2019-11-01,KR10Y,Bond,-0.06030057,0.998037,36
2019-12-01,KR10Y,Bond,-0.06017662,0.997809,36
2020-01-01,KR10Y,Bond,-0.06019287,0.997697,36
2020-02-01,KR10Y,Bond,-0.06009508,0.997609,36
2020-03-01,KR10Y,Bond,-0.06005996,0.997432,36
2020-04-01,KR10Y,Bond,-0.06010059,0.99728,36
2020-05-01,KR10Y,Bond,-0.06001916,0.997115,36
2020-06-01,KR10Y,Bond,-0.06002311,0.996904,36
2020-07-01,KR10Y,Bond,-0.06003456,0.996636,36
2020-08-01,KR10Y,Bond,-0.06010739,0.996455,36
2020-09-01,KR10Y,Bond,-0.06028497,0.996528,36
2020-10-01,KR10Y,Bond,-0.06045029,0.996223,36
2020-11-01,KR10Y,Bond,-0.06066355,0.996366,36
2020-12-01,KR10Y,Bond,-0.06065928,0.996524,36
2021-01-01,KR10Y,Bond,-0.06093645,0.996573,36
2021-02-01,KR10Y,Bond,-0.06125906,0.996949,36
2021-03-01,KR10Y,Bond,-0.0610729,0.997503,36
2021-04-01,KR10Y,Bond,-0.06101173,0.997751,36
2021-05-01,KR10Y,Bond,-0.06115891,0.998097,36
2021-06-01,KR10Y,Bond,-0.0610325,0.998315,36
2021-07-01,KR10Y,Bond,-0.06094018,0.998552,36
2021-08-01,KR10Y,Bond,-0.0608568,0.998735,36
2021-09-01,KR10Y,Bond,-0.06062237,0.99886,36
2021-10-01,KR10Y,Bond,-0.06036091,0.999109,36
2021-11-01,KR10Y,Bond,-0.06029921,0.999044,36
2021-12-01,KR10Y,Bond,-0.06031416,0.998956,36
2022-01-01,KR10Y,Bond,-0.06009454,0.999034,36
2022-02-01,KR10Y,Bond,-0.0599154,0.998935,36
2022-03-01,KR10Y,Bond,-0.05981653,0.99871,36
2022-04-01,KR10Y,Bond,-0.05942744,0.998799,36
2022-05-01,KR10Y,Bond,-0.05936164,0.998334,36
2022-06-01,KR10Y,Bond,-0.05896086,0.998059,36
2022-07-01,KR10Y,Bond,-0.05973676,0.997533,36
2022-08-01,KR10Y,Bond,-0.05988721,0.996917,36
2022-09-01,KR10Y,Bond,-0.05935435,0.997493,36
2022-10-01,KR10Y,Bond,-0.05898127,0.997349,36
2022-11-01,KR10Y,Bond,-0.05961061,0.996918,36
2022-12-01,KR10Y,Bond,-0.06009113,0.996924,36
2023-01-01,KR10Y,Bond,-0.0602278,0.996864,36
2023-02-01,KR10Y,Bond,-0.06030097,0.996737,36
2023-03-01,KR10Y,Bond,-0.06038614,0.996691,36
2023-04-01,KR10Y,Bond,-0.06049435,0.996783,36
2023-05-01,KR10Y,Bond,-0.0605775,0.996797,36
2023-06-01,KR10Y,Bond,-0.0605383,0.996893,36
2023-07-01,KR10Y,Bond,-0.06060043,0.996955,36
2023-08-01,KR10Y,Bond,-0.06057293,0.997046,36
2023-09-01,KR10Y,Bond,-0.06051837,0.997089,36
2023-10-01,KR10Y,Bond,-0.06039334,0.9972,36
2023-11-01,KR10Y,Bond,-0.06062131,0.997593,36
2023-12-01,KR10Y,Bond,-0.0607337,0.998061,36
2024-01-01,KR10Y,Bond,-0.06074269,0.998219,36
2024-02-01,KR10Y,Bond,-0.06070369,0.998345,36
2024-03-01,KR10Y,Bond,-0.06064309,0.998435,36
2024-04-01,KR10Y,Bond,-0.06064058,0.99855,36
2024-05-01,KR10Y,Bond,-0.06062978,0.998649,36
2024-06-01,KR10Y,Bond,-0.06067093,0.998792,36
2024-07-01,KR10Y,Bond,-0.06074474,0.998946,36
2024-08-01,KR10Y,Bond,-0.06077681,0.999123,36
2024-09-01,KR10Y,Bond,-0.06071139,0.999251,36
2024-10-01,KR10Y,Bond,-0.06058712,0.999301,36
2024-11-01,KR10Y,Bond,-0.06060077,0.999384,36
2024-12-01,KR10Y,Bond,-0.0606302,0.999487,36
2025-01-01,KR10Y,Bond,-0.06051956,0.999525,36
2025-02-01,KR10Y,Bond,-0.06045554,0.999545,36
2025-03-01,KR10Y,Bond,-0.0604196,0.999552,36
2025-04-01,KR10Y,Bond,-0.06029269,0.999477,36
2025-05-01,KR10Y,Bond,-0.06030889,0.999422,36
2025-06-01,KR10Y,Bond,-0.0603621,0.99934,36
2025-07-01,KR10Y,Bond,-0.06034578,0.999265,36
2025-08-01,KR10Y,Bond,-0.06034168,0.999231,36
2025-09-01,KR10Y,Bond,-0.06045008,0.998982,36
2025-10-01,KR10Y,Bond,-0.06073467,0.998953,36
2025-11-01,KR10Y,Bond,-0.06057861,0.999048,36
2025-12-01,KR10Y,Bond,-0.06044669,0.998966,36
2026-01-01,KR10Y,Bond,-0.06040421,0.998966,36
2026-02-01,KR10Y,Bond,-0.06037882,0.99897,36
2026-03-01,KR10Y,Bond,-0.06034011,0.998957,36
2026-04-01,KR10Y,Bond,-0.06032502,0.998896,36
2026-05-01,KR10Y,Bond,-0.06018086,0.998938,36
2026-06-01,KR10Y,Bond,-0.06014775,0.998793,36
2026-07-01,KR10Y,Bond,-0.0601622,0.99881,35
2013-12-01,KR10Y,Gold,-0.10631197,0.150564,35
2014-01-01,KR10Y,Gold,-0.10755717,0.149548,36
2014-02-01,KR10Y,Gold,-0.10768937,0.149467,36
2014-03-01,KR10Y,Gold,-0.1085558,0.137441,36
2014-04-01,KR10Y,Gold,-0.10732654,0.136366,36
2014-05-01,KR10Y,Gold,-0.09626237,0.111586,36
2014-06-01,KR10Y,Gold,-0.08829085,0.093005,36
2014-07-01,KR10Y,Gold,-0.10144441,0.121952,36
2014-08-01,KR10Y,Gold,-0.09817251,0.107421,36
2014-09-01,KR10Y,Gold,-0.06601969,0.060663,36
2014-10-01,KR10Y,Gold,-0.05447345,0.042237,36
2014-11-01,KR10Y,Gold,-0.05386937,0.042107,36
2014-12-01,KR10Y,Gold,-0.05602437,0.046436,36
2015-01-01,KR10Y,Gold,-0.05663313,0.053448,36
2015-02-01,KR10Y,Gold,-0.05986989,0.057086,36
2015-03-01,KR10Y,Gold,-0.07687285,0.093744,36
2015-04-01,KR10Y,Gold,-0.07788194,0.098166,36
2015-05-01,KR10Y,Gold,-0.07063866,0.094168,36
2015-06-01,KR10Y,Gold,-0.07440568,0.105584,36
2015-07-01,KR10Y,Gold,-0.07793988,0.102934,36
2015-08-01,KR10Y,Gold,-0.06841187,0.071022,36
2015-09-01,KR10Y,Gold,-0.07209098,0.077026,36
2015-10-01,KR10Y,Gold,-0.06780991,0.080188,36
2015-11-01,KR10Y,Gold,-0.06955196,0.088186,36
2015-12-01,KR10Y,Gold,-0.06896098,0.081592,36
2016-01-01,KR10Y,Gold,-0.07531423,0.09574,36
2016-02-01,KR10Y,Gold,-0.08480778,0.117923,36
2016-03-01,KR10Y,Gold,-0.07944454,0.083452,36
2016-04-01,KR10Y,Gold,-0.08029553,0.085352,36
2016-05-01,KR10Y,Gold,-0.07329964,0.071791,36
2016-06-01,KR10Y,Gold,-0.04766756,0.022502,36
2016-07-01,KR10Y,Gold,-0.06417248,0.033142,36
2016-08-01,KR10Y,Gold,-0.05243489,0.021238,36
2016-09-01,KR10Y,Gold,-0.05151409,0.022155,36
2016-10-01,KR10Y,Gold,-0.06274648,0.032705,36
2016-11-01,KR10Y,Gold,-0.03394558,0.012112,36
2016-12-01,KR10Y,Gold,-0.05939952,0.034908,36
2017-01-01,KR10Y,Gold,-0.05732868,0.033298,36
2017-02-01,KR10Y,Gold,-0.05016929,0.02521,36
2017-03-01,KR10Y,Gold,-0.04961019,0.025268,36
2017-04-01,KR10Y,Gold,-0.05100449,0.026914,36
2017-05-01,KR10Y,Gold,-0.05571713,0.032512,36
2017-06-01,KR10Y,Gold,-0.06318383,0.042223,36
2017-07-01,KR10Y,Gold,-0.05581324,0.032316,36
2017-08-01,KR10Y,Gold,-0.05146818,0.027032,36
2017-09-01,KR10Y,Gold,-0.05195938,0.026435,36
2017-10-01,KR10Y,Gold,-0.08469347,0.067397,36
2017-11-01,KR10Y,Gold,-0.08953525,0.078346,36
2017-12-01,KR10Y,Gold,-0.08765155,0.076651,36
2018-01-01,KR10Y,Gold,-0.08109883,0.059723,36
2018-02-01,KR10Y,Gold,-0.07438335,0.05223,36
2018-03-01,KR10Y,Gold,-0.08075322,0.063722,36
2018-04-01,KR10Y,Gold,-0.08151953,0.064107,36
2018-05-01,KR10Y,Gold,-0.08707979,0.063352,36
2018-06-01,KR10Y,Gold,-0.08317791,0.05883,36
2018-07-01,KR10Y,Gold,-0.0750766,0.048206,36
2018-08-01,KR10Y,Gold,-0.0901776,0.072572,36
2018-09-01,KR10Y,Gold,-0.07690552,0.054702,36
2018-10-01,KR10Y,Gold,-0.07706142,0.053323,36
2018-11-01,KR10Y,Gold,-0.07382991,0.048571,36
2018-12-01,KR10Y,Gold,-0.07695366,0.059097,36
2019-01-01,KR10Y,Gold,-0.07399098,0.052128,36
2019-02-01,KR10Y,Gold,-0.06497229,0.038004,36
2019-03-01,KR10Y,Gold,-0.06774263,0.048149,36
2019-04-01,KR10Y,Gold,-0.06851242,0.049674,36
2019-05-01,KR10Y,Gold,-0.06488619,0.046568,36
2019-06-01,KR10Y,Gold,-0.09510142,0.106671,36
2019-07-01,KR10Y,Gold,-0.06460534,0.058955,36
2019-08-01,KR10Y,Gold,-0.08393976,0.101669,36
2019-09-01,KR10Y,Gold,-0.07077189,0.073539,36
2019-10-01,KR10Y,Gold,-0.068601,0.075111,36
2019-11-01,KR10Y,Gold,-0.09369484,0.115276,36
2019-12-01,KR10Y,Gold,-0.05265688,0.046255,36
2020-01-01,KR10Y,Gold,-0.05236107,0.044168,36
2020-02-01,KR10Y,Gold,-0.05930325,0.058464,36
2020-03-01,KR10Y,Gold,-0.06634963,0.069699,36
2020-04-01,KR10Y,Gold,-0.0684189,0.072472,36
2020-05-01,KR10Y,Gold,-0.07496799,0.080834,36
2020-06-01,KR10Y,Gold,-0.07298207,0.0767,36
2020-07-01,KR10Y,Gold,-0.06184569,0.057977,36
2020-08-01,KR10Y,Gold,-0.05477968,0.030035,36
2020-09-01,KR10Y,Gold,-0.06855612,0.049614,36
2020-10-01,KR10Y,Gold,-0.04784354,0.023855,36
2020-11-01,KR10Y,Gold,-0.04675132,0.023039,36
2020-12-01,KR10Y,Gold,-0.06097812,0.036478,36
2021-01-01,KR10Y,Gold,-0.06886019,0.042657,36
2021-02-01,KR10Y,Gold,-0.08913622,0.064859,36
2021-03-01,KR10Y,Gold,-0.11351638,0.107099,36
2021-04-01,KR10Y,Gold,-0.11360919,0.106971,36
2021-05-01,KR10Y,Gold,-0.10024862,0.082634,36
2021-06-01,KR10Y,Gold,-0.10677528,0.090827,36
2021-07-01,KR10Y,Gold,-0.10084655,0.080047,36
2021-08-01,KR10Y,Gold,-0.10645055,0.090827,36
2021-09-01,KR10Y,Gold,-0.11539009,0.110902,36
2021-10-01,KR10Y,Gold,-0.11612411,0.136934,36
2021-11-01,KR10Y,Gold,-0.11722016,0.136011,36
2021-12-01,KR10Y,Gold,-0.11706347,0.13044,36
2022-01-01,KR10Y,Gold,-0.09970669,0.111154,36
2022-02-01,KR10Y,Gold,-0.09749347,0.112004,36
2022-03-01,KR10Y,Gold,-0.09307233,0.09778,36
2022-04-01,KR10Y,Gold,-0.08063919,0.090905,36
2022-05-01,KR10Y,Gold,-0.08592977,0.099813,36
2022-06-01,KR10Y,Gold,-0.08326311,0.096598,36
2022-07-01,KR10Y,Gold,-0.03966487,0.024448,36
2022-08-01,KR10Y,Gold,-0.02412578,0.008604,36
2022-09-01,KR10Y,Gold,-0.03988386,0.029938,36
2022-10-01,KR10Y,Gold,-0.03770616,0.029069,36
2022-11-01,KR10Y,Gold,-0.02216563,0.011229,36
2022-12-01,KR10Y,Gold,-0.0431139,0.043426,36
2023-01-01,KR10Y,Gold,-0.04466841,0.047727,36
2023-02-01,KR10Y,Gold,-0.04376525,0.04456,36
2023-03-01,KR10Y,Gold,-0.03918065,0.035147,36
2023-04-01,KR10Y,Gold,-0.04944378,0.051385,36
2023-05-01,KR10Y,Gold,-0.04487172,0.043137,36
2023-06-01,KR10Y,Gold,-0.04709714,0.047558,36
2023-07-01,KR10Y,Gold,-0.04553721,0.044368,36
2023-08-01,KR10Y,Gold,-0.03941496,0.044825,36
2023-09-01,KR10Y,Gold,-0.03847427,0.043282,36
2023-10-01,KR10Y,Gold,-0.04603232,0.06198,36
2023-11-01,KR10Y,Gold,-0.06327679,0.115381,36
2023-12-01,KR10Y,Gold,-0.05812576,0.118012,36
2024-01-01,KR10Y,Gold,-0.05848859,0.126426,36
2024-02-01,KR10Y,Gold,-0.05704819,0.125798,36
2024-03-01,KR10Y,Gold,-0.05462864,0.11813,36
2024-04-01,KR10Y,Gold,-0.05030146,0.095242,36
2024-05-01,KR10Y,Gold,-0.05106102,0.099931,36
2024-06-01,KR10Y,Gold,-0.0494559,0.098627,36
2024-07-01,KR10Y,Gold,-0.0525437,0.117964,36
2024-08-01,KR10Y,Gold,-0.0541215,0.126191,36
2024-09-01,KR10Y,Gold,-0.05445738,0.124914,36
2024-10-01,KR10Y,Gold,-0.05006601,0.098933,36
2024-11-01,KR10Y,Gold,-0.05021575,0.099554,36
2024-12-01,KR10Y,Gold,-0.04658014,0.085201,36
2025-01-01,KR10Y,Gold,-0.04864505,0.089168,36
2025-02-01,KR10Y,Gold,-0.04804937,0.075205,36
2025-03-01,KR10Y,Gold,-0.05118277,0.088761,36
2025-04-01,KR10Y,Gold,-0.05886058,0.098375,36
2025-05-01,KR10Y,Gold,-0.05557536,0.089578,36
2025-06-01,KR10Y,Gold,-0.05349769,0.078974,36
2025-07-01,KR10Y,Gold,-0.07199598,0.142772,36
2025-08-01,KR10Y,Gold,-0.07181706,0.142226,36
2025-09-01,KR10Y,Gold,-0.06273052,0.085552,36
2025-10-01,KR10Y,Gold,-0.05029271,0.042847,36
2025-11-01,KR10Y,Gold,-0.06884724,0.085346,36
2025-12-01,KR10Y,Gold,-0.05579221,0.052801,36
2026-01-01,KR10Y,Gold,-0.04796671,0.037113,36
2026-02-01,KR10Y,Gold,-0.04441925,0.031991,36
2026-03-01,KR10Y,Gold,-0.04919122,0.042016,36
2026-04-01,KR10Y,Gold,-0.04033937,0.028449,36
2026-05-01,KR10Y,Gold,-0.04426271,0.037463,36
2026-06-01,KR10Y,Gold,-0.0426348,0.032359,36
2026-07-01,KR10Y,Gold,-0.04026924,0.029922,35
2013-12-01,FED_HIKE_EXPECTATION,Domestic_Equity,0.21836863,0.173792,35
2014-01-01,FED_HIKE_EXPECTATION,Domestic_Equity,0.20369411,0.154893,36
2014-02-01,FED_HIKE_EXPECTATION,Domestic_Equity,0.28731584,0.266545,36
2014-03-01,FED_HIKE_EXPECTATION,Domestic_Equity,0.28357673,0.26457,36
2014-04-01,FED_HIKE_EXPECTATION,Domestic_Equity,0.25623988,0.236274,36
2014-05-01,FED_HIKE_EXPECTATION,Domestic_Equity,0.28940978,0.255095,36
2014-06-01,FED_HIKE_EXPECTATION,Domestic_Equity,0.31319372,0.255441,36
2014-07-01,FED_HIKE_EXPECTATION,Domestic_Equity,0.30334241,0.256714,36
2014-08-01,FED_HIKE_EXPECTATION,Domestic_Equity,0.05779131,0.009988,36
2014-09-01,FED_HIKE_EXPECTATION,Domestic_Equity,0.03149958,0.003626,36
2014-10-01,FED_HIKE_EXPECTATION,Domestic_Equity,0.09252656,0.032017,36
2014-11-01,FED_HIKE_EXPECTATION,Domestic_Equity,0.10275366,0.041594,36
2014-12-01,FED_HIKE_EXPECTATION,Domestic_Equity,0.08860549,0.032511,36
2015-01-01,FED_HIKE_EXPECTATION,Domestic_Equity,0.10004653,0.044645,36
2015-02-01,FED_HIKE_EXPECTATION,Domestic_Equity,0.10265568,0.055552,36
2015-03-01,FED_HIKE_EXPECTATION,Domestic_Equity,0.10368871,0.054839,36
2015-04-01,FED_HIKE_EXPECTATION,Domestic_Equity,0.03728753,0.007067,36
2015-05-01,FED_HIKE_EXPECTATION,Domestic_Equity,0.02335316,0.003333,36
2015-06-01,FED_HIKE_EXPECTATION,Domestic_Equity,0.00584024,0.000212,36
2015-07-01,FED_HIKE_EXPECTATION,Domestic_Equity,0.00131609,1.1e-05,36
2015-08-01,FED_HIKE_EXPECTATION,Domestic_Equity,-0.01853414,0.002062,36
2015-09-01,FED_HIKE_EXPECTATION,Domestic_Equity,-0.01268768,0.000977,36
2015-10-01,FED_HIKE_EXPECTATION,Domestic_Equity,-0.0346135,0.006911,36
2015-11-01,FED_HIKE_EXPECTATION,Domestic_Equity,-0.03883466,0.012706,36
2015-12-01,FED_HIKE_EXPECTATION,Domestic_Equity,-0.02848913,0.007229,36
2016-01-01,FED_HIKE_EXPECTATION,Domestic_Equity,0.01145531,0.001335,36
2016-02-01,FED_HIKE_EXPECTATION,Domestic_Equity,0.00591197,0.000438,36
2016-03-01,FED_HIKE_EXPECTATION,Domestic_Equity,0.02726171,0.009615,36
2016-04-01,FED_HIKE_EXPECTATION,Domestic_Equity,0.01672467,0.00392,36
2016-05-01,FED_HIKE_EXPECTATION,Domestic_Equity,0.01162095,0.001896,36
2016-06-01,FED_HIKE_EXPECTATION,Domestic_Equity,0.02426497,0.0092,36
2016-07-01,FED_HIKE_EXPECTATION,Domestic_Equity,0.02154423,0.007376,36
2016-08-01,FED_HIKE_EXPECTATION,Domestic_Equity,0.02316801,0.008564,36
2016-09-01,FED_HIKE_EXPECTATION,Domestic_Equity,0.01726764,0.005324,36
2016-10-01,FED_HIKE_EXPECTATION,Domestic_Equity,0.02186031,0.008699,36
2016-11-01,FED_HIKE_EXPECTATION,Domestic_Equity,0.00942761,0.001627,36
2016-12-01,FED_HIKE_EXPECTATION,Domestic_Equity,0.01481222,0.004023,36
2017-01-01,FED_HIKE_EXPECTATION,Domestic_Equity,0.01192706,0.002685,36
2017-02-01,FED_HIKE_EXPECTATION,Domestic_Equity,0.00970744,0.00176,36
2017-03-01,FED_HIKE_EXPECTATION,Domestic_Equity,0.00709974,0.000911,36
2017-04-01,FED_HIKE_EXPECTATION,Domestic_Equity,0.00120607,2.9e-05,36
2017-05-01,FED_HIKE_EXPECTATION,Domestic_Equity,0.00859839,0.001264,36
2017-06-01,FED_HIKE_EXPECTATION,Domestic_Equity,0.00104232,1.8e-05,36
2017-07-01,FED_HIKE_EXPECTATION,Domestic_Equity,-0.00309528,0.000159,36
2017-08-01,FED_HIKE_EXPECTATION,Domestic_Equity,0.00039107,3e-06,36
2017-09-01,FED_HIKE_EXPECTATION,Domestic_Equity,0.00361458,0.000211,36
2017-10-01,FED_HIKE_EXPECTATION,Domestic_Equity,0.00095351,1.7e-05,36
2017-11-01,FED_HIKE_EXPECTATION,Domestic_Equity,0.00919814,0.001575,36
2017-12-01,FED_HIKE_EXPECTATION,Domestic_Equity,0.01295081,0.00295,36
2018-01-01,FED_HIKE_EXPECTATION,Domestic_Equity,0.01188476,0.002493,36
2018-02-01,FED_HIKE_EXPECTATION,Domestic_Equity,-0.00424673,0.00031,36
2018-03-01,FED_HIKE_EXPECTATION,Domestic_Equity,-0.00493401,0.000426,36
2018-04-01,FED_HIKE_EXPECTATION,Domestic_Equity,0.00813352,0.001237,36
2018-05-01,FED_HIKE_EXPECTATION,Domestic_Equity,0.00724607,0.001004,36
2018-06-01,FED_HIKE_EXPECTATION,Domestic_Equity,0.01982048,0.007649,36
2018-07-01,FED_HIKE_EXPECTATION,Domestic_Equity,0.02130732,0.007808,36
2018-08-01,FED_HIKE_EXPECTATION,Domestic_Equity,0.02308328,0.010497,36
2018-09-01,FED_HIKE_EXPECTATION,Domestic_Equity,0.02445061,0.012033,36
2018-10-01,FED_HIKE_EXPECTATION,Domestic_Equity,0.0525386,0.050651,36
2018-11-01,FED_HIKE_EXPECTATION,Domestic_Equity,0.0672409,0.067684,36
2018-12-01,FED_HIKE_EXPECTATION,Domestic_Equity,0.06240878,0.068344,36
2019-01-01,FED_HIKE_EXPECTATION,Domestic_Equity,0.03588267,0.026133,36
2019-02-01,FED_HIKE_EXPECTATION,Domestic_Equity,0.03520853,0.020938,36
2019-03-01,FED_HIKE_EXPECTATION,Domestic_Equity,0.02781252,0.012579,36
2019-04-01,FED_HIKE_EXPECTATION,Domestic_Equity,0.02716995,0.011655,36
2019-05-01,FED_HIKE_EXPECTATION,Domestic_Equity,0.04119006,0.024354,36
2019-06-01,FED_HIKE_EXPECTATION,Domestic_Equity,0.03083597,0.018043,36
2019-07-01,FED_HIKE_EXPECTATION,Domestic_Equity,0.0309662,0.018129,36
2019-08-01,FED_HIKE_EXPECTATION,Domestic_Equity,0.02560223,0.010719,36
2019-09-01,FED_HIKE_EXPECTATION,Domestic_Equity,0.04211364,0.028473,36
2019-10-01,FED_HIKE_EXPECTATION,Domestic_Equity,0.0434307,0.030704,36
2019-11-01,FED_HIKE_EXPECTATION,Domestic_Equity,0.05871489,0.066399,36
2019-12-01,FED_HIKE_EXPECTATION,Domestic_Equity,0.05702371,0.062068,36
2020-01-01,FED_HIKE_EXPECTATION,Domestic_Equity,0.05686367,0.061192,36
2020-02-01,FED_HIKE_EXPECTATION,Domestic_Equity,0.05932588,0.06997,36
2020-03-01,FED_HIKE_EXPECTATION,Domestic_Equity,0.0413772,0.018618,36
2020-04-01,FED_HIKE_EXPECTATION,Domestic_Equity,0.05786181,0.041546,36
2020-05-01,FED_HIKE_EXPECTATION,Domestic_Equity,0.050361,0.03161,36
2020-06-01,FED_HIKE_EXPECTATION,Domestic_Equity,0.05426849,0.032968,36
2020-07-01,FED_HIKE_EXPECTATION,Domestic_Equity,0.05457077,0.032934,36
2020-08-01,FED_HIKE_EXPECTATION,Domestic_Equity,0.05248333,0.028548,36
2020-09-01,FED_HIKE_EXPECTATION,Domestic_Equity,0.0527416,0.028711,36
2020-10-01,FED_HIKE_EXPECTATION,Domestic_Equity,0.04638808,0.021719,36
2020-11-01,FED_HIKE_EXPECTATION,Domestic_Equity,0.04429468,0.018534,36
2020-12-01,FED_HIKE_EXPECTATION,Domestic_Equity,0.04255971,0.015333,36
2021-01-01,FED_HIKE_EXPECTATION,Domestic_Equity,0.04182093,0.012957,36
2021-02-01,FED_HIKE_EXPECTATION,Domestic_Equity,0.05186637,0.019577,36
2021-03-01,FED_HIKE_EXPECTATION,Domestic_Equity,0.04950409,0.017765,36
2021-04-01,FED_HIKE_EXPECTATION,Domestic_Equity,0.05069919,0.01832,36
2021-05-01,FED_HIKE_EXPECTATION,Domestic_Equity,0.05293099,0.01946,36
2021-06-01,FED_HIKE_EXPECTATION,Domestic_Equity,0.05031506,0.017597,36
2021-07-01,FED_HIKE_EXPECTATION,Domestic_Equity,0.05054839,0.01838,36
2021-08-01,FED_HIKE_EXPECTATION,Domestic_Equity,0.05017014,0.017889,36
2021-09-01,FED_HIKE_EXPECTATION,Domestic_Equity,0.04886085,0.016653,36
2021-10-01,FED_HIKE_EXPECTATION,Domestic_Equity,0.02009313,0.002911,36
2021-11-01,FED_HIKE_EXPECTATION,Domestic_Equity,0.01604696,0.00194,36
2021-12-01,FED_HIKE_EXPECTATION,Domestic_Equity,0.00910056,0.000597,36
2022-01-01,FED_HIKE_EXPECTATION,Domestic_Equity,-0.01222922,0.001048,36
2022-02-01,FED_HIKE_EXPECTATION,Domestic_Equity,-0.03462476,0.010498,36
2022-03-01,FED_HIKE_EXPECTATION,Domestic_Equity,-0.04119625,0.016246,36
2022-04-01,FED_HIKE_EXPECTATION,Domestic_Equity,-0.03448871,0.013585,36
2022-05-01,FED_HIKE_EXPECTATION,Domestic_Equity,-0.02657659,0.00938,36
2022-06-01,FED_HIKE_EXPECTATION,Domestic_Equity,-0.02614804,0.00746,36
2022-07-01,FED_HIKE_EXPECTATION,Domestic_Equity,-0.0005656,4e-06,36
2022-08-01,FED_HIKE_EXPECTATION,Domestic_Equity,-0.01636532,0.004206,36
2022-09-01,FED_HIKE_EXPECTATION,Domestic_Equity,-0.03198425,0.016718,36
2022-10-01,FED_HIKE_EXPECTATION,Domestic_Equity,-0.03075916,0.01504,36
2022-11-01,FED_HIKE_EXPECTATION,Domestic_Equity,-0.05649231,0.056114,36
2022-12-01,FED_HIKE_EXPECTATION,Domestic_Equity,-0.04165,0.034854,36
2023-01-01,FED_HIKE_EXPECTATION,Domestic_Equity,-0.03923863,0.032307,36
2023-02-01,FED_HIKE_EXPECTATION,Domestic_Equity,-0.04106593,0.034567,36
2023-03-01,FED_HIKE_EXPECTATION,Domestic_Equity,-0.03288959,0.032919,36
2023-04-01,FED_HIKE_EXPECTATION,Domestic_Equity,-0.04307877,0.057363,36
2023-05-01,FED_HIKE_EXPECTATION,Domestic_Equity,-0.04217051,0.056824,36
2023-06-01,FED_HIKE_EXPECTATION,Domestic_Equity,-0.03405603,0.044687,36
2023-07-01,FED_HIKE_EXPECTATION,Domestic_Equity,-0.03390921,0.045008,36
2023-08-01,FED_HIKE_EXPECTATION,Domestic_Equity,-0.03270045,0.044839,36
2023-09-01,FED_HIKE_EXPECTATION,Domestic_Equity,-0.03314724,0.046251,36
2023-10-01,FED_HIKE_EXPECTATION,Domestic_Equity,-0.03424784,0.047183,36
2023-11-01,FED_HIKE_EXPECTATION,Domestic_Equity,-0.03611197,0.055696,36
2023-12-01,FED_HIKE_EXPECTATION,Domestic_Equity,-0.03950577,0.081925,36
2024-01-01,FED_HIKE_EXPECTATION,Domestic_Equity,-0.03961218,0.109564,36
2024-02-01,FED_HIKE_EXPECTATION,Domestic_Equity,-0.03513156,0.083889,36
2024-03-01,FED_HIKE_EXPECTATION,Domestic_Equity,-0.034065,0.077925,36
2024-04-01,FED_HIKE_EXPECTATION,Domestic_Equity,-0.03397083,0.083955,36
2024-05-01,FED_HIKE_EXPECTATION,Domestic_Equity,-0.03398904,0.083548,36
2024-06-01,FED_HIKE_EXPECTATION,Domestic_Equity,-0.03485882,0.08974,36
2024-07-01,FED_HIKE_EXPECTATION,Domestic_Equity,-0.03623163,0.09672,36
2024-08-01,FED_HIKE_EXPECTATION,Domestic_Equity,-0.02556214,0.048986,36
2024-09-01,FED_HIKE_EXPECTATION,Domestic_Equity,-0.02481464,0.04602,36
2024-10-01,FED_HIKE_EXPECTATION,Domestic_Equity,-0.01882559,0.031245,36
2024-11-01,FED_HIKE_EXPECTATION,Domestic_Equity,-0.02143587,0.042088,36
2024-12-01,FED_HIKE_EXPECTATION,Domestic_Equity,-0.02287861,0.047498,36
2025-01-01,FED_HIKE_EXPECTATION,Domestic_Equity,-0.01833245,0.030539,36
2025-02-01,FED_HIKE_EXPECTATION,Domestic_Equity,-0.01363995,0.01631,36
2025-03-01,FED_HIKE_EXPECTATION,Domestic_Equity,-0.01340401,0.015252,36
2025-04-01,FED_HIKE_EXPECTATION,Domestic_Equity,-0.01379589,0.014217,36
2025-05-01,FED_HIKE_EXPECTATION,Domestic_Equity,-0.01262986,0.011126,36
2025-06-01,FED_HIKE_EXPECTATION,Domestic_Equity,-0.01141197,0.007342,36
2025-07-01,FED_HIKE_EXPECTATION,Domestic_Equity,-0.01789716,0.016745,36
2025-08-01,FED_HIKE_EXPECTATION,Domestic_Equity,-0.01310369,0.008843,36
2025-09-01,FED_HIKE_EXPECTATION,Domestic_Equity,-0.00336813,0.000575,36
2025-10-01,FED_HIKE_EXPECTATION,Domestic_Equity,0.00274861,0.000339,36
2025-11-01,FED_HIKE_EXPECTATION,Domestic_Equity,0.02317894,0.023039,36
2025-12-01,FED_HIKE_EXPECTATION,Domestic_Equity,0.01699006,0.011552,36
2026-01-01,FED_HIKE_EXPECTATION,Domestic_Equity,0.02374162,0.015952,36
2026-02-01,FED_HIKE_EXPECTATION,Domestic_Equity,0.01909456,0.008293,36
2026-03-01,FED_HIKE_EXPECTATION,Domestic_Equity,0.01148336,0.002966,36
2026-04-01,FED_HIKE_EXPECTATION,Domestic_Equity,0.01934408,0.007297,36
2026-05-01,FED_HIKE_EXPECTATION,Domestic_Equity,0.03692952,0.017951,36
2026-06-01,FED_HIKE_EXPECTATION,Domestic_Equity,0.0454651,0.023561,36
2026-07-01,FED_HIKE_EXPECTATION,Domestic_Equity,0.04848301,0.0268,35
2013-12-01,FED_HIKE_EXPECTATION,Foreign_Equity,0.2467383,0.307918,35
2014-01-01,FED_HIKE_EXPECTATION,Foreign_Equity,0.24006033,0.300765,36
2014-02-01,FED_HIKE_EXPECTATION,Foreign_Equity,0.25813009,0.297439,36
2014-03-01,FED_HIKE_EXPECTATION,Foreign_Equity,0.25569393,0.297898,36
2014-04-01,FED_HIKE_EXPECTATION,Foreign_Equity,0.25691256,0.29201,36
2014-05-01,FED_HIKE_EXPECTATION,Foreign_Equity,0.28644338,0.307617,36
2014-06-01,FED_HIKE_EXPECTATION,Foreign_Equity,0.28480278,0.270711,36
2014-07-01,FED_HIKE_EXPECTATION,Foreign_Equity,0.27028706,0.255572,36
2014-08-01,FED_HIKE_EXPECTATION,Foreign_Equity,0.05908106,0.013978,36
2014-09-01,FED_HIKE_EXPECTATION,Foreign_Equity,0.04341862,0.009646,36
2014-10-01,FED_HIKE_EXPECTATION,Foreign_Equity,0.11019104,0.059712,36
2014-11-01,FED_HIKE_EXPECTATION,Foreign_Equity,0.13242669,0.084733,36
2014-12-01,FED_HIKE_EXPECTATION,Foreign_Equity,0.11007326,0.060578,36
2015-01-01,FED_HIKE_EXPECTATION,Foreign_Equity,0.13603786,0.101741,36
2015-02-01,FED_HIKE_EXPECTATION,Foreign_Equity,0.137808,0.114751,36
2015-03-01,FED_HIKE_EXPECTATION,Foreign_Equity,0.13616411,0.110528,36
2015-04-01,FED_HIKE_EXPECTATION,Foreign_Equity,0.1031061,0.071277,36
2015-05-01,FED_HIKE_EXPECTATION,Foreign_Equity,0.08504443,0.059314,36
2015-06-01,FED_HIKE_EXPECTATION,Foreign_Equity,0.06854682,0.040838,36
2015-07-01,FED_HIKE_EXPECTATION,Foreign_Equity,0.08468158,0.060346,36
2015-08-01,FED_HIKE_EXPECTATION,Foreign_Equity,0.07575692,0.044467,36
2015-09-01,FED_HIKE_EXPECTATION,Foreign_Equity,0.08466017,0.045389,36
2015-10-01,FED_HIKE_EXPECTATION,Foreign_Equity,0.06516004,0.026333,36
2015-11-01,FED_HIKE_EXPECTATION,Foreign_Equity,0.04609581,0.01948,36
2015-12-01,FED_HIKE_EXPECTATION,Foreign_Equity,0.05607502,0.028551,36
2016-01-01,FED_HIKE_EXPECTATION,Foreign_Equity,0.10957236,0.113182,36
2016-02-01,FED_HIKE_EXPECTATION,Foreign_Equity,0.10145917,0.119768,36
2016-03-01,FED_HIKE_EXPECTATION,Foreign_Equity,0.12986629,0.182565,36
2016-04-01,FED_HIKE_EXPECTATION,Foreign_Equity,0.11305148,0.142211,36
2016-05-01,FED_HIKE_EXPECTATION,Foreign_Equity,0.10682943,0.132636,36
2016-06-01,FED_HIKE_EXPECTATION,Foreign_Equity,0.11367009,0.156254,36
2016-07-01,FED_HIKE_EXPECTATION,Foreign_Equity,0.10595231,0.138423,36
2016-08-01,FED_HIKE_EXPECTATION,Foreign_Equity,0.10621454,0.140076,36
2016-09-01,FED_HIKE_EXPECTATION,Foreign_Equity,0.10413175,0.134093,36
2016-10-01,FED_HIKE_EXPECTATION,Foreign_Equity,0.10608466,0.139803,36
2016-11-01,FED_HIKE_EXPECTATION,Foreign_Equity,0.10680204,0.151715,36
2016-12-01,FED_HIKE_EXPECTATION,Foreign_Equity,0.11399637,0.1662,36
2017-01-01,FED_HIKE_EXPECTATION,Foreign_Equity,0.1071326,0.150342,36
2017-02-01,FED_HIKE_EXPECTATION,Foreign_Equity,0.10510036,0.142221,36
2017-03-01,FED_HIKE_EXPECTATION,Foreign_Equity,0.10222866,0.135599,36
2017-04-01,FED_HIKE_EXPECTATION,Foreign_Equity,0.09652314,0.13327,36
2017-05-01,FED_HIKE_EXPECTATION,Foreign_Equity,0.09808952,0.138414,36
2017-06-01,FED_HIKE_EXPECTATION,Foreign_Equity,0.09070142,0.121868,36
2017-07-01,FED_HIKE_EXPECTATION,Foreign_Equity,0.08772199,0.11387,36
2017-08-01,FED_HIKE_EXPECTATION,Foreign_Equity,0.0866801,0.112211,36
2017-09-01,FED_HIKE_EXPECTATION,Foreign_Equity,0.08925975,0.115517,36
2017-10-01,FED_HIKE_EXPECTATION,Foreign_Equity,0.08042985,0.105363,36
2017-11-01,FED_HIKE_EXPECTATION,Foreign_Equity,0.06938109,0.086698,36
2017-12-01,FED_HIKE_EXPECTATION,Foreign_Equity,0.07307331,0.093181,36
2018-01-01,FED_HIKE_EXPECTATION,Foreign_Equity,0.07700467,0.098198,36
2018-02-01,FED_HIKE_EXPECTATION,Foreign_Equity,0.05584584,0.05035,36
2018-03-01,FED_HIKE_EXPECTATION,Foreign_Equity,0.05605729,0.050354,36
2018-04-01,FED_HIKE_EXPECTATION,Foreign_Equity,0.06266236,0.06203,36
2018-05-01,FED_HIKE_EXPECTATION,Foreign_Equity,0.06214018,0.06234,36
2018-06-01,FED_HIKE_EXPECTATION,Foreign_Equity,0.06392442,0.067893,36
2018-07-01,FED_HIKE_EXPECTATION,Foreign_Equity,0.06273219,0.066256,36
2018-08-01,FED_HIKE_EXPECTATION,Foreign_Equity,0.06461063,0.073996,36
2018-09-01,FED_HIKE_EXPECTATION,Foreign_Equity,0.06435707,0.089857,36
2018-10-01,FED_HIKE_EXPECTATION,Foreign_Equity,0.08190399,0.143764,36
2018-11-01,FED_HIKE_EXPECTATION,Foreign_Equity,0.09210913,0.15431,36
2018-12-01,FED_HIKE_EXPECTATION,Foreign_Equity,0.11422041,0.236897,36
2019-01-01,FED_HIKE_EXPECTATION,Foreign_Equity,0.06972043,0.120633,36
2019-02-01,FED_HIKE_EXPECTATION,Foreign_Equity,0.06428593,0.085455,36
2019-03-01,FED_HIKE_EXPECTATION,Foreign_Equity,0.04115599,0.039918,36
2019-04-01,FED_HIKE_EXPECTATION,Foreign_Equity,0.04480347,0.047002,36
2019-05-01,FED_HIKE_EXPECTATION,Foreign_Equity,0.05093781,0.058995,36
2019-06-01,FED_HIKE_EXPECTATION,Foreign_Equity,0.03392243,0.034487,36
2019-07-01,FED_HIKE_EXPECTATION,Foreign_Equity,0.03699184,0.040783,36
2019-08-01,FED_HIKE_EXPECTATION,Foreign_Equity,0.0344666,0.031148,36
2019-09-01,FED_HIKE_EXPECTATION,Foreign_Equity,0.04194753,0.048179,36
2019-10-01,FED_HIKE_EXPECTATION,Foreign_Equity,0.04198842,0.049581,36
2019-11-01,FED_HIKE_EXPECTATION,Foreign_Equity,0.05144516,0.084287,36
2019-12-01,FED_HIKE_EXPECTATION,Foreign_Equity,0.0473073,0.073279,36
2020-01-01,FED_HIKE_EXPECTATION,Foreign_Equity,0.04669701,0.070797,36
2020-02-01,FED_HIKE_EXPECTATION,Foreign_Equity,0.05055698,0.086509,36
2020-03-01,FED_HIKE_EXPECTATION,Foreign_Equity,0.02794832,0.007909,36
2020-04-01,FED_HIKE_EXPECTATION,Foreign_Equity,0.02958114,0.010313,36
2020-05-01,FED_HIKE_EXPECTATION,Foreign_Equity,0.02690614,0.008361,36
2020-06-01,FED_HIKE_EXPECTATION,Foreign_Equity,0.0281572,0.008517,36
2020-07-01,FED_HIKE_EXPECTATION,Foreign_Equity,0.02831835,0.008561,36
2020-08-01,FED_HIKE_EXPECTATION,Foreign_Equity,0.02725415,0.007714,36
2020-09-01,FED_HIKE_EXPECTATION,Foreign_Equity,0.02634872,0.007191,36
2020-10-01,FED_HIKE_EXPECTATION,Foreign_Equity,0.0228258,0.005215,36
2020-11-01,FED_HIKE_EXPECTATION,Foreign_Equity,0.02575499,0.006232,36
2020-12-01,FED_HIKE_EXPECTATION,Foreign_Equity,0.02436037,0.005472,36
2021-01-01,FED_HIKE_EXPECTATION,Foreign_Equity,0.01986292,0.003631,36
2021-02-01,FED_HIKE_EXPECTATION,Foreign_Equity,0.03053745,0.008453,36
2021-03-01,FED_HIKE_EXPECTATION,Foreign_Equity,0.03214669,0.009425,36
2021-04-01,FED_HIKE_EXPECTATION,Foreign_Equity,0.03226884,0.009377,36
2021-05-01,FED_HIKE_EXPECTATION,Foreign_Equity,0.03375381,0.009979,36
2021-06-01,FED_HIKE_EXPECTATION,Foreign_Equity,0.03342931,0.009719,36
2021-07-01,FED_HIKE_EXPECTATION,Foreign_Equity,0.03316104,0.009551,36
2021-08-01,FED_HIKE_EXPECTATION,Foreign_Equity,0.03294229,0.009409,36
2021-09-01,FED_HIKE_EXPECTATION,Foreign_Equity,0.03217933,0.008825,36
2021-10-01,FED_HIKE_EXPECTATION,Foreign_Equity,0.02301336,0.004704,36
2021-11-01,FED_HIKE_EXPECTATION,Foreign_Equity,0.02419721,0.005362,36
2021-12-01,FED_HIKE_EXPECTATION,Foreign_Equity,-0.00688979,0.000437,36
2022-01-01,FED_HIKE_EXPECTATION,Foreign_Equity,-0.00500359,0.000232,36
2022-02-01,FED_HIKE_EXPECTATION,Foreign_Equity,-0.01435708,0.002456,36
2022-03-01,FED_HIKE_EXPECTATION,Foreign_Equity,-0.02088128,0.005605,36
2022-04-01,FED_HIKE_EXPECTATION,Foreign_Equity,-0.01722531,0.004554,36
2022-05-01,FED_HIKE_EXPECTATION,Foreign_Equity,0.00355625,0.000209,36
2022-06-01,FED_HIKE_EXPECTATION,Foreign_Equity,0.0113499,0.001783,36
2022-07-01,FED_HIKE_EXPECTATION,Foreign_Equity,0.01788266,0.005402,36
2022-08-01,FED_HIKE_EXPECTATION,Foreign_Equity,0.00010275,0.0,36
2022-09-01,FED_HIKE_EXPECTATION,Foreign_Equity,-0.01565774,0.004945,36
2022-10-01,FED_HIKE_EXPECTATION,Foreign_Equity,-0.01464469,0.004285,36
2022-11-01,FED_HIKE_EXPECTATION,Foreign_Equity,-0.04085068,0.037096,36
2022-12-01,FED_HIKE_EXPECTATION,Foreign_Equity,-0.03617748,0.033612,36
2023-01-01,FED_HIKE_EXPECTATION,Foreign_Equity,-0.037238,0.036901,36
2023-02-01,FED_HIKE_EXPECTATION,Foreign_Equity,-0.03996046,0.041926,36
2023-03-01,FED_HIKE_EXPECTATION,Foreign_Equity,-0.02631069,0.043206,36
2023-04-01,FED_HIKE_EXPECTATION,Foreign_Equity,-0.02968635,0.055654,36
2023-05-01,FED_HIKE_EXPECTATION,Foreign_Equity,-0.02825906,0.050589,36
2023-06-01,FED_HIKE_EXPECTATION,Foreign_Equity,-0.02283193,0.040564,36
2023-07-01,FED_HIKE_EXPECTATION,Foreign_Equity,-0.02093238,0.033836,36
2023-08-01,FED_HIKE_EXPECTATION,Foreign_Equity,-0.019995,0.032421,36
2023-09-01,FED_HIKE_EXPECTATION,Foreign_Equity,-0.02066252,0.034713,36
2023-10-01,FED_HIKE_EXPECTATION,Foreign_Equity,-0.02175037,0.036227,36
2023-11-01,FED_HIKE_EXPECTATION,Foreign_Equity,-0.02397234,0.046832,36
2023-12-01,FED_HIKE_EXPECTATION,Foreign_Equity,-0.0295752,0.074011,36
2024-01-01,FED_HIKE_EXPECTATION,Foreign_Equity,-0.0300704,0.078199,36
2024-02-01,FED_HIKE_EXPECTATION,Foreign_Equity,-0.02734607,0.065329,36
2024-03-01,FED_HIKE_EXPECTATION,Foreign_Equity,-0.02683812,0.061416,36
2024-04-01,FED_HIKE_EXPECTATION,Foreign_Equity,-0.02774645,0.069287,36
2024-05-01,FED_HIKE_EXPECTATION,Foreign_Equity,-0.02788081,0.070332,36
2024-06-01,FED_HIKE_EXPECTATION,Foreign_Equity,-0.02765173,0.069405,36
2024-07-01,FED_HIKE_EXPECTATION,Foreign_Equity,-0.02844971,0.073934,36
2024-08-01,FED_HIKE_EXPECTATION,Foreign_Equity,-0.02790343,0.076595,36
2024-09-01,FED_HIKE_EXPECTATION,Foreign_Equity,-0.02839876,0.078259,36
2024-10-01,FED_HIKE_EXPECTATION,Foreign_Equity,-0.02264547,0.055875,36
2024-11-01,FED_HIKE_EXPECTATION,Foreign_Equity,-0.02063559,0.049423,36
2024-12-01,FED_HIKE_EXPECTATION,Foreign_Equity,-0.02039895,0.048275,36
2025-01-01,FED_HIKE_EXPECTATION,Foreign_Equity,-0.02109697,0.050807,36
2025-02-01,FED_HIKE_EXPECTATION,Foreign_Equity,-0.01957572,0.041203,36
2025-03-01,FED_HIKE_EXPECTATION,Foreign_Equity,-0.01609434,0.026277,36
2025-04-01,FED_HIKE_EXPECTATION,Foreign_Equity,-0.01549562,0.020603,36
2025-05-01,FED_HIKE_EXPECTATION,Foreign_Equity,-0.01796844,0.028303,36
2025-06-01,FED_HIKE_EXPECTATION,Foreign_Equity,-0.01777713,0.028773,36
2025-07-01,FED_HIKE_EXPECTATION,Foreign_Equity,-0.02128033,0.039776,36
2025-08-01,FED_HIKE_EXPECTATION,Foreign_Equity,-0.01697221,0.0253,36
2025-09-01,FED_HIKE_EXPECTATION,Foreign_Equity,-0.00681949,0.004497,36
2025-10-01,FED_HIKE_EXPECTATION,Foreign_Equity,-0.00621754,0.003923,36
2025-11-01,FED_HIKE_EXPECTATION,Foreign_Equity,0.00486135,0.002588,36
2025-12-01,FED_HIKE_EXPECTATION,Foreign_Equity,0.00560164,0.003094,36
2026-01-01,FED_HIKE_EXPECTATION,Foreign_Equity,0.00905633,0.007772,36
2026-02-01,FED_HIKE_EXPECTATION,Foreign_Equity,0.00864783,0.006999,36
2026-03-01,FED_HIKE_EXPECTATION,Foreign_Equity,-0.00500886,0.002358,36
2026-04-01,FED_HIKE_EXPECTATION,Foreign_Equity,-0.00105077,9.4e-05,36
2026-05-01,FED_HIKE_EXPECTATION,Foreign_Equity,-0.0031636,0.000891,36
2026-06-01,FED_HIKE_EXPECTATION,Foreign_Equity,-0.0061465,0.00304,36
2026-07-01,FED_HIKE_EXPECTATION,Foreign_Equity,-0.00773188,0.004874,35
2013-12-01,FED_HIKE_EXPECTATION,Bond,-0.06608086,0.27809,35
2014-01-01,FED_HIKE_EXPECTATION,Bond,-0.06460946,0.274165,36
2014-02-01,FED_HIKE_EXPECTATION,Bond,-0.07266894,0.291281,36
2014-03-01,FED_HIKE_EXPECTATION,Bond,-0.06883208,0.28639,36
2014-04-01,FED_HIKE_EXPECTATION,Bond,-0.07219476,0.303177,36
2014-05-01,FED_HIKE_EXPECTATION,Bond,-0.07742477,0.295682,36
2014-06-01,FED_HIKE_EXPECTATION,Bond,-0.08177822,0.278567,36
2014-07-01,FED_HIKE_EXPECTATION,Bond,-0.07099642,0.207114,36
2014-08-01,FED_HIKE_EXPECTATION,Bond,-0.06652405,0.118007,36
2014-09-01,FED_HIKE_EXPECTATION,Bond,-0.05414922,0.093099,36
2014-10-01,FED_HIKE_EXPECTATION,Bond,-0.05960034,0.123943,36
2014-11-01,FED_HIKE_EXPECTATION,Bond,-0.05423011,0.106732,36
2014-12-01,FED_HIKE_EXPECTATION,Bond,-0.05239691,0.105377,36
2015-01-01,FED_HIKE_EXPECTATION,Bond,-0.06137269,0.143946,36
2015-02-01,FED_HIKE_EXPECTATION,Bond,-0.05827973,0.134872,36
2015-03-01,FED_HIKE_EXPECTATION,Bond,-0.05621154,0.130662,36
2015-04-01,FED_HIKE_EXPECTATION,Bond,-0.05351078,0.128937,36
2015-05-01,FED_HIKE_EXPECTATION,Bond,-0.06215612,0.151797,36
2015-06-01,FED_HIKE_EXPECTATION,Bond,-0.06046153,0.149445,36
2015-07-01,FED_HIKE_EXPECTATION,Bond,-0.05268743,0.127004,36
2015-08-01,FED_HIKE_EXPECTATION,Bond,-0.05663668,0.150143,36
2015-09-01,FED_HIKE_EXPECTATION,Bond,-0.05690068,0.149491,36
2015-10-01,FED_HIKE_EXPECTATION,Bond,-0.05771681,0.157526,36
2015-11-01,FED_HIKE_EXPECTATION,Bond,-0.05701429,0.207771,36
2015-12-01,FED_HIKE_EXPECTATION,Bond,-0.05894986,0.2309,36
2016-01-01,FED_HIKE_EXPECTATION,Bond,-0.05509855,0.243157,36
2016-02-01,FED_HIKE_EXPECTATION,Bond,-0.05290058,0.267059,36
2016-03-01,FED_HIKE_EXPECTATION,Bond,-0.05037329,0.268573,36
2016-04-01,FED_HIKE_EXPECTATION,Bond,-0.04751286,0.251838,36
2016-05-01,FED_HIKE_EXPECTATION,Bond,-0.04689989,0.247166,36
2016-06-01,FED_HIKE_EXPECTATION,Bond,-0.04049329,0.250034,36
2016-07-01,FED_HIKE_EXPECTATION,Bond,-0.04160151,0.278768,36
2016-08-01,FED_HIKE_EXPECTATION,Bond,-0.04125269,0.291594,36
2016-09-01,FED_HIKE_EXPECTATION,Bond,-0.04257318,0.293281,36
2016-10-01,FED_HIKE_EXPECTATION,Bond,-0.04400326,0.300332,36
2016-11-01,FED_HIKE_EXPECTATION,Bond,-0.05340935,0.360499,36
2016-12-01,FED_HIKE_EXPECTATION,Bond,-0.05569689,0.372378,36
2017-01-01,FED_HIKE_EXPECTATION,Bond,-0.05414453,0.361036,36
2017-02-01,FED_HIKE_EXPECTATION,Bond,-0.05302441,0.342841,36
2017-03-01,FED_HIKE_EXPECTATION,Bond,-0.05247481,0.330094,36
2017-04-01,FED_HIKE_EXPECTATION,Bond,-0.04755711,0.299241,36
2017-05-01,FED_HIKE_EXPECTATION,Bond,-0.04764368,0.302397,36
2017-06-01,FED_HIKE_EXPECTATION,Bond,-0.04861695,0.322718,36
2017-07-01,FED_HIKE_EXPECTATION,Bond,-0.04975396,0.354964,36
2017-08-01,FED_HIKE_EXPECTATION,Bond,-0.04966229,0.352878,36
2017-09-01,FED_HIKE_EXPECTATION,Bond,-0.05214373,0.382497,36
2017-10-01,FED_HIKE_EXPECTATION,Bond,-0.05039205,0.387218,36
2017-11-01,FED_HIKE_EXPECTATION,Bond,-0.05152966,0.418226,36
2017-12-01,FED_HIKE_EXPECTATION,Bond,-0.05255345,0.425249,36
2018-01-01,FED_HIKE_EXPECTATION,Bond,-0.05090697,0.43137,36
2018-02-01,FED_HIKE_EXPECTATION,Bond,-0.05253604,0.469057,36
2018-03-01,FED_HIKE_EXPECTATION,Bond,-0.05268903,0.471857,36
2018-04-01,FED_HIKE_EXPECTATION,Bond,-0.05245399,0.465794,36
2018-05-01,FED_HIKE_EXPECTATION,Bond,-0.04989908,0.497068,36
2018-06-01,FED_HIKE_EXPECTATION,Bond,-0.0511407,0.520158,36
2018-07-01,FED_HIKE_EXPECTATION,Bond,-0.05134649,0.511825,36
2018-08-01,FED_HIKE_EXPECTATION,Bond,-0.05125968,0.521838,36
2018-09-01,FED_HIKE_EXPECTATION,Bond,-0.04857725,0.46599,36
2018-10-01,FED_HIKE_EXPECTATION,Bond,-0.04480853,0.430048,36
2018-11-01,FED_HIKE_EXPECTATION,Bond,-0.04557468,0.392165,36
2018-12-01,FED_HIKE_EXPECTATION,Bond,-0.046431,0.439121,36
2019-01-01,FED_HIKE_EXPECTATION,Bond,-0.03916572,0.354392,36
2019-02-01,FED_HIKE_EXPECTATION,Bond,-0.03720263,0.315004,36
2019-03-01,FED_HIKE_EXPECTATION,Bond,-0.03915142,0.32866,36
2019-04-01,FED_HIKE_EXPECTATION,Bond,-0.03978588,0.332238,36
2019-05-01,FED_HIKE_EXPECTATION,Bond,-0.04042884,0.343549,36
2019-06-01,FED_HIKE_EXPECTATION,Bond,-0.03766616,0.383273,36
2019-07-01,FED_HIKE_EXPECTATION,Bond,-0.03624182,0.376783,36
2019-08-01,FED_HIKE_EXPECTATION,Bond,-0.03575633,0.325797,36
2019-09-01,FED_HIKE_EXPECTATION,Bond,-0.0367109,0.352781,36
2019-10-01,FED_HIKE_EXPECTATION,Bond,-0.03756364,0.363205,36
2019-11-01,FED_HIKE_EXPECTATION,Bond,-0.03255581,0.394777,36
2019-12-01,FED_HIKE_EXPECTATION,Bond,-0.03100347,0.379638,36
2020-01-01,FED_HIKE_EXPECTATION,Bond,-0.0306593,0.370885,36
2020-02-01,FED_HIKE_EXPECTATION,Bond,-0.03051757,0.386302,36
2020-03-01,FED_HIKE_EXPECTATION,Bond,-0.0301268,0.383322,36
2020-04-01,FED_HIKE_EXPECTATION,Bond,-0.02688405,0.354811,36
2020-05-01,FED_HIKE_EXPECTATION,Bond,-0.02679114,0.353839,36
2020-06-01,FED_HIKE_EXPECTATION,Bond,-0.02657163,0.348288,36
2020-07-01,FED_HIKE_EXPECTATION,Bond,-0.02729016,0.375384,36
2020-08-01,FED_HIKE_EXPECTATION,Bond,-0.02742038,0.379344,36
2020-09-01,FED_HIKE_EXPECTATION,Bond,-0.02749881,0.359954,36
2020-10-01,FED_HIKE_EXPECTATION,Bond,-0.02608167,0.335885,36
2020-11-01,FED_HIKE_EXPECTATION,Bond,-0.02592044,0.317029,36
2020-12-01,FED_HIKE_EXPECTATION,Bond,-0.02584697,0.311091,36
2021-01-01,FED_HIKE_EXPECTATION,Bond,-0.0248982,0.299821,36
2021-02-01,FED_HIKE_EXPECTATION,Bond,-0.02387399,0.269894,36
2021-03-01,FED_HIKE_EXPECTATION,Bond,-0.02498433,0.268522,36
2021-04-01,FED_HIKE_EXPECTATION,Bond,-0.02488449,0.266372,36
2021-05-01,FED_HIKE_EXPECTATION,Bond,-0.02451407,0.252357,36
2021-06-01,FED_HIKE_EXPECTATION,Bond,-0.02395851,0.244121,36
2021-07-01,FED_HIKE_EXPECTATION,Bond,-0.02384501,0.240471,36
2021-08-01,FED_HIKE_EXPECTATION,Bond,-0.02410606,0.247425,36
2021-09-01,FED_HIKE_EXPECTATION,Bond,-0.02643899,0.289062,36
2021-10-01,FED_HIKE_EXPECTATION,Bond,-0.03107378,0.325014,36
2021-11-01,FED_HIKE_EXPECTATION,Bond,-0.02973471,0.313603,36
2021-12-01,FED_HIKE_EXPECTATION,Bond,-0.02344419,0.192523,36
2022-01-01,FED_HIKE_EXPECTATION,Bond,-0.03031499,0.279635,36
2022-02-01,FED_HIKE_EXPECTATION,Bond,-0.02895851,0.308894,36
2022-03-01,FED_HIKE_EXPECTATION,Bond,-0.02728683,0.298115,36
2022-04-01,FED_HIKE_EXPECTATION,Bond,-0.03154335,0.388569,36
2022-05-01,FED_HIKE_EXPECTATION,Bond,-0.02668334,0.319451,36
2022-06-01,FED_HIKE_EXPECTATION,Bond,-0.02303064,0.200053,36
2022-07-01,FED_HIKE_EXPECTATION,Bond,-0.02781267,0.299995,36
2022-08-01,FED_HIKE_EXPECTATION,Bond,-0.02400037,0.289937,36
2022-09-01,FED_HIKE_EXPECTATION,Bond,-0.02810064,0.332665,36
2022-10-01,FED_HIKE_EXPECTATION,Bond,-0.02746304,0.299282,36
2022-11-01,FED_HIKE_EXPECTATION,Bond,-0.03094574,0.381762,36
2022-12-01,FED_HIKE_EXPECTATION,Bond,-0.03345946,0.451992,36
2023-01-01,FED_HIKE_EXPECTATION,Bond,-0.03368785,0.464917,36
2023-02-01,FED_HIKE_EXPECTATION,Bond,-0.03334679,0.45405,36
2023-03-01,FED_HIKE_EXPECTATION,Bond,-0.03269454,0.455931,36
2023-04-01,FED_HIKE_EXPECTATION,Bond,-0.03439324,0.502575,36
2023-05-01,FED_HIKE_EXPECTATION,Bond,-0.0341571,0.504379,36
2023-06-01,FED_HIKE_EXPECTATION,Bond,-0.03241246,0.497977,36
2023-07-01,FED_HIKE_EXPECTATION,Bond,-0.032022,0.492496,36
2023-08-01,FED_HIKE_EXPECTATION,Bond,-0.03154283,0.478222,36
2023-09-01,FED_HIKE_EXPECTATION,Bond,-0.03133978,0.476867,36
2023-10-01,FED_HIKE_EXPECTATION,Bond,-0.03164461,0.470778,36
2023-11-01,FED_HIKE_EXPECTATION,Bond,-0.03307779,0.458003,36
2023-12-01,FED_HIKE_EXPECTATION,Bond,-0.03573435,0.487132,36
2024-01-01,FED_HIKE_EXPECTATION,Bond,-0.03583706,0.489179,36
2024-02-01,FED_HIKE_EXPECTATION,Bond,-0.03521008,0.483394,36
2024-03-01,FED_HIKE_EXPECTATION,Bond,-0.03485546,0.478914,36
2024-04-01,FED_HIKE_EXPECTATION,Bond,-0.03464476,0.48316,36
2024-05-01,FED_HIKE_EXPECTATION,Bond,-0.03461015,0.481382,36
2024-06-01,FED_HIKE_EXPECTATION,Bond,-0.03500249,0.482312,36
2024-07-01,FED_HIKE_EXPECTATION,Bond,-0.0353799,0.495766,36
2024-08-01,FED_HIKE_EXPECTATION,Bond,-0.03467308,0.505384,36
2024-09-01,FED_HIKE_EXPECTATION,Bond,-0.03444428,0.504434,36
2024-10-01,FED_HIKE_EXPECTATION,Bond,-0.02995377,0.453179,36
2024-11-01,FED_HIKE_EXPECTATION,Bond,-0.02774015,0.411837,36
2024-12-01,FED_HIKE_EXPECTATION,Bond,-0.02776377,0.405047,36
2025-01-01,FED_HIKE_EXPECTATION,Bond,-0.02681668,0.389313,36
2025-02-01,FED_HIKE_EXPECTATION,Bond,-0.02693727,0.376562,36
2025-03-01,FED_HIKE_EXPECTATION,Bond,-0.02726812,0.375008,36
2025-04-01,FED_HIKE_EXPECTATION,Bond,-0.02542929,0.329826,36
2025-05-01,FED_HIKE_EXPECTATION,Bond,-0.02654303,0.355548,36
2025-06-01,FED_HIKE_EXPECTATION,Bond,-0.02661384,0.380238,36
2025-07-01,FED_HIKE_EXPECTATION,Bond,-0.02547384,0.355924,36
2025-08-01,FED_HIKE_EXPECTATION,Bond,-0.02692784,0.380728,36
2025-09-01,FED_HIKE_EXPECTATION,Bond,-0.02328018,0.343187,36
2025-10-01,FED_HIKE_EXPECTATION,Bond,-0.02306325,0.381944,36
2025-11-01,FED_HIKE_EXPECTATION,Bond,-0.02299458,0.349141,36
2025-12-01,FED_HIKE_EXPECTATION,Bond,-0.02100321,0.296853,36
2026-01-01,FED_HIKE_EXPECTATION,Bond,-0.02104187,0.289352,36
2026-02-01,FED_HIKE_EXPECTATION,Bond,-0.0207744,0.278013,36
2026-03-01,FED_HIKE_EXPECTATION,Bond,-0.02173306,0.295379,36
2026-04-01,FED_HIKE_EXPECTATION,Bond,-0.02212032,0.281221,36
2026-05-01,FED_HIKE_EXPECTATION,Bond,-0.02397421,0.302478,36
2026-06-01,FED_HIKE_EXPECTATION,Bond,-0.02399351,0.280546,36
2026-07-01,FED_HIKE_EXPECTATION,Bond,-0.0239934,0.278799,35
2013-12-01,FED_HIKE_EXPECTATION,Gold,-0.09954648,0.03142,35
2014-01-01,FED_HIKE_EXPECTATION,Gold,-0.11368505,0.041008,36
2014-02-01,FED_HIKE_EXPECTATION,Gold,-0.11853863,0.037475,36
2014-03-01,FED_HIKE_EXPECTATION,Gold,-0.09347093,0.022933,36
2014-04-01,FED_HIKE_EXPECTATION,Gold,-0.11463572,0.033681,36
2014-05-01,FED_HIKE_EXPECTATION,Gold,-0.08034369,0.014206,36
2014-06-01,FED_HIKE_EXPECTATION,Gold,-0.07794472,0.011153,36
2014-07-01,FED_HIKE_EXPECTATION,Gold,-0.03788918,0.002576,36
2014-08-01,FED_HIKE_EXPECTATION,Gold,0.06023166,0.003953,36
2014-09-01,FED_HIKE_EXPECTATION,Gold,0.04463018,0.003214,36
2014-10-01,FED_HIKE_EXPECTATION,Gold,0.07960749,0.011467,36
2014-11-01,FED_HIKE_EXPECTATION,Gold,0.02178589,0.000909,36
2014-12-01,FED_HIKE_EXPECTATION,Gold,0.04931228,0.005029,36
2015-01-01,FED_HIKE_EXPECTATION,Gold,0.01001857,0.000231,36
2015-02-01,FED_HIKE_EXPECTATION,Gold,0.0357401,0.002925,36
2015-03-01,FED_HIKE_EXPECTATION,Gold,0.0199526,0.000949,36
2015-04-01,FED_HIKE_EXPECTATION,Gold,-0.01687428,0.000753,36
2015-05-01,FED_HIKE_EXPECTATION,Gold,-0.02160934,0.001266,36
2015-06-01,FED_HIKE_EXPECTATION,Gold,-0.02192776,0.001369,36
2015-07-01,FED_HIKE_EXPECTATION,Gold,-0.01420121,0.000568,36
2015-08-01,FED_HIKE_EXPECTATION,Gold,-0.020295,0.001059,36
2015-09-01,FED_HIKE_EXPECTATION,Gold,-0.01256978,0.00039,36
2015-10-01,FED_HIKE_EXPECTATION,Gold,-0.01532297,0.000697,36
2015-11-01,FED_HIKE_EXPECTATION,Gold,-0.03087751,0.004026,36
2015-12-01,FED_HIKE_EXPECTATION,Gold,-0.02383683,0.002345,36
2016-01-01,FED_HIKE_EXPECTATION,Gold,-0.05612437,0.015355,36
2016-02-01,FED_HIKE_EXPECTATION,Gold,-0.09231044,0.047821,36
2016-03-01,FED_HIKE_EXPECTATION,Gold,-0.0247171,0.003073,36
2016-04-01,FED_HIKE_EXPECTATION,Gold,-0.02323341,0.002864,36
2016-05-01,FED_HIKE_EXPECTATION,Gold,-0.00580809,0.000182,36
2016-06-01,FED_HIKE_EXPECTATION,Gold,0.02695218,0.003926,36
2016-07-01,FED_HIKE_EXPECTATION,Gold,0.00061924,2e-06,36
2016-08-01,FED_HIKE_EXPECTATION,Gold,0.00380389,6.9e-05,36
2016-09-01,FED_HIKE_EXPECTATION,Gold,-0.00306196,4.6e-05,36
2016-10-01,FED_HIKE_EXPECTATION,Gold,-0.01445141,0.000988,36
2016-11-01,FED_HIKE_EXPECTATION,Gold,-0.0109324,0.000594,36
2016-12-01,FED_HIKE_EXPECTATION,Gold,-0.03269724,0.004781,36
2017-01-01,FED_HIKE_EXPECTATION,Gold,-0.02355332,0.00261,36
2017-02-01,FED_HIKE_EXPECTATION,Gold,-0.02282672,0.002391,36
2017-03-01,FED_HIKE_EXPECTATION,Gold,-0.03269373,0.004955,36
2017-04-01,FED_HIKE_EXPECTATION,Gold,-0.03481588,0.006257,36
2017-05-01,FED_HIKE_EXPECTATION,Gold,-0.0378561,0.007503,36
2017-06-01,FED_HIKE_EXPECTATION,Gold,-0.03830706,0.007922,36
2017-07-01,FED_HIKE_EXPECTATION,Gold,-0.04060386,0.009103,36
2017-08-01,FED_HIKE_EXPECTATION,Gold,-0.04559619,0.011282,36
2017-09-01,FED_HIKE_EXPECTATION,Gold,-0.0299269,0.004576,36
2017-10-01,FED_HIKE_EXPECTATION,Gold,-0.06899959,0.025083,36
2017-11-01,FED_HIKE_EXPECTATION,Gold,-0.05710813,0.0184,36
2017-12-01,FED_HIKE_EXPECTATION,Gold,-0.06492411,0.023751,36
2018-01-01,FED_HIKE_EXPECTATION,Gold,-0.05528955,0.016819,36
2018-02-01,FED_HIKE_EXPECTATION,Gold,-0.05818004,0.019685,36
2018-03-01,FED_HIKE_EXPECTATION,Gold,-0.05655747,0.019286,36
2018-04-01,FED_HIKE_EXPECTATION,Gold,-0.05708353,0.01934,36
2018-05-01,FED_HIKE_EXPECTATION,Gold,-0.05894197,0.021051,36
2018-06-01,FED_HIKE_EXPECTATION,Gold,-0.05302299,0.017319,36
2018-07-01,FED_HIKE_EXPECTATION,Gold,-0.05279928,0.016896,36
2018-08-01,FED_HIKE_EXPECTATION,Gold,-0.05196204,0.01747,36
2018-09-01,FED_HIKE_EXPECTATION,Gold,-0.05565583,0.020676,36
2018-10-01,FED_HIKE_EXPECTATION,Gold,-0.0516826,0.018776,36
2018-11-01,FED_HIKE_EXPECTATION,Gold,-0.0405469,0.010115,36
2018-12-01,FED_HIKE_EXPECTATION,Gold,-0.04023083,0.012018,36
2019-01-01,FED_HIKE_EXPECTATION,Gold,-0.0448894,0.016203,36
2019-02-01,FED_HIKE_EXPECTATION,Gold,-0.03245545,0.007911,36
2019-03-01,FED_HIKE_EXPECTATION,Gold,-0.07098509,0.041513,36
2019-04-01,FED_HIKE_EXPECTATION,Gold,-0.07576183,0.046684,36
2019-05-01,FED_HIKE_EXPECTATION,Gold,-0.08034178,0.054916,36
2019-06-01,FED_HIKE_EXPECTATION,Gold,-0.09476131,0.104616,36
2019-07-01,FED_HIKE_EXPECTATION,Gold,-0.08238056,0.100974,36
2019-08-01,FED_HIKE_EXPECTATION,Gold,-0.07996057,0.085372,36
2019-09-01,FED_HIKE_EXPECTATION,Gold,-0.06399828,0.057373,36
2019-10-01,FED_HIKE_EXPECTATION,Gold,-0.06101948,0.055895,36
2019-11-01,FED_HIKE_EXPECTATION,Gold,-0.05795892,0.05986,36
2019-12-01,FED_HIKE_EXPECTATION,Gold,-0.04311581,0.04445,36
2020-01-01,FED_HIKE_EXPECTATION,Gold,-0.04799147,0.053165,36
2020-02-01,FED_HIKE_EXPECTATION,Gold,-0.04985438,0.062042,36
2020-03-01,FED_HIKE_EXPECTATION,Gold,-0.04559673,0.050276,36
2020-04-01,FED_HIKE_EXPECTATION,Gold,-0.05149907,0.073007,36
2020-05-01,FED_HIKE_EXPECTATION,Gold,-0.05318908,0.072468,36
2020-06-01,FED_HIKE_EXPECTATION,Gold,-0.05171985,0.068669,36
2020-07-01,FED_HIKE_EXPECTATION,Gold,-0.05847184,0.094462,36
2020-08-01,FED_HIKE_EXPECTATION,Gold,-0.05989273,0.065677,36
2020-09-01,FED_HIKE_EXPECTATION,Gold,-0.06346424,0.07381,36
2020-10-01,FED_HIKE_EXPECTATION,Gold,-0.05247066,0.051966,36
2020-11-01,FED_HIKE_EXPECTATION,Gold,-0.05227175,0.050194,36
2020-12-01,FED_HIKE_EXPECTATION,Gold,-0.0505045,0.043025,36
2021-01-01,FED_HIKE_EXPECTATION,Gold,-0.05471862,0.048539,36
2021-02-01,FED_HIKE_EXPECTATION,Gold,-0.05710239,0.047444,36
2021-03-01,FED_HIKE_EXPECTATION,Gold,-0.06220135,0.051724,36
2021-04-01,FED_HIKE_EXPECTATION,Gold,-0.06237509,0.051748,36
2021-05-01,FED_HIKE_EXPECTATION,Gold,-0.05756567,0.04288,36
2021-06-01,FED_HIKE_EXPECTATION,Gold,-0.05846824,0.043217,36
2021-07-01,FED_HIKE_EXPECTATION,Gold,-0.05935347,0.043613,36
2021-08-01,FED_HIKE_EXPECTATION,Gold,-0.05738269,0.041672,36
2021-09-01,FED_HIKE_EXPECTATION,Gold,-0.05409351,0.037081,36
2021-10-01,FED_HIKE_EXPECTATION,Gold,-0.06499713,0.052658,36
2021-11-01,FED_HIKE_EXPECTATION,Gold,-0.06257718,0.050037,36
2021-12-01,FED_HIKE_EXPECTATION,Gold,-0.06932072,0.058344,36
2022-01-01,FED_HIKE_EXPECTATION,Gold,-0.05893297,0.042713,36
2022-02-01,FED_HIKE_EXPECTATION,Gold,-0.05111369,0.040752,36
2022-03-01,FED_HIKE_EXPECTATION,Gold,-0.03205925,0.016642,36
2022-04-01,FED_HIKE_EXPECTATION,Gold,-0.0315552,0.019221,36
2022-05-01,FED_HIKE_EXPECTATION,Gold,-0.01650767,0.005834,36
2022-06-01,FED_HIKE_EXPECTATION,Gold,-0.0049364,0.000446,36
2022-07-01,FED_HIKE_EXPECTATION,Gold,0.02023942,0.008831,36
2022-08-01,FED_HIKE_EXPECTATION,Gold,0.01808954,0.008759,36
2022-09-01,FED_HIKE_EXPECTATION,Gold,0.00669995,0.001257,36
2022-10-01,FED_HIKE_EXPECTATION,Gold,0.00809984,0.001857,36
2022-11-01,FED_HIKE_EXPECTATION,Gold,0.01877537,0.011449,36
2022-12-01,FED_HIKE_EXPECTATION,Gold,-0.00246324,0.000207,36
2023-01-01,FED_HIKE_EXPECTATION,Gold,-0.0050119,0.000896,36
2023-02-01,FED_HIKE_EXPECTATION,Gold,-0.00229327,0.000182,36
2023-03-01,FED_HIKE_EXPECTATION,Gold,0.00341924,0.000418,36
2023-04-01,FED_HIKE_EXPECTATION,Gold,-0.00920442,0.002778,36
2023-05-01,FED_HIKE_EXPECTATION,Gold,-0.00857185,0.002505,36
2023-06-01,FED_HIKE_EXPECTATION,Gold,-0.01324776,0.006557,36
2023-07-01,FED_HIKE_EXPECTATION,Gold,-0.01430045,0.007741,36
2023-08-01,FED_HIKE_EXPECTATION,Gold,-0.01449578,0.010724,36
2023-09-01,FED_HIKE_EXPECTATION,Gold,-0.01492645,0.011618,36
2023-10-01,FED_HIKE_EXPECTATION,Gold,-0.01575002,0.012477,36
2023-11-01,FED_HIKE_EXPECTATION,Gold,-0.02134773,0.020251,36
2023-12-01,FED_HIKE_EXPECTATION,Gold,-0.02233085,0.024557,36
2024-01-01,FED_HIKE_EXPECTATION,Gold,-0.0228882,0.027257,36
2024-02-01,FED_HIKE_EXPECTATION,Gold,-0.0230732,0.029616,36
2024-03-01,FED_HIKE_EXPECTATION,Gold,-0.02051085,0.024179,36
2024-04-01,FED_HIKE_EXPECTATION,Gold,-0.01451094,0.01175,36
2024-05-01,FED_HIKE_EXPECTATION,Gold,-0.01475531,0.012344,36
2024-06-01,FED_HIKE_EXPECTATION,Gold,-0.01541981,0.01391,36
2024-07-01,FED_HIKE_EXPECTATION,Gold,-0.01447468,0.013097,36
2024-08-01,FED_HIKE_EXPECTATION,Gold,-0.01623165,0.01764,36
2024-09-01,FED_HIKE_EXPECTATION,Gold,-0.0169831,0.019053,36
2024-10-01,FED_HIKE_EXPECTATION,Gold,-0.00397954,0.00116,36
2024-11-01,FED_HIKE_EXPECTATION,Gold,-0.00280835,0.000612,36
2024-12-01,FED_HIKE_EXPECTATION,Gold,-0.00344446,0.0009,36
2025-01-01,FED_HIKE_EXPECTATION,Gold,-0.00376204,0.001058,36
2025-02-01,FED_HIKE_EXPECTATION,Gold,-0.00271962,0.000457,36
2025-03-01,FED_HIKE_EXPECTATION,Gold,-0.00997049,0.006204,36
2025-04-01,FED_HIKE_EXPECTATION,Gold,-0.01174393,0.007265,36
2025-05-01,FED_HIKE_EXPECTATION,Gold,-0.01429725,0.010888,36
2025-06-01,FED_HIKE_EXPECTATION,Gold,-0.01437154,0.011155,36
2025-07-01,FED_HIKE_EXPECTATION,Gold,-0.02402215,0.031771,36
2025-08-01,FED_HIKE_EXPECTATION,Gold,-0.02646641,0.036957,36
2025-09-01,FED_HIKE_EXPECTATION,Gold,-0.01911578,0.018401,36
2025-10-01,FED_HIKE_EXPECTATION,Gold,-0.01425461,0.009126,36
2025-11-01,FED_HIKE_EXPECTATION,Gold,-0.02767672,0.033453,36
2025-12-01,FED_HIKE_EXPECTATION,Gold,-0.01847404,0.014249,36
2026-01-01,FED_HIKE_EXPECTATION,Gold,-0.01493745,0.008591,36
2026-02-01,FED_HIKE_EXPECTATION,Gold,-0.01606683,0.00984,36
2026-03-01,FED_HIKE_EXPECTATION,Gold,-0.03075901,0.037445,36
2026-04-01,FED_HIKE_EXPECTATION,Gold,-0.01997059,0.014599,36
2026-05-01,FED_HIKE_EXPECTATION,Gold,-0.02411607,0.021219,36
2026-06-01,FED_HIKE_EXPECTATION,Gold,-0.01790926,0.010079,36
2026-07-01,FED_HIKE_EXPECTATION,Gold,-0.02088918,0.010918,36
2013-12-01,BOK_HIKE_EXPECTATION,Domestic_Equity,0.03541862,0.017037,35
2014-01-01,BOK_HIKE_EXPECTATION,Domestic_Equity,0.03562539,0.017109,36
2014-02-01,BOK_HIKE_EXPECTATION,Domestic_Equity,0.04371753,0.026284,36
2014-03-01,BOK_HIKE_EXPECTATION,Domestic_Equity,0.04680658,0.026161,36
2014-04-01,BOK_HIKE_EXPECTATION,Domestic_Equity,0.04157259,0.023398,36
2014-05-01,BOK_HIKE_EXPECTATION,Domestic_Equity,0.03980192,0.021271,36
2014-06-01,BOK_HIKE_EXPECTATION,Domestic_Equity,0.0370335,0.019112,36
2014-07-01,BOK_HIKE_EXPECTATION,Domestic_Equity,0.02704846,0.010926,36
2014-08-01,BOK_HIKE_EXPECTATION,Domestic_Equity,-0.01801009,0.008141,36
2014-09-01,BOK_HIKE_EXPECTATION,Domestic_Equity,-0.02500567,0.016861,36
2014-10-01,BOK_HIKE_EXPECTATION,Domestic_Equity,-0.00872225,0.001912,36
2014-11-01,BOK_HIKE_EXPECTATION,Domestic_Equity,-0.00873788,0.001965,36
2014-12-01,BOK_HIKE_EXPECTATION,Domestic_Equity,-0.00980065,0.00247,36
2015-01-01,BOK_HIKE_EXPECTATION,Domestic_Equity,-0.00746718,0.001491,36
2015-02-01,BOK_HIKE_EXPECTATION,Domestic_Equity,-0.01321761,0.005303,36
2015-03-01,BOK_HIKE_EXPECTATION,Domestic_Equity,-0.02041491,0.012008,36
2015-04-01,BOK_HIKE_EXPECTATION,Domestic_Equity,-0.02431064,0.015627,36
2015-05-01,BOK_HIKE_EXPECTATION,Domestic_Equity,-0.02681565,0.026601,36
2015-06-01,BOK_HIKE_EXPECTATION,Domestic_Equity,-0.02904202,0.03082,36
2015-07-01,BOK_HIKE_EXPECTATION,Domestic_Equity,-0.03866729,0.049653,36
2015-08-01,BOK_HIKE_EXPECTATION,Domestic_Equity,-0.01179225,0.004233,36
2015-09-01,BOK_HIKE_EXPECTATION,Domestic_Equity,-0.01038232,0.003396,36
2015-10-01,BOK_HIKE_EXPECTATION,Domestic_Equity,-0.01311617,0.005004,36
2015-11-01,BOK_HIKE_EXPECTATION,Domestic_Equity,-0.01372491,0.00587,36
2015-12-01,BOK_HIKE_EXPECTATION,Domestic_Equity,-0.02148649,0.014897,36
2016-01-01,BOK_HIKE_EXPECTATION,Domestic_Equity,-0.01379679,0.005819,36
2016-02-01,BOK_HIKE_EXPECTATION,Domestic_Equity,-0.01430653,0.006517,36
2016-03-01,BOK_HIKE_EXPECTATION,Domestic_Equity,-0.01051222,0.003279,36
2016-04-01,BOK_HIKE_EXPECTATION,Domestic_Equity,-0.01255358,0.004809,36
2016-05-01,BOK_HIKE_EXPECTATION,Domestic_Equity,-0.01466593,0.006544,36
2016-06-01,BOK_HIKE_EXPECTATION,Domestic_Equity,0.02004364,0.009892,36
2016-07-01,BOK_HIKE_EXPECTATION,Domestic_Equity,0.02350851,0.012766,36
2016-08-01,BOK_HIKE_EXPECTATION,Domestic_Equity,0.02270786,0.011393,36
2016-09-01,BOK_HIKE_EXPECTATION,Domestic_Equity,0.01920349,0.009662,36
2016-10-01,BOK_HIKE_EXPECTATION,Domestic_Equity,0.01895324,0.010241,36
2016-11-01,BOK_HIKE_EXPECTATION,Domestic_Equity,-2.111e-05,0.0,36
2016-12-01,BOK_HIKE_EXPECTATION,Domestic_Equity,0.00774614,0.002095,36
2017-01-01,BOK_HIKE_EXPECTATION,Domestic_Equity,0.00704045,0.00174,36
2017-02-01,BOK_HIKE_EXPECTATION,Domestic_Equity,0.00665137,0.001547,36
2017-03-01,BOK_HIKE_EXPECTATION,Domestic_Equity,0.00988505,0.003372,36
2017-04-01,BOK_HIKE_EXPECTATION,Domestic_Equity,0.00864763,0.002604,36
2017-05-01,BOK_HIKE_EXPECTATION,Domestic_Equity,0.01508527,0.006713,36
2017-06-01,BOK_HIKE_EXPECTATION,Domestic_Equity,0.01461133,0.005895,36
2017-07-01,BOK_HIKE_EXPECTATION,Domestic_Equity,0.01946955,0.010043,36
2017-08-01,BOK_HIKE_EXPECTATION,Domestic_Equity,0.01556647,0.0064,36
2017-09-01,BOK_HIKE_EXPECTATION,Domestic_Equity,0.01345481,0.004741,36
2017-10-01,BOK_HIKE_EXPECTATION,Domestic_Equity,0.00457113,0.0006,36
2017-11-01,BOK_HIKE_EXPECTATION,Domestic_Equity,0.01018947,0.00293,36
2017-12-01,BOK_HIKE_EXPECTATION,Domestic_Equity,0.01415741,0.005465,36
2018-01-01,BOK_HIKE_EXPECTATION,Domestic_Equity,0.01212052,0.00393,36
2018-02-01,BOK_HIKE_EXPECTATION,Domestic_Equity,0.00760252,0.001461,36
2018-03-01,BOK_HIKE_EXPECTATION,Domestic_Equity,0.01369718,0.004632,36
2018-04-01,BOK_HIKE_EXPECTATION,Domestic_Equity,0.02370294,0.014867,36
2018-05-01,BOK_HIKE_EXPECTATION,Domestic_Equity,0.02707479,0.016618,36
2018-06-01,BOK_HIKE_EXPECTATION,Domestic_Equity,0.0306804,0.021734,36
2018-07-01,BOK_HIKE_EXPECTATION,Domestic_Equity,0.04275131,0.038469,36
2018-08-01,BOK_HIKE_EXPECTATION,Domestic_Equity,0.02787947,0.018654,36
2018-09-01,BOK_HIKE_EXPECTATION,Domestic_Equity,0.02290573,0.012587,36
2018-10-01,BOK_HIKE_EXPECTATION,Domestic_Equity,0.02331135,0.011199,36
2018-11-01,BOK_HIKE_EXPECTATION,Domestic_Equity,0.03577305,0.02466,36
2018-12-01,BOK_HIKE_EXPECTATION,Domestic_Equity,0.0367425,0.028408,36
2019-01-01,BOK_HIKE_EXPECTATION,Domestic_Equity,0.02623982,0.014793,36
2019-02-01,BOK_HIKE_EXPECTATION,Domestic_Equity,0.0254851,0.01168,36
2019-03-01,BOK_HIKE_EXPECTATION,Domestic_Equity,0.02628955,0.012719,36
2019-04-01,BOK_HIKE_EXPECTATION,Domestic_Equity,0.02389275,0.010437,36
2019-05-01,BOK_HIKE_EXPECTATION,Domestic_Equity,0.0292112,0.014146,36
2019-06-01,BOK_HIKE_EXPECTATION,Domestic_Equity,0.02914703,0.014388,36
2019-07-01,BOK_HIKE_EXPECTATION,Domestic_Equity,0.03725657,0.022957,36
2019-08-01,BOK_HIKE_EXPECTATION,Domestic_Equity,0.06183253,0.061371,36
2019-09-01,BOK_HIKE_EXPECTATION,Domestic_Equity,0.07705984,0.091855,36
2019-10-01,BOK_HIKE_EXPECTATION,Domestic_Equity,0.07913389,0.09648,36
2019-11-01,BOK_HIKE_EXPECTATION,Domestic_Equity,0.1310858,0.214079,36
2019-12-01,BOK_HIKE_EXPECTATION,Domestic_Equity,0.12792304,0.198101,36
2020-01-01,BOK_HIKE_EXPECTATION,Domestic_Equity,0.1305962,0.20365,36
2020-02-01,BOK_HIKE_EXPECTATION,Domestic_Equity,0.13191051,0.210614,36
2020-03-01,BOK_HIKE_EXPECTATION,Domestic_Equity,0.14880594,0.144634,36
2020-04-01,BOK_HIKE_EXPECTATION,Domestic_Equity,0.15291559,0.149527,36
2020-05-01,BOK_HIKE_EXPECTATION,Domestic_Equity,0.12941396,0.108963,36
2020-06-01,BOK_HIKE_EXPECTATION,Domestic_Equity,0.13173118,0.102178,36
2020-07-01,BOK_HIKE_EXPECTATION,Domestic_Equity,0.12915236,0.095742,36
2020-08-01,BOK_HIKE_EXPECTATION,Domestic_Equity,0.13643515,0.098615,36
2020-09-01,BOK_HIKE_EXPECTATION,Domestic_Equity,0.1338825,0.098028,36
2020-10-01,BOK_HIKE_EXPECTATION,Domestic_Equity,0.13033608,0.081854,36
2020-11-01,BOK_HIKE_EXPECTATION,Domestic_Equity,0.1415383,0.088874,36
2020-12-01,BOK_HIKE_EXPECTATION,Domestic_Equity,0.15712094,0.099222,36
2021-01-01,BOK_HIKE_EXPECTATION,Domestic_Equity,0.17098448,0.095921,36
2021-02-01,BOK_HIKE_EXPECTATION,Domestic_Equity,0.19668766,0.122533,36
2021-03-01,BOK_HIKE_EXPECTATION,Domestic_Equity,0.14654975,0.08064,36
2021-04-01,BOK_HIKE_EXPECTATION,Domestic_Equity,0.15181727,0.086128,36
2021-05-01,BOK_HIKE_EXPECTATION,Domestic_Equity,0.15187803,0.085998,36
2021-06-01,BOK_HIKE_EXPECTATION,Domestic_Equity,0.14922102,0.083824,36
2021-07-01,BOK_HIKE_EXPECTATION,Domestic_Equity,0.13829721,0.072848,36
2021-08-01,BOK_HIKE_EXPECTATION,Domestic_Equity,0.14121899,0.072498,36
2021-09-01,BOK_HIKE_EXPECTATION,Domestic_Equity,0.13063115,0.06303,36
2021-10-01,BOK_HIKE_EXPECTATION,Domestic_Equity,0.06334921,0.020296,36
2021-11-01,BOK_HIKE_EXPECTATION,Domestic_Equity,0.05097632,0.013127,36
2021-12-01,BOK_HIKE_EXPECTATION,Domestic_Equity,0.04540603,0.010219,36
2022-01-01,BOK_HIKE_EXPECTATION,Domestic_Equity,0.0128211,0.000905,36
2022-02-01,BOK_HIKE_EXPECTATION,Domestic_Equity,-0.00511939,0.000153,36
2022-03-01,BOK_HIKE_EXPECTATION,Domestic_Equity,-0.00965902,0.00055,36
2022-04-01,BOK_HIKE_EXPECTATION,Domestic_Equity,-0.00776152,0.000479,36
2022-05-01,BOK_HIKE_EXPECTATION,Domestic_Equity,-0.016079,0.002086,36
2022-06-01,BOK_HIKE_EXPECTATION,Domestic_Equity,-0.04113946,0.014513,36
2022-07-01,BOK_HIKE_EXPECTATION,Domestic_Equity,-0.01755596,0.002873,36
2022-08-01,BOK_HIKE_EXPECTATION,Domestic_Equity,-0.0451243,0.018071,36
2022-09-01,BOK_HIKE_EXPECTATION,Domestic_Equity,-0.06860251,0.055757,36
2022-10-01,BOK_HIKE_EXPECTATION,Domestic_Equity,-0.07595268,0.076199,36
2022-11-01,BOK_HIKE_EXPECTATION,Domestic_Equity,-0.08737975,0.098264,36
2022-12-01,BOK_HIKE_EXPECTATION,Domestic_Equity,-0.06389957,0.061492,36
2023-01-01,BOK_HIKE_EXPECTATION,Domestic_Equity,-0.05882869,0.055892,36
2023-02-01,BOK_HIKE_EXPECTATION,Domestic_Equity,-0.063598,0.064142,36
2023-03-01,BOK_HIKE_EXPECTATION,Domestic_Equity,-0.07658746,0.131713,36
2023-04-01,BOK_HIKE_EXPECTATION,Domestic_Equity,-0.07807809,0.141235,36
2023-05-01,BOK_HIKE_EXPECTATION,Domestic_Equity,-0.0748174,0.131927,36
2023-06-01,BOK_HIKE_EXPECTATION,Domestic_Equity,-0.0682695,0.120664,36
2023-07-01,BOK_HIKE_EXPECTATION,Domestic_Equity,-0.0674396,0.117808,36
2023-08-01,BOK_HIKE_EXPECTATION,Domestic_Equity,-0.06484248,0.115742,36
2023-09-01,BOK_HIKE_EXPECTATION,Domestic_Equity,-0.06522139,0.117047,36
2023-10-01,BOK_HIKE_EXPECTATION,Domestic_Equity,-0.07118715,0.137831,36
2023-11-01,BOK_HIKE_EXPECTATION,Domestic_Equity,-0.06944162,0.152702,36
2023-12-01,BOK_HIKE_EXPECTATION,Domestic_Equity,-0.06916405,0.201765,36
2024-01-01,BOK_HIKE_EXPECTATION,Domestic_Equity,-0.06478921,0.236394,36
2024-02-01,BOK_HIKE_EXPECTATION,Domestic_Equity,-0.06516065,0.227975,36
2024-03-01,BOK_HIKE_EXPECTATION,Domestic_Equity,-0.06583885,0.228787,36
2024-04-01,BOK_HIKE_EXPECTATION,Domestic_Equity,-0.0657848,0.240735,36
2024-05-01,BOK_HIKE_EXPECTATION,Domestic_Equity,-0.06622147,0.243111,36
2024-06-01,BOK_HIKE_EXPECTATION,Domestic_Equity,-0.06639118,0.254711,36
2024-07-01,BOK_HIKE_EXPECTATION,Domestic_Equity,-0.06759052,0.264353,36
2024-08-01,BOK_HIKE_EXPECTATION,Domestic_Equity,-0.06372626,0.224124,36
2024-09-01,BOK_HIKE_EXPECTATION,Domestic_Equity,-0.06352198,0.221005,36
2024-10-01,BOK_HIKE_EXPECTATION,Domestic_Equity,-0.06023889,0.198928,36
2024-11-01,BOK_HIKE_EXPECTATION,Domestic_Equity,-0.05884417,0.186339,36
2024-12-01,BOK_HIKE_EXPECTATION,Domestic_Equity,-0.05532778,0.165241,36
2025-01-01,BOK_HIKE_EXPECTATION,Domestic_Equity,-0.052863,0.149194,36
2025-02-01,BOK_HIKE_EXPECTATION,Domestic_Equity,-0.04948356,0.131859,36
2025-03-01,BOK_HIKE_EXPECTATION,Domestic_Equity,-0.04937988,0.130966,36
2025-04-01,BOK_HIKE_EXPECTATION,Domestic_Equity,-0.05155387,0.124666,36
2025-05-01,BOK_HIKE_EXPECTATION,Domestic_Equity,-0.05137451,0.116668,36
2025-06-01,BOK_HIKE_EXPECTATION,Domestic_Equity,-0.03543685,0.041031,36
2025-07-01,BOK_HIKE_EXPECTATION,Domestic_Equity,-0.04487106,0.060929,36
2025-08-01,BOK_HIKE_EXPECTATION,Domestic_Equity,-0.04509729,0.063385,36
2025-09-01,BOK_HIKE_EXPECTATION,Domestic_Equity,-0.0251747,0.015646,36
2025-10-01,BOK_HIKE_EXPECTATION,Domestic_Equity,0.01267235,0.002825,36
2025-11-01,BOK_HIKE_EXPECTATION,Domestic_Equity,0.03256561,0.021355,36
2025-12-01,BOK_HIKE_EXPECTATION,Domestic_Equity,0.02127155,0.008344,36
2026-01-01,BOK_HIKE_EXPECTATION,Domestic_Equity,0.03384239,0.014517,36
2026-02-01,BOK_HIKE_EXPECTATION,Domestic_Equity,0.05102246,0.02694,36
2026-03-01,BOK_HIKE_EXPECTATION,Domestic_Equity,0.04486904,0.021626,36
2026-04-01,BOK_HIKE_EXPECTATION,Domestic_Equity,0.05097352,0.025807,36
2026-05-01,BOK_HIKE_EXPECTATION,Domestic_Equity,0.10923616,0.084524,36
2026-06-01,BOK_HIKE_EXPECTATION,Domestic_Equity,0.11443051,0.089043,35
2026-07-01,BOK_HIKE_EXPECTATION,Domestic_Equity,0.11824387,0.095172,34
2013-12-01,BOK_HIKE_EXPECTATION,Foreign_Equity,0.05310142,0.053145,35
2014-01-01,BOK_HIKE_EXPECTATION,Foreign_Equity,0.05307119,0.05308,36
2014-02-01,BOK_HIKE_EXPECTATION,Foreign_Equity,0.05034604,0.048192,36
2014-03-01,BOK_HIKE_EXPECTATION,Foreign_Equity,0.0483726,0.038697,36
2014-04-01,BOK_HIKE_EXPECTATION,Foreign_Equity,0.04719148,0.037068,36
2014-05-01,BOK_HIKE_EXPECTATION,Foreign_Equity,0.0443892,0.032569,36
2014-06-01,BOK_HIKE_EXPECTATION,Foreign_Equity,0.03797286,0.025752,36
2014-07-01,BOK_HIKE_EXPECTATION,Foreign_Equity,0.03504792,0.023004,36
2014-08-01,BOK_HIKE_EXPECTATION,Foreign_Equity,-0.00917012,0.002826,36
2014-09-01,BOK_HIKE_EXPECTATION,Foreign_Equity,-0.01774899,0.011892,36
2014-10-01,BOK_HIKE_EXPECTATION,Foreign_Equity,8.01e-05,0.0,36
2014-11-01,BOK_HIKE_EXPECTATION,Foreign_Equity,-0.00448914,0.000636,36
2014-12-01,BOK_HIKE_EXPECTATION,Foreign_Equity,-0.00641931,0.00128,36
2015-01-01,BOK_HIKE_EXPECTATION,Foreign_Equity,-0.00207758,0.000142,36
2015-02-01,BOK_HIKE_EXPECTATION,Foreign_Equity,-0.00594865,0.001231,36
2015-03-01,BOK_HIKE_EXPECTATION,Foreign_Equity,-0.00463943,0.000725,36
2015-04-01,BOK_HIKE_EXPECTATION,Foreign_Equity,-0.00477268,0.000794,36
2015-05-01,BOK_HIKE_EXPECTATION,Foreign_Equity,-0.01324024,0.008703,36
2015-06-01,BOK_HIKE_EXPECTATION,Foreign_Equity,-0.01556376,0.012358,36
2015-07-01,BOK_HIKE_EXPECTATION,Foreign_Equity,-0.01106723,0.005531,36
2015-08-01,BOK_HIKE_EXPECTATION,Foreign_Equity,0.00429677,0.000726,36
2015-09-01,BOK_HIKE_EXPECTATION,Foreign_Equity,0.0138672,0.006323,36
2015-10-01,BOK_HIKE_EXPECTATION,Foreign_Equity,0.01171247,0.004291,36
2015-11-01,BOK_HIKE_EXPECTATION,Foreign_Equity,0.01323316,0.005938,36
2015-12-01,BOK_HIKE_EXPECTATION,Foreign_Equity,0.00772593,0.001963,36
2016-01-01,BOK_HIKE_EXPECTATION,Foreign_Equity,0.02456268,0.017087,36
2016-02-01,BOK_HIKE_EXPECTATION,Foreign_Equity,0.02754712,0.02244,36
2016-03-01,BOK_HIKE_EXPECTATION,Foreign_Equity,0.03449221,0.02954,36
2016-04-01,BOK_HIKE_EXPECTATION,Foreign_Equity,0.03391806,0.027873,36
2016-05-01,BOK_HIKE_EXPECTATION,Foreign_Equity,0.03029413,0.023115,36
2016-06-01,BOK_HIKE_EXPECTATION,Foreign_Equity,0.0664979,0.084269,36
2016-07-01,BOK_HIKE_EXPECTATION,Foreign_Equity,0.05494587,0.054116,36
2016-08-01,BOK_HIKE_EXPECTATION,Foreign_Equity,0.05782051,0.057485,36
2016-09-01,BOK_HIKE_EXPECTATION,Foreign_Equity,0.05024722,0.045813,36
2016-10-01,BOK_HIKE_EXPECTATION,Foreign_Equity,0.04316363,0.036247,36
2016-11-01,BOK_HIKE_EXPECTATION,Foreign_Equity,0.03033367,0.022929,36
2016-12-01,BOK_HIKE_EXPECTATION,Foreign_Equity,0.04005565,0.039076,36
2017-01-01,BOK_HIKE_EXPECTATION,Foreign_Equity,0.03953685,0.038073,36
2017-02-01,BOK_HIKE_EXPECTATION,Foreign_Equity,0.04008184,0.038707,36
2017-03-01,BOK_HIKE_EXPECTATION,Foreign_Equity,0.0403785,0.040387,36
2017-04-01,BOK_HIKE_EXPECTATION,Foreign_Equity,0.04016562,0.039832,36
2017-05-01,BOK_HIKE_EXPECTATION,Foreign_Equity,0.04192793,0.043627,36
2017-06-01,BOK_HIKE_EXPECTATION,Foreign_Equity,0.04686614,0.054025,36
2017-07-01,BOK_HIKE_EXPECTATION,Foreign_Equity,0.05154101,0.062775,36
2017-08-01,BOK_HIKE_EXPECTATION,Foreign_Equity,0.05112416,0.062946,36
2017-09-01,BOK_HIKE_EXPECTATION,Foreign_Equity,0.05353302,0.067493,36
2017-10-01,BOK_HIKE_EXPECTATION,Foreign_Equity,0.04353858,0.047983,36
2017-11-01,BOK_HIKE_EXPECTATION,Foreign_Equity,0.05055754,0.069808,36
2017-12-01,BOK_HIKE_EXPECTATION,Foreign_Equity,0.04827964,0.063054,36
2018-01-01,BOK_HIKE_EXPECTATION,Foreign_Equity,0.05267686,0.069631,36
2018-02-01,BOK_HIKE_EXPECTATION,Foreign_Equity,0.04824402,0.055203,36
2018-03-01,BOK_HIKE_EXPECTATION,Foreign_Equity,0.04850998,0.053148,36
2018-04-01,BOK_HIKE_EXPECTATION,Foreign_Equity,0.0533984,0.063735,36
2018-05-01,BOK_HIKE_EXPECTATION,Foreign_Equity,0.0618724,0.073288,36
2018-06-01,BOK_HIKE_EXPECTATION,Foreign_Equity,0.0599163,0.070729,36
2018-07-01,BOK_HIKE_EXPECTATION,Foreign_Equity,0.05734409,0.067753,36
2018-08-01,BOK_HIKE_EXPECTATION,Foreign_Equity,0.04424728,0.042278,36
2018-09-01,BOK_HIKE_EXPECTATION,Foreign_Equity,0.02803468,0.020322,36
2018-10-01,BOK_HIKE_EXPECTATION,Foreign_Equity,0.02916509,0.020473,36
2018-11-01,BOK_HIKE_EXPECTATION,Foreign_Equity,0.03347432,0.026235,36
2018-12-01,BOK_HIKE_EXPECTATION,Foreign_Equity,0.05518501,0.066314,36
2019-01-01,BOK_HIKE_EXPECTATION,Foreign_Equity,0.03619556,0.034416,36
2019-02-01,BOK_HIKE_EXPECTATION,Foreign_Equity,0.02896636,0.018472,36
2019-03-01,BOK_HIKE_EXPECTATION,Foreign_Equity,0.02703646,0.019496,36
2019-04-01,BOK_HIKE_EXPECTATION,Foreign_Equity,0.02667886,0.0193,36
2019-05-01,BOK_HIKE_EXPECTATION,Foreign_Equity,0.02924963,0.022465,36
2019-06-01,BOK_HIKE_EXPECTATION,Foreign_Equity,0.02623838,0.018415,36
2019-07-01,BOK_HIKE_EXPECTATION,Foreign_Equity,0.02778944,0.020134,36
2019-08-01,BOK_HIKE_EXPECTATION,Foreign_Equity,0.0454976,0.053276,36
2019-09-01,BOK_HIKE_EXPECTATION,Foreign_Equity,0.05426455,0.077687,36
2019-10-01,BOK_HIKE_EXPECTATION,Foreign_Equity,0.05634782,0.084513,36
2019-11-01,BOK_HIKE_EXPECTATION,Foreign_Equity,0.07884139,0.128049,36
2019-12-01,BOK_HIKE_EXPECTATION,Foreign_Equity,0.06702519,0.093289,36
2020-01-01,BOK_HIKE_EXPECTATION,Foreign_Equity,0.06778862,0.094134,36
2020-02-01,BOK_HIKE_EXPECTATION,Foreign_Equity,0.07073214,0.103096,36
2020-03-01,BOK_HIKE_EXPECTATION,Foreign_Equity,0.09626532,0.056359,36
2020-04-01,BOK_HIKE_EXPECTATION,Foreign_Equity,0.09701823,0.057163,36
2020-05-01,BOK_HIKE_EXPECTATION,Foreign_Equity,0.08642714,0.045035,36
2020-06-01,BOK_HIKE_EXPECTATION,Foreign_Equity,0.08744715,0.043207,36
2020-07-01,BOK_HIKE_EXPECTATION,Foreign_Equity,0.08656706,0.04152,36
2020-08-01,BOK_HIKE_EXPECTATION,Foreign_Equity,0.09004806,0.043045,36
2020-09-01,BOK_HIKE_EXPECTATION,Foreign_Equity,0.08309782,0.0379,36
2020-10-01,BOK_HIKE_EXPECTATION,Foreign_Equity,0.08284825,0.032798,36
2020-11-01,BOK_HIKE_EXPECTATION,Foreign_Equity,0.1034095,0.047185,36
2020-12-01,BOK_HIKE_EXPECTATION,Foreign_Equity,0.11299026,0.055895,36
2021-01-01,BOK_HIKE_EXPECTATION,Foreign_Equity,0.10462294,0.044609,36
2021-02-01,BOK_HIKE_EXPECTATION,Foreign_Equity,0.13172518,0.068455,36
2021-03-01,BOK_HIKE_EXPECTATION,Foreign_Equity,0.11890276,0.066786,36
2021-04-01,BOK_HIKE_EXPECTATION,Foreign_Equity,0.12191353,0.070174,36
2021-05-01,BOK_HIKE_EXPECTATION,Foreign_Equity,0.12579213,0.074391,36
2021-06-01,BOK_HIKE_EXPECTATION,Foreign_Equity,0.12501503,0.073612,36
2021-07-01,BOK_HIKE_EXPECTATION,Foreign_Equity,0.12823179,0.075623,36
2021-08-01,BOK_HIKE_EXPECTATION,Foreign_Equity,0.13490928,0.080717,36
2021-09-01,BOK_HIKE_EXPECTATION,Foreign_Equity,0.12570761,0.071311,36
2021-10-01,BOK_HIKE_EXPECTATION,Foreign_Equity,0.10128696,0.063907,36
2021-11-01,BOK_HIKE_EXPECTATION,Foreign_Equity,0.0983725,0.059423,36
2021-12-01,BOK_HIKE_EXPECTATION,Foreign_Equity,0.08093986,0.041509,36
2022-01-01,BOK_HIKE_EXPECTATION,Foreign_Equity,0.06806195,0.03369,36
2022-02-01,BOK_HIKE_EXPECTATION,Foreign_Equity,0.05654602,0.02535,36
2022-03-01,BOK_HIKE_EXPECTATION,Foreign_Equity,0.05293686,0.0222,36
2022-04-01,BOK_HIKE_EXPECTATION,Foreign_Equity,0.0390665,0.016312,36
2022-05-01,BOK_HIKE_EXPECTATION,Foreign_Equity,0.03397537,0.011617,36
2022-06-01,BOK_HIKE_EXPECTATION,Foreign_Equity,0.01614595,0.002836,36
2022-07-01,BOK_HIKE_EXPECTATION,Foreign_Equity,0.02668446,0.008689,36
2022-08-01,BOK_HIKE_EXPECTATION,Foreign_Equity,0.01073033,0.001301,36
2022-09-01,BOK_HIKE_EXPECTATION,Foreign_Equity,-0.02744525,0.011015,36
2022-10-01,BOK_HIKE_EXPECTATION,Foreign_Equity,-0.03208085,0.017085,36
2022-11-01,BOK_HIKE_EXPECTATION,Foreign_Equity,-0.04372338,0.031105,36
2022-12-01,BOK_HIKE_EXPECTATION,Foreign_Equity,-0.03650802,0.025656,36
2023-01-01,BOK_HIKE_EXPECTATION,Foreign_Equity,-0.03784639,0.029337,36
2023-02-01,BOK_HIKE_EXPECTATION,Foreign_Equity,-0.04078853,0.033795,36
2023-03-01,BOK_HIKE_EXPECTATION,Foreign_Equity,-0.05549782,0.141845,36
2023-04-01,BOK_HIKE_EXPECTATION,Foreign_Equity,-0.05607351,0.148823,36
2023-05-01,BOK_HIKE_EXPECTATION,Foreign_Equity,-0.0553341,0.143068,36
2023-06-01,BOK_HIKE_EXPECTATION,Foreign_Equity,-0.05048875,0.133282,36
2023-07-01,BOK_HIKE_EXPECTATION,Foreign_Equity,-0.04987305,0.127105,36
2023-08-01,BOK_HIKE_EXPECTATION,Foreign_Equity,-0.04846074,0.125023,36
2023-09-01,BOK_HIKE_EXPECTATION,Foreign_Equity,-0.04883329,0.12674,36
2023-10-01,BOK_HIKE_EXPECTATION,Foreign_Equity,-0.05343225,0.147819,36
2023-11-01,BOK_HIKE_EXPECTATION,Foreign_Equity,-0.05457793,0.179986,36
2023-12-01,BOK_HIKE_EXPECTATION,Foreign_Equity,-0.05916408,0.237985,36
2024-01-01,BOK_HIKE_EXPECTATION,Foreign_Equity,-0.05872886,0.240573,36
2024-02-01,BOK_HIKE_EXPECTATION,Foreign_Equity,-0.05866269,0.237488,36
2024-03-01,BOK_HIKE_EXPECTATION,Foreign_Equity,-0.06161266,0.254402,36
2024-04-01,BOK_HIKE_EXPECTATION,Foreign_Equity,-0.0618336,0.263111,36
2024-05-01,BOK_HIKE_EXPECTATION,Foreign_Equity,-0.06226501,0.268893,36
2024-06-01,BOK_HIKE_EXPECTATION,Foreign_Equity,-0.06009044,0.256462,36
2024-07-01,BOK_HIKE_EXPECTATION,Foreign_Equity,-0.06084441,0.265585,36
2024-08-01,BOK_HIKE_EXPECTATION,Foreign_Equity,-0.06065988,0.266476,36
2024-09-01,BOK_HIKE_EXPECTATION,Foreign_Equity,-0.06053624,0.260612,36
2024-10-01,BOK_HIKE_EXPECTATION,Foreign_Equity,-0.06391189,0.276743,36
2024-11-01,BOK_HIKE_EXPECTATION,Foreign_Equity,-0.06428886,0.281829,36
2024-12-01,BOK_HIKE_EXPECTATION,Foreign_Equity,-0.06352927,0.278526,36
2025-01-01,BOK_HIKE_EXPECTATION,Foreign_Equity,-0.065202,0.28513,36
2025-02-01,BOK_HIKE_EXPECTATION,Foreign_Equity,-0.06420617,0.27228,36
2025-03-01,BOK_HIKE_EXPECTATION,Foreign_Equity,-0.06324876,0.256762,36
2025-04-01,BOK_HIKE_EXPECTATION,Foreign_Equity,-0.06461119,0.224918,36
2025-05-01,BOK_HIKE_EXPECTATION,Foreign_Equity,-0.06287898,0.219647,36
2025-06-01,BOK_HIKE_EXPECTATION,Foreign_Equity,-0.05832245,0.179502,36
2025-07-01,BOK_HIKE_EXPECTATION,Foreign_Equity,-0.06454938,0.211852,36
2025-08-01,BOK_HIKE_EXPECTATION,Foreign_Equity,-0.06476434,0.222944,36
2025-09-01,BOK_HIKE_EXPECTATION,Foreign_Equity,-0.04935958,0.114837,36
2025-10-01,BOK_HIKE_EXPECTATION,Foreign_Equity,-0.04440084,0.078452,36
2025-11-01,BOK_HIKE_EXPECTATION,Foreign_Equity,-0.04012254,0.082782,36
2025-12-01,BOK_HIKE_EXPECTATION,Foreign_Equity,-0.0430386,0.084172,36
2026-01-01,BOK_HIKE_EXPECTATION,Foreign_Equity,-0.0393188,0.065614,36
2026-02-01,BOK_HIKE_EXPECTATION,Foreign_Equity,-0.03673778,0.057467,36
2026-03-01,BOK_HIKE_EXPECTATION,Foreign_Equity,-0.04515822,0.091546,36
2026-04-01,BOK_HIKE_EXPECTATION,Foreign_Equity,-0.04342559,0.081901,36
2026-05-01,BOK_HIKE_EXPECTATION,Foreign_Equity,-0.03724795,0.066466,36
2026-06-01,BOK_HIKE_EXPECTATION,Foreign_Equity,-0.04114854,0.07834,35
2026-07-01,BOK_HIKE_EXPECTATION,Foreign_Equity,-0.04331437,0.08811,34
2013-12-01,BOK_HIKE_EXPECTATION,Bond,-0.06281616,0.936407,35
2014-01-01,BOK_HIKE_EXPECTATION,Bond,-0.06279581,0.935209,36
2014-02-01,BOK_HIKE_EXPECTATION,Bond,-0.06316492,0.937327,36
2014-03-01,BOK_HIKE_EXPECTATION,Bond,-0.06526267,0.934446,36
2014-04-01,BOK_HIKE_EXPECTATION,Bond,-0.06556609,0.940774,36
2014-05-01,BOK_HIKE_EXPECTATION,Bond,-0.06569675,0.938564,36
2014-06-01,BOK_HIKE_EXPECTATION,Bond,-0.0649778,0.941095,36
2014-07-01,BOK_HIKE_EXPECTATION,Bond,-0.0657337,0.950433,36
2014-08-01,BOK_HIKE_EXPECTATION,Bond,-0.06506186,0.947263,36
2014-09-01,BOK_HIKE_EXPECTATION,Bond,-0.06366434,0.949467,36
2014-10-01,BOK_HIKE_EXPECTATION,Bond,-0.06370346,0.951689,36
2014-11-01,BOK_HIKE_EXPECTATION,Bond,-0.06325399,0.948422,36
2014-12-01,BOK_HIKE_EXPECTATION,Bond,-0.06303687,0.947296,36
2015-01-01,BOK_HIKE_EXPECTATION,Bond,-0.06413359,0.942419,36
2015-02-01,BOK_HIKE_EXPECTATION,Bond,-0.06420659,0.942582,36
2015-03-01,BOK_HIKE_EXPECTATION,Bond,-0.06309928,0.929998,36
2015-04-01,BOK_HIKE_EXPECTATION,Bond,-0.06302994,0.930621,36
2015-05-01,BOK_HIKE_EXPECTATION,Bond,-0.06291575,0.941541,36
2015-06-01,BOK_HIKE_EXPECTATION,Bond,-0.06273487,0.944403,36
2015-07-01,BOK_HIKE_EXPECTATION,Bond,-0.0617925,0.937437,36
2015-08-01,BOK_HIKE_EXPECTATION,Bond,-0.06288152,0.938799,36
2015-09-01,BOK_HIKE_EXPECTATION,Bond,-0.06253687,0.93755,36
2015-10-01,BOK_HIKE_EXPECTATION,Bond,-0.06274535,0.938881,36
2015-11-01,BOK_HIKE_EXPECTATION,Bond,-0.06311075,0.941537,36
2015-12-01,BOK_HIKE_EXPECTATION,Bond,-0.06231299,0.934642,36
2016-01-01,BOK_HIKE_EXPECTATION,Bond,-0.06235922,0.93572,36
2016-02-01,BOK_HIKE_EXPECTATION,Bond,-0.06227599,0.940688,36
2016-03-01,BOK_HIKE_EXPECTATION,Bond,-0.06223213,0.940244,36
2016-04-01,BOK_HIKE_EXPECTATION,Bond,-0.06219401,0.939583,36
2016-05-01,BOK_HIKE_EXPECTATION,Bond,-0.06208921,0.938818,36
2016-06-01,BOK_HIKE_EXPECTATION,Bond,-0.06179367,0.917557,36
2016-07-01,BOK_HIKE_EXPECTATION,Bond,-0.06240917,0.911995,36
2016-08-01,BOK_HIKE_EXPECTATION,Bond,-0.06188417,0.908723,36
2016-09-01,BOK_HIKE_EXPECTATION,Bond,-0.06219846,0.918529,36
2016-10-01,BOK_HIKE_EXPECTATION,Bond,-0.06158491,0.921318,36
2016-11-01,BOK_HIKE_EXPECTATION,Bond,-0.06297278,0.938939,36
2016-12-01,BOK_HIKE_EXPECTATION,Bond,-0.06412545,0.939969,36
2017-01-01,BOK_HIKE_EXPECTATION,Bond,-0.06403726,0.939049,36
2017-02-01,BOK_HIKE_EXPECTATION,Bond,-0.06412771,0.938366,36
2017-03-01,BOK_HIKE_EXPECTATION,Bond,-0.06416139,0.942135,36
2017-04-01,BOK_HIKE_EXPECTATION,Bond,-0.06425589,0.94291,36
2017-05-01,BOK_HIKE_EXPECTATION,Bond,-0.06415395,0.945863,36
2017-06-01,BOK_HIKE_EXPECTATION,Bond,-0.06449118,0.942884,36
2017-07-01,BOK_HIKE_EXPECTATION,Bond,-0.06410448,0.941017,36
2017-08-01,BOK_HIKE_EXPECTATION,Bond,-0.06383346,0.940121,36
2017-09-01,BOK_HIKE_EXPECTATION,Bond,-0.06419853,0.941796,36
2017-10-01,BOK_HIKE_EXPECTATION,Bond,-0.06279967,0.93462,36
2017-11-01,BOK_HIKE_EXPECTATION,Bond,-0.06248216,0.932422,36
2017-12-01,BOK_HIKE_EXPECTATION,Bond,-0.0625666,0.934328,36
2018-01-01,BOK_HIKE_EXPECTATION,Bond,-0.06107199,0.940755,36
2018-02-01,BOK_HIKE_EXPECTATION,Bond,-0.06135303,0.939813,36
2018-03-01,BOK_HIKE_EXPECTATION,Bond,-0.06280667,0.94502,36
2018-04-01,BOK_HIKE_EXPECTATION,Bond,-0.06277119,0.943816,36
2018-05-01,BOK_HIKE_EXPECTATION,Bond,-0.06283415,0.934628,36
2018-06-01,BOK_HIKE_EXPECTATION,Bond,-0.06299279,0.935837,36
2018-07-01,BOK_HIKE_EXPECTATION,Bond,-0.06285014,0.93847,36
2018-08-01,BOK_HIKE_EXPECTATION,Bond,-0.06210491,0.933195,36
2018-09-01,BOK_HIKE_EXPECTATION,Bond,-0.06305072,0.935617,36
2018-10-01,BOK_HIKE_EXPECTATION,Bond,-0.06240254,0.936737,36
2018-11-01,BOK_HIKE_EXPECTATION,Bond,-0.06208607,0.936865,36
2018-12-01,BOK_HIKE_EXPECTATION,Bond,-0.06240923,0.951384,36
2019-01-01,BOK_HIKE_EXPECTATION,Bond,-0.06226746,0.948197,36
2019-02-01,BOK_HIKE_EXPECTATION,Bond,-0.06239762,0.943467,36
2019-03-01,BOK_HIKE_EXPECTATION,Bond,-0.06237064,0.943963,36
2019-04-01,BOK_HIKE_EXPECTATION,Bond,-0.06232559,0.944175,36
2019-05-01,BOK_HIKE_EXPECTATION,Bond,-0.06239133,0.944912,36
2019-06-01,BOK_HIKE_EXPECTATION,Bond,-0.06265083,0.946404,36
2019-07-01,BOK_HIKE_EXPECTATION,Bond,-0.06135805,0.944762,36
2019-08-01,BOK_HIKE_EXPECTATION,Bond,-0.06165029,0.950677,36
2019-09-01,BOK_HIKE_EXPECTATION,Bond,-0.06145042,0.952423,36
2019-10-01,BOK_HIKE_EXPECTATION,Bond,-0.06248706,0.951268,36
2019-11-01,BOK_HIKE_EXPECTATION,Bond,-0.06244233,0.939396,36
2019-12-01,BOK_HIKE_EXPECTATION,Bond,-0.06128201,0.940692,36
2020-01-01,BOK_HIKE_EXPECTATION,Bond,-0.06140503,0.938681,36
2020-02-01,BOK_HIKE_EXPECTATION,Bond,-0.06100305,0.939805,36
2020-03-01,BOK_HIKE_EXPECTATION,Bond,-0.06080936,0.938051,36
2020-04-01,BOK_HIKE_EXPECTATION,Bond,-0.06089226,0.938,36
2020-05-01,BOK_HIKE_EXPECTATION,Bond,-0.06043826,0.940005,36
2020-06-01,BOK_HIKE_EXPECTATION,Bond,-0.06030286,0.943533,36
2020-07-01,BOK_HIKE_EXPECTATION,Bond,-0.06002419,0.942506,36
2020-08-01,BOK_HIKE_EXPECTATION,Bond,-0.06039815,0.940797,36
2020-09-01,BOK_HIKE_EXPECTATION,Bond,-0.06109986,0.941602,36
2020-10-01,BOK_HIKE_EXPECTATION,Bond,-0.06334236,0.945781,36
2020-11-01,BOK_HIKE_EXPECTATION,Bond,-0.06581691,0.959947,36
2020-12-01,BOK_HIKE_EXPECTATION,Bond,-0.06591606,0.960627,36
2021-01-01,BOK_HIKE_EXPECTATION,Bond,-0.06668289,0.95246,36
2021-02-01,BOK_HIKE_EXPECTATION,Bond,-0.06726099,0.932359,36
2021-03-01,BOK_HIKE_EXPECTATION,Bond,-0.06504255,0.942604,36
2021-04-01,BOK_HIKE_EXPECTATION,Bond,-0.06434454,0.933741,36
2021-05-01,BOK_HIKE_EXPECTATION,Bond,-0.06435945,0.933646,36
2021-06-01,BOK_HIKE_EXPECTATION,Bond,-0.06307334,0.916323,36
2021-07-01,BOK_HIKE_EXPECTATION,Bond,-0.06329226,0.897094,36
2021-08-01,BOK_HIKE_EXPECTATION,Bond,-0.06413251,0.89575,36
2021-09-01,BOK_HIKE_EXPECTATION,Bond,-0.06407332,0.898957,36
2021-10-01,BOK_HIKE_EXPECTATION,Bond,-0.06239637,0.919136,36
2021-11-01,BOK_HIKE_EXPECTATION,Bond,-0.06136947,0.895757,36
2021-12-01,BOK_HIKE_EXPECTATION,Bond,-0.06090073,0.893125,36
2022-01-01,BOK_HIKE_EXPECTATION,Bond,-0.06159371,0.907198,36
2022-02-01,BOK_HIKE_EXPECTATION,Bond,-0.06092685,0.909878,36
2022-03-01,BOK_HIKE_EXPECTATION,Bond,-0.06070533,0.909319,36
2022-04-01,BOK_HIKE_EXPECTATION,Bond,-0.0581915,0.920849,36
2022-05-01,BOK_HIKE_EXPECTATION,Bond,-0.05809343,0.919963,36
2022-06-01,BOK_HIKE_EXPECTATION,Bond,-0.05559037,0.916008,36
2022-07-01,BOK_HIKE_EXPECTATION,Bond,-0.05743142,0.924003,36
2022-08-01,BOK_HIKE_EXPECTATION,Bond,-0.05678722,0.91739,36
2022-09-01,BOK_HIKE_EXPECTATION,Bond,-0.05527568,0.933157,36
2022-10-01,BOK_HIKE_EXPECTATION,Bond,-0.05312906,0.930711,36
2022-11-01,BOK_HIKE_EXPECTATION,Bond,-0.05533043,0.893299,36
2022-12-01,BOK_HIKE_EXPECTATION,Bond,-0.05470309,0.905567,36
2023-01-01,BOK_HIKE_EXPECTATION,Bond,-0.05344181,0.900517,36
2023-02-01,BOK_HIKE_EXPECTATION,Bond,-0.0532861,0.896982,36
2023-03-01,BOK_HIKE_EXPECTATION,Bond,-0.05338002,0.896793,36
2023-04-01,BOK_HIKE_EXPECTATION,Bond,-0.05312744,0.898813,36
2023-05-01,BOK_HIKE_EXPECTATION,Bond,-0.05300244,0.895774,36
2023-06-01,BOK_HIKE_EXPECTATION,Bond,-0.05308297,0.897485,36
2023-07-01,BOK_HIKE_EXPECTATION,Bond,-0.05311593,0.896701,36
2023-08-01,BOK_HIKE_EXPECTATION,Bond,-0.05333459,0.897582,36
2023-09-01,BOK_HIKE_EXPECTATION,Bond,-0.05318909,0.897857,36
2023-10-01,BOK_HIKE_EXPECTATION,Bond,-0.0532501,0.901332,36
2023-11-01,BOK_HIKE_EXPECTATION,Bond,-0.05420552,0.911935,36
2023-12-01,BOK_HIKE_EXPECTATION,Bond,-0.05491679,0.924435,36
2024-01-01,BOK_HIKE_EXPECTATION,Bond,-0.05496208,0.928011,36
2024-02-01,BOK_HIKE_EXPECTATION,Bond,-0.05508016,0.934464,36
2024-03-01,BOK_HIKE_EXPECTATION,Bond,-0.05489339,0.933601,36
2024-04-01,BOK_HIKE_EXPECTATION,Bond,-0.05501162,0.93149,36
2024-05-01,BOK_HIKE_EXPECTATION,Bond,-0.05501432,0.932355,36
2024-06-01,BOK_HIKE_EXPECTATION,Bond,-0.05509441,0.935004,36
2024-07-01,BOK_HIKE_EXPECTATION,Bond,-0.05491049,0.937877,36
2024-08-01,BOK_HIKE_EXPECTATION,Bond,-0.05505907,0.938137,36
2024-09-01,BOK_HIKE_EXPECTATION,Bond,-0.0549164,0.939727,36
2024-10-01,BOK_HIKE_EXPECTATION,Bond,-0.05462261,0.937073,36
2024-11-01,BOK_HIKE_EXPECTATION,Bond,-0.0546762,0.939995,36
2024-12-01,BOK_HIKE_EXPECTATION,Bond,-0.05485184,0.940465,36
2025-01-01,BOK_HIKE_EXPECTATION,Bond,-0.05430177,0.937903,36
2025-02-01,BOK_HIKE_EXPECTATION,Bond,-0.05420813,0.936765,36
2025-03-01,BOK_HIKE_EXPECTATION,Bond,-0.05417491,0.936539,36
2025-04-01,BOK_HIKE_EXPECTATION,Bond,-0.05384687,0.928626,36
2025-05-01,BOK_HIKE_EXPECTATION,Bond,-0.05372297,0.923028,36
2025-06-01,BOK_HIKE_EXPECTATION,Bond,-0.05430108,0.917465,36
2025-07-01,BOK_HIKE_EXPECTATION,Bond,-0.05367135,0.914602,36
2025-08-01,BOK_HIKE_EXPECTATION,Bond,-0.05366116,0.914982,36
2025-09-01,BOK_HIKE_EXPECTATION,Bond,-0.05372361,0.890798,36
2025-10-01,BOK_HIKE_EXPECTATION,Bond,-0.0560559,0.884703,36
2025-11-01,BOK_HIKE_EXPECTATION,Bond,-0.05511663,0.941935,36
2025-12-01,BOK_HIKE_EXPECTATION,Bond,-0.05472344,0.928589,36
2026-01-01,BOK_HIKE_EXPECTATION,Bond,-0.05677632,0.943523,36
2026-02-01,BOK_HIKE_EXPECTATION,Bond,-0.05688554,0.948346,36
2026-03-01,BOK_HIKE_EXPECTATION,Bond,-0.05625027,0.944931,36
2026-04-01,BOK_HIKE_EXPECTATION,Bond,-0.05686078,0.946408,36
2026-05-01,BOK_HIKE_EXPECTATION,Bond,-0.05795723,0.951338,36
2026-06-01,BOK_HIKE_EXPECTATION,Bond,-0.0580989,0.949777,35
2026-07-01,BOK_HIKE_EXPECTATION,Bond,-0.05825848,0.950629,34
2013-12-01,BOK_HIKE_EXPECTATION,Gold,-0.08977631,0.095227,35
2014-01-01,BOK_HIKE_EXPECTATION,Gold,-0.08931199,0.091393,36
2014-02-01,BOK_HIKE_EXPECTATION,Gold,-0.08942527,0.090838,36
2014-03-01,BOK_HIKE_EXPECTATION,Gold,-0.09927417,0.093893,36
2014-04-01,BOK_HIKE_EXPECTATION,Gold,-0.10125193,0.098852,36
2014-05-01,BOK_HIKE_EXPECTATION,Gold,-0.0914949,0.081224,36
2014-06-01,BOK_HIKE_EXPECTATION,Gold,-0.08017784,0.063148,36
2014-07-01,BOK_HIKE_EXPECTATION,Gold,-0.097257,0.090846,36
2014-08-01,BOK_HIKE_EXPECTATION,Gold,-0.09212992,0.077623,36
2014-09-01,BOK_HIKE_EXPECTATION,Gold,-0.06509111,0.050438,36
2014-10-01,BOK_HIKE_EXPECTATION,Gold,-0.05292617,0.034065,36
2014-11-01,BOK_HIKE_EXPECTATION,Gold,-0.04891974,0.029936,36
2014-12-01,BOK_HIKE_EXPECTATION,Gold,-0.04584346,0.026995,36
2015-01-01,BOK_HIKE_EXPECTATION,Gold,-0.04737769,0.031027,36
2015-02-01,BOK_HIKE_EXPECTATION,Gold,-0.05059769,0.033753,36
2015-03-01,BOK_HIKE_EXPECTATION,Gold,-0.06036377,0.049062,36
2015-04-01,BOK_HIKE_EXPECTATION,Gold,-0.06090959,0.051009,36
2015-05-01,BOK_HIKE_EXPECTATION,Gold,-0.05527037,0.050141,36
2015-06-01,BOK_HIKE_EXPECTATION,Gold,-0.05697951,0.054247,36
2015-07-01,BOK_HIKE_EXPECTATION,Gold,-0.05748335,0.049966,36
2015-08-01,BOK_HIKE_EXPECTATION,Gold,-0.04803767,0.030086,36
2015-09-01,BOK_HIKE_EXPECTATION,Gold,-0.05478159,0.038509,36
2015-10-01,BOK_HIKE_EXPECTATION,Gold,-0.05611247,0.047138,36
2015-11-01,BOK_HIKE_EXPECTATION,Gold,-0.05855786,0.053548,36
2015-12-01,BOK_HIKE_EXPECTATION,Gold,-0.06096129,0.055571,36
2016-01-01,BOK_HIKE_EXPECTATION,Gold,-0.06805762,0.067834,36
2016-02-01,BOK_HIKE_EXPECTATION,Gold,-0.07898338,0.088983,36
2016-03-01,BOK_HIKE_EXPECTATION,Gold,-0.07325808,0.061917,36
2016-04-01,BOK_HIKE_EXPECTATION,Gold,-0.07411695,0.063461,36
2016-05-01,BOK_HIKE_EXPECTATION,Gold,-0.06789118,0.053914,36
2016-06-01,BOK_HIKE_EXPECTATION,Gold,-0.03687924,0.011584,36
2016-07-01,BOK_HIKE_EXPECTATION,Gold,-0.04403111,0.013032,36
2016-08-01,BOK_HIKE_EXPECTATION,Gold,-0.03202429,0.006801,36
2016-09-01,BOK_HIKE_EXPECTATION,Gold,-0.03586398,0.009306,36
2016-10-01,BOK_HIKE_EXPECTATION,Gold,-0.05168859,0.019786,36
2016-11-01,BOK_HIKE_EXPECTATION,Gold,-0.02377653,0.005262,36
2016-12-01,BOK_HIKE_EXPECTATION,Gold,-0.04640494,0.018337,36
2017-01-01,BOK_HIKE_EXPECTATION,Gold,-0.0458459,0.018384,36
2017-02-01,BOK_HIKE_EXPECTATION,Gold,-0.03905927,0.013099,36
2017-03-01,BOK_HIKE_EXPECTATION,Gold,-0.03389973,0.01017,36
2017-04-01,BOK_HIKE_EXPECTATION,Gold,-0.03587863,0.011469,36
2017-05-01,BOK_HIKE_EXPECTATION,Gold,-0.03905002,0.013772,36
2017-06-01,BOK_HIKE_EXPECTATION,Gold,-0.0484229,0.021017,36
2017-07-01,BOK_HIKE_EXPECTATION,Gold,-0.03963245,0.013849,36
2017-08-01,BOK_HIKE_EXPECTATION,Gold,-0.03344324,0.009788,36
2017-09-01,BOK_HIKE_EXPECTATION,Gold,-0.0356141,0.010526,36
2017-10-01,BOK_HIKE_EXPECTATION,Gold,-0.07547853,0.046648,36
2017-11-01,BOK_HIKE_EXPECTATION,Gold,-0.08491932,0.061694,36
2017-12-01,BOK_HIKE_EXPECTATION,Gold,-0.08420953,0.061941,36
2018-01-01,BOK_HIKE_EXPECTATION,Gold,-0.07453903,0.046322,36
2018-02-01,BOK_HIKE_EXPECTATION,Gold,-0.06897244,0.040644,36
2018-03-01,BOK_HIKE_EXPECTATION,Gold,-0.08581698,0.062584,36
2018-04-01,BOK_HIKE_EXPECTATION,Gold,-0.08657374,0.062943,36
2018-05-01,BOK_HIKE_EXPECTATION,Gold,-0.09236853,0.061303,36
2018-06-01,BOK_HIKE_EXPECTATION,Gold,-0.08843011,0.057122,36
2018-07-01,BOK_HIKE_EXPECTATION,Gold,-0.07686855,0.043825,36
2018-08-01,BOK_HIKE_EXPECTATION,Gold,-0.0896576,0.063361,36
2018-09-01,BOK_HIKE_EXPECTATION,Gold,-0.07578252,0.045686,36
2018-10-01,BOK_HIKE_EXPECTATION,Gold,-0.07494422,0.044341,36
2018-11-01,BOK_HIKE_EXPECTATION,Gold,-0.0717933,0.040822,36
2018-12-01,BOK_HIKE_EXPECTATION,Gold,-0.06824939,0.041478,36
2019-01-01,BOK_HIKE_EXPECTATION,Gold,-0.06583491,0.036892,36
2019-02-01,BOK_HIKE_EXPECTATION,Gold,-0.05575795,0.02486,36
2019-03-01,BOK_HIKE_EXPECTATION,Gold,-0.05684821,0.030132,36
2019-04-01,BOK_HIKE_EXPECTATION,Gold,-0.05792865,0.031607,36
2019-05-01,BOK_HIKE_EXPECTATION,Gold,-0.05342356,0.028043,36
2019-06-01,BOK_HIKE_EXPECTATION,Gold,-0.08631213,0.077463,36
2019-07-01,BOK_HIKE_EXPECTATION,Gold,-0.06243991,0.050745,36
2019-08-01,BOK_HIKE_EXPECTATION,Gold,-0.08246427,0.089128,36
2019-09-01,BOK_HIKE_EXPECTATION,Gold,-0.06662376,0.059909,36
2019-10-01,BOK_HIKE_EXPECTATION,Gold,-0.06087435,0.052651,36
2019-11-01,BOK_HIKE_EXPECTATION,Gold,-0.08587142,0.084995,36
2019-12-01,BOK_HIKE_EXPECTATION,Gold,-0.04970871,0.037471,36
2020-01-01,BOK_HIKE_EXPECTATION,Gold,-0.05259663,0.040291,36
2020-02-01,BOK_HIKE_EXPECTATION,Gold,-0.05839105,0.051817,36
2020-03-01,BOK_HIKE_EXPECTATION,Gold,-0.06684037,0.064894,36
2020-04-01,BOK_HIKE_EXPECTATION,Gold,-0.06889264,0.067326,36
2020-05-01,BOK_HIKE_EXPECTATION,Gold,-0.07654258,0.078341,36
2020-06-01,BOK_HIKE_EXPECTATION,Gold,-0.07576001,0.077501,36
2020-07-01,BOK_HIKE_EXPECTATION,Gold,-0.06643355,0.063286,36
2020-08-01,BOK_HIKE_EXPECTATION,Gold,-0.06958592,0.045318,36
2020-09-01,BOK_HIKE_EXPECTATION,Gold,-0.08336747,0.067487,36
2020-10-01,BOK_HIKE_EXPECTATION,Gold,-0.05766644,0.029965,36
2020-11-01,BOK_HIKE_EXPECTATION,Gold,-0.05760928,0.028633,36
2020-12-01,BOK_HIKE_EXPECTATION,Gold,-0.07110857,0.040495,36
2021-01-01,BOK_HIKE_EXPECTATION,Gold,-0.08930516,0.057262,36
2021-02-01,BOK_HIKE_EXPECTATION,Gold,-0.10060272,0.064092,36
2021-03-01,BOK_HIKE_EXPECTATION,Gold,-0.12884922,0.11496,36
2021-04-01,BOK_HIKE_EXPECTATION,Gold,-0.12671494,0.11197,36
2021-05-01,BOK_HIKE_EXPECTATION,Gold,-0.11207587,0.087243,36
2021-06-01,BOK_HIKE_EXPECTATION,Gold,-0.10887802,0.081165,36
2021-07-01,BOK_HIKE_EXPECTATION,Gold,-0.11947371,0.093571,36
2021-08-01,BOK_HIKE_EXPECTATION,Gold,-0.13603877,0.119796,36
2021-09-01,BOK_HIKE_EXPECTATION,Gold,-0.14391097,0.138975,36
2021-10-01,BOK_HIKE_EXPECTATION,Gold,-0.1361585,0.162075,36
2021-11-01,BOK_HIKE_EXPECTATION,Gold,-0.13604735,0.158589,36
2021-12-01,BOK_HIKE_EXPECTATION,Gold,-0.13420138,0.150329,36
2022-01-01,BOK_HIKE_EXPECTATION,Gold,-0.11521224,0.12829,36
2022-02-01,BOK_HIKE_EXPECTATION,Gold,-0.11052293,0.126792,36
2022-03-01,BOK_HIKE_EXPECTATION,Gold,-0.10408091,0.108097,36
2022-04-01,BOK_HIKE_EXPECTATION,Gold,-0.08363469,0.094023,36
2022-05-01,BOK_HIKE_EXPECTATION,Gold,-0.0882727,0.101345,36
2022-06-01,BOK_HIKE_EXPECTATION,Gold,-0.08233968,0.097534,36
2022-07-01,BOK_HIKE_EXPECTATION,Gold,-0.04204716,0.027532,36
2022-08-01,BOK_HIKE_EXPECTATION,Gold,-0.02796782,0.011833,36
2022-09-01,BOK_HIKE_EXPECTATION,Gold,-0.04272422,0.037056,36
2022-10-01,BOK_HIKE_EXPECTATION,Gold,-0.03968439,0.037032,36
2022-11-01,BOK_HIKE_EXPECTATION,Gold,-0.03312667,0.026086,36
2022-12-01,BOK_HIKE_EXPECTATION,Gold,-0.0539502,0.074534,36
2023-01-01,BOK_HIKE_EXPECTATION,Gold,-0.05461555,0.081861,36
2023-02-01,BOK_HIKE_EXPECTATION,Gold,-0.0551534,0.081555,36
2023-03-01,BOK_HIKE_EXPECTATION,Gold,-0.05051174,0.067264,36
2023-04-01,BOK_HIKE_EXPECTATION,Gold,-0.06202707,0.094544,36
2023-05-01,BOK_HIKE_EXPECTATION,Gold,-0.05812299,0.084962,36
2023-06-01,BOK_HIKE_EXPECTATION,Gold,-0.06002619,0.090457,36
2023-07-01,BOK_HIKE_EXPECTATION,Gold,-0.05888744,0.086867,36
2023-08-01,BOK_HIKE_EXPECTATION,Gold,-0.05161555,0.089259,36
2023-09-01,BOK_HIKE_EXPECTATION,Gold,-0.05164599,0.090916,36
2023-10-01,BOK_HIKE_EXPECTATION,Gold,-0.05796048,0.114243,36
2023-11-01,BOK_HIKE_EXPECTATION,Gold,-0.07170391,0.169397,36
2023-12-01,BOK_HIKE_EXPECTATION,Gold,-0.0665305,0.175145,36
2024-01-01,BOK_HIKE_EXPECTATION,Gold,-0.06508363,0.177757,36
2024-02-01,BOK_HIKE_EXPECTATION,Gold,-0.06599895,0.19142,36
2024-03-01,BOK_HIKE_EXPECTATION,Gold,-0.06447456,0.187785,36
2024-04-01,BOK_HIKE_EXPECTATION,Gold,-0.06290904,0.168857,36
2024-05-01,BOK_HIKE_EXPECTATION,Gold,-0.06319466,0.173568,36
2024-06-01,BOK_HIKE_EXPECTATION,Gold,-0.06240753,0.178287,36
2024-07-01,BOK_HIKE_EXPECTATION,Gold,-0.06247627,0.191624,36
2024-08-01,BOK_HIKE_EXPECTATION,Gold,-0.06351634,0.198849,36
2024-09-01,BOK_HIKE_EXPECTATION,Gold,-0.06370802,0.196494,36
2024-10-01,BOK_HIKE_EXPECTATION,Gold,-0.06063531,0.167417,36
2024-11-01,BOK_HIKE_EXPECTATION,Gold,-0.06084259,0.168867,36
2024-12-01,BOK_HIKE_EXPECTATION,Gold,-0.0579655,0.151686,36
2025-01-01,BOK_HIKE_EXPECTATION,Gold,-0.05952751,0.15563,36
2025-02-01,BOK_HIKE_EXPECTATION,Gold,-0.05878929,0.131231,36
2025-03-01,BOK_HIKE_EXPECTATION,Gold,-0.06151015,0.149399,36
2025-04-01,BOK_HIKE_EXPECTATION,Gold,-0.07161978,0.169659,36
2025-05-01,BOK_HIKE_EXPECTATION,Gold,-0.07030696,0.166856,36
2025-06-01,BOK_HIKE_EXPECTATION,Gold,-0.07047141,0.155464,36
2025-07-01,BOK_HIKE_EXPECTATION,Gold,-0.0857893,0.23456,36
2025-08-01,BOK_HIKE_EXPECTATION,Gold,-0.08573307,0.234683,36
2025-09-01,BOK_HIKE_EXPECTATION,Gold,-0.08370136,0.171959,36
2025-10-01,BOK_HIKE_EXPECTATION,Gold,-0.07669663,0.103596,36
2025-11-01,BOK_HIKE_EXPECTATION,Gold,-0.07571218,0.117557,36
2025-12-01,BOK_HIKE_EXPECTATION,Gold,-0.06232297,0.074724,36
2026-01-01,BOK_HIKE_EXPECTATION,Gold,-0.05831806,0.058648,36
2026-02-01,BOK_HIKE_EXPECTATION,Gold,-0.05402671,0.050616,36
2026-03-01,BOK_HIKE_EXPECTATION,Gold,-0.06019061,0.068472,36
2026-04-01,BOK_HIKE_EXPECTATION,Gold,-0.04954064,0.045757,36
2026-05-01,BOK_HIKE_EXPECTATION,Gold,-0.05190858,0.052905,36
2026-06-01,BOK_HIKE_EXPECTATION,Gold,-0.04441887,0.038822,35
2026-07-01,BOK_HIKE_EXPECTATION,Gold,-0.04064121,0.033788,34
2013-12-01,US_CPI,Domestic_Equity,3.10992124,0.031886,35
2014-01-01,US_CPI,Domestic_Equity,3.0136318,0.029815,36
2014-02-01,US_CPI,Domestic_Equity,3.43431344,0.039312,36
2014-03-01,US_CPI,Domestic_Equity,3.91874973,0.047043,36
2014-04-01,US_CPI,Domestic_Equity,2.41546586,0.018898,36
2014-05-01,US_CPI,Domestic_Equity,2.61904352,0.021831,36
2014-06-01,US_CPI,Domestic_Equity,2.40177544,0.018266,36
2014-07-01,US_CPI,Domestic_Equity,2.05692717,0.013653,36
2014-08-01,US_CPI,Domestic_Equity,3.68290501,0.078283,36
2014-09-01,US_CPI,Domestic_Equity,4.05818574,0.103722,36
2014-10-01,US_CPI,Domestic_Equity,4.66038271,0.12384,36
2014-11-01,US_CPI,Domestic_Equity,4.14339485,0.106291,36
2014-12-01,US_CPI,Domestic_Equity,3.99181892,0.110195,36
2015-01-01,US_CPI,Domestic_Equity,3.26667794,0.098714,36
2015-02-01,US_CPI,Domestic_Equity,3.06543013,0.099653,36
2015-03-01,US_CPI,Domestic_Equity,3.20987851,0.107007,36
2015-04-01,US_CPI,Domestic_Equity,3.31913543,0.104191,36
2015-05-01,US_CPI,Domestic_Equity,2.57060041,0.072071,36
2015-06-01,US_CPI,Domestic_Equity,2.09990366,0.047479,36
2015-07-01,US_CPI,Domestic_Equity,2.03313977,0.044789,36
2015-08-01,US_CPI,Domestic_Equity,1.29132366,0.015852,36
2015-09-01,US_CPI,Domestic_Equity,1.0046576,0.009491,36
2015-10-01,US_CPI,Domestic_Equity,1.17373278,0.011677,36
2015-11-01,US_CPI,Domestic_Equity,0.85361786,0.00611,36
2015-12-01,US_CPI,Domestic_Equity,1.23873075,0.013764,36
2016-01-01,US_CPI,Domestic_Equity,1.46192439,0.017884,36
2016-02-01,US_CPI,Domestic_Equity,1.70676773,0.021585,36
2016-03-01,US_CPI,Domestic_Equity,2.59597765,0.045149,36
2016-04-01,US_CPI,Domestic_Equity,2.25902917,0.035515,36
2016-05-01,US_CPI,Domestic_Equity,2.13774972,0.032394,36
2016-06-01,US_CPI,Domestic_Equity,2.60924862,0.05377,36
2016-07-01,US_CPI,Domestic_Equity,2.5713151,0.052468,36
2016-08-01,US_CPI,Domestic_Equity,2.57398002,0.051853,36
2016-09-01,US_CPI,Domestic_Equity,2.64995542,0.062825,36
2016-10-01,US_CPI,Domestic_Equity,2.65916276,0.065492,36
2016-11-01,US_CPI,Domestic_Equity,2.6810112,0.063737,36
2016-12-01,US_CPI,Domestic_Equity,3.01260738,0.078915,36
2017-01-01,US_CPI,Domestic_Equity,3.44557875,0.10868,36
2017-02-01,US_CPI,Domestic_Equity,3.47212328,0.110742,36
2017-03-01,US_CPI,Domestic_Equity,3.22473489,0.093496,36
2017-04-01,US_CPI,Domestic_Equity,3.1574298,0.09022,36
2017-05-01,US_CPI,Domestic_Equity,2.57604962,0.051213,36
2017-06-01,US_CPI,Domestic_Equity,2.55417312,0.04812,36
2017-07-01,US_CPI,Domestic_Equity,2.50145829,0.046011,36
2017-08-01,US_CPI,Domestic_Equity,2.07254511,0.032745,36
2017-09-01,US_CPI,Domestic_Equity,1.74474046,0.025619,36
2017-10-01,US_CPI,Domestic_Equity,1.35104938,0.016698,36
2017-11-01,US_CPI,Domestic_Equity,1.6085406,0.022221,36
2017-12-01,US_CPI,Domestic_Equity,1.15705879,0.009917,36
2018-01-01,US_CPI,Domestic_Equity,0.78437781,0.003039,36
2018-02-01,US_CPI,Domestic_Equity,0.2685166,0.000336,36
2018-03-01,US_CPI,Domestic_Equity,0.06822897,2.2e-05,36
2018-04-01,US_CPI,Domestic_Equity,0.25769828,0.000347,36
2018-05-01,US_CPI,Domestic_Equity,0.24203662,0.000299,36
2018-06-01,US_CPI,Domestic_Equity,0.78288904,0.003093,36
2018-07-01,US_CPI,Domestic_Equity,1.1492034,0.005922,36
2018-08-01,US_CPI,Domestic_Equity,0.3503444,0.000616,36
2018-09-01,US_CPI,Domestic_Equity,-0.08266878,3e-05,36
2018-10-01,US_CPI,Domestic_Equity,-0.2827557,0.000299,36
2018-11-01,US_CPI,Domestic_Equity,0.69649652,0.001813,36
2018-12-01,US_CPI,Domestic_Equity,0.25027763,0.00022,36
2019-01-01,US_CPI,Domestic_Equity,-1.09400853,0.00455,36
2019-02-01,US_CPI,Domestic_Equity,-0.48892026,0.000751,36
2019-03-01,US_CPI,Domestic_Equity,-1.59004371,0.008323,36
2019-04-01,US_CPI,Domestic_Equity,-1.33100668,0.00574,36
2019-05-01,US_CPI,Domestic_Equity,-0.17499723,9.2e-05,36
2019-06-01,US_CPI,Domestic_Equity,-0.22878743,0.000163,36
2019-07-01,US_CPI,Domestic_Equity,-0.0415655,5e-06,36
2019-08-01,US_CPI,Domestic_Equity,0.59325506,0.000914,36
2019-09-01,US_CPI,Domestic_Equity,0.48508852,0.000558,36
2019-10-01,US_CPI,Domestic_Equity,0.59335946,0.000841,36
2019-11-01,US_CPI,Domestic_Equity,0.77897514,0.001461,36
2019-12-01,US_CPI,Domestic_Equity,0.72377888,0.001281,36
2020-01-01,US_CPI,Domestic_Equity,0.29324796,0.000196,36
2020-02-01,US_CPI,Domestic_Equity,0.5994086,0.000827,36
2020-03-01,US_CPI,Domestic_Equity,10.24737843,0.185335,36
2020-04-01,US_CPI,Domestic_Equity,3.90916508,0.046516,36
2020-05-01,US_CPI,Domestic_Equity,3.89353953,0.046538,36
2020-06-01,US_CPI,Domestic_Equity,5.28764971,0.082172,36
2020-07-01,US_CPI,Domestic_Equity,5.59844069,0.09634,36
2020-08-01,US_CPI,Domestic_Equity,6.47487378,0.120638,36
2020-09-01,US_CPI,Domestic_Equity,6.86549926,0.128594,36
2020-10-01,US_CPI,Domestic_Equity,7.00978514,0.13597,36
2020-11-01,US_CPI,Domestic_Equity,7.09664754,0.133717,36
2020-12-01,US_CPI,Domestic_Equity,8.21768916,0.166404,36
2021-01-01,US_CPI,Domestic_Equity,8.74016048,0.161742,36
2021-02-01,US_CPI,Domestic_Equity,8.84448216,0.169942,36
2021-03-01,US_CPI,Domestic_Equity,7.94594094,0.14327,36
2021-04-01,US_CPI,Domestic_Equity,7.99145517,0.155462,36
2021-05-01,US_CPI,Domestic_Equity,7.19002152,0.137501,36
2021-06-01,US_CPI,Domestic_Equity,6.53181328,0.131643,36
2021-07-01,US_CPI,Domestic_Equity,6.09305132,0.120103,36
2021-08-01,US_CPI,Domestic_Equity,6.00733153,0.115667,36
2021-09-01,US_CPI,Domestic_Equity,5.75174922,0.107164,36
2021-10-01,US_CPI,Domestic_Equity,3.79362131,0.055388,36
2021-11-01,US_CPI,Domestic_Equity,2.86772611,0.034393,36
2021-12-01,US_CPI,Domestic_Equity,2.65168545,0.030388,36
2022-01-01,US_CPI,Domestic_Equity,2.31862776,0.022202,36
2022-02-01,US_CPI,Domestic_Equity,1.74793732,0.012882,36
2022-03-01,US_CPI,Domestic_Equity,1.29468298,0.008146,36
2022-04-01,US_CPI,Domestic_Equity,1.28734185,0.008072,36
2022-05-01,US_CPI,Domestic_Equity,0.4285147,0.000963,36
2022-06-01,US_CPI,Domestic_Equity,-0.56153219,0.001781,36
2022-07-01,US_CPI,Domestic_Equity,-0.17860045,0.000179,36
2022-08-01,US_CPI,Domestic_Equity,-0.81119165,0.003832,36
2022-09-01,US_CPI,Domestic_Equity,-0.6508401,0.002391,36
2022-10-01,US_CPI,Domestic_Equity,-0.77940903,0.003344,36
2022-11-01,US_CPI,Domestic_Equity,-0.92946723,0.004506,36
2022-12-01,US_CPI,Domestic_Equity,-0.69347774,0.002549,36
2023-01-01,US_CPI,Domestic_Equity,-0.61474705,0.002001,36
2023-02-01,US_CPI,Domestic_Equity,-0.8141316,0.003416,36
2023-03-01,US_CPI,Domestic_Equity,-4.014576,0.104168,36
2023-04-01,US_CPI,Domestic_Equity,-4.88740764,0.106551,36
2023-05-01,US_CPI,Domestic_Equity,-4.29526415,0.079447,36
2023-06-01,US_CPI,Domestic_Equity,-4.41888867,0.093174,36
2023-07-01,US_CPI,Domestic_Equity,-4.29563654,0.090481,36
2023-08-01,US_CPI,Domestic_Equity,-4.1428648,0.089422,36
2023-09-01,US_CPI,Domestic_Equity,-4.13203794,0.087819,36
2023-10-01,US_CPI,Domestic_Equity,-3.6669044,0.065859,36
2023-11-01,US_CPI,Domestic_Equity,-3.40938378,0.060577,36
2023-12-01,US_CPI,Domestic_Equity,-3.58655396,0.079537,36
2024-01-01,US_CPI,Domestic_Equity,-2.83388809,0.065328,36
2024-02-01,US_CPI,Domestic_Equity,-2.8793922,0.064116,36
2024-03-01,US_CPI,Domestic_Equity,-2.86511029,0.062619,36
2024-04-01,US_CPI,Domestic_Equity,-3.0477441,0.07514,36
2024-05-01,US_CPI,Domestic_Equity,-3.17220161,0.083331,36
2024-06-01,US_CPI,Domestic_Equity,-3.76242206,0.120296,36
2024-07-01,US_CPI,Domestic_Equity,-3.88864837,0.128112,36
2024-08-01,US_CPI,Domestic_Equity,-3.54922842,0.102008,36
2024-09-01,US_CPI,Domestic_Equity,-3.42809609,0.095418,36
2024-10-01,US_CPI,Domestic_Equity,-3.01068939,0.069893,36
2024-11-01,US_CPI,Domestic_Equity,-3.09076688,0.066929,36
2024-12-01,US_CPI,Domestic_Equity,-3.35009385,0.075216,36
2025-01-01,US_CPI,Domestic_Equity,-2.96984282,0.058821,36
2025-02-01,US_CPI,Domestic_Equity,-2.61877923,0.045071,36
2025-03-01,US_CPI,Domestic_Equity,-3.04748899,0.04867,36
2025-04-01,US_CPI,Domestic_Equity,-2.78493607,0.039357,36
2025-05-01,US_CPI,Domestic_Equity,-3.01951593,0.035674,36
2025-06-01,US_CPI,Domestic_Equity,-0.0407722,2e-06,36
2025-07-01,US_CPI,Domestic_Equity,-2.16994978,0.006026,36
2025-08-01,US_CPI,Domestic_Equity,-1.22807916,0.001922,36
2025-09-01,US_CPI,Domestic_Equity,0.5894238,0.000446,36
2025-10-01,US_CPI,Domestic_Equity,3.69117472,0.016124,35
2025-11-01,US_CPI,Domestic_Equity,3.45101132,0.015742,34
2025-12-01,US_CPI,Domestic_Equity,2.36205415,0.006966,34
2026-01-01,US_CPI,Domestic_Equity,1.03536139,0.000764,34
2026-02-01,US_CPI,Domestic_Equity,1.56761399,0.001315,34
2026-03-01,US_CPI,Domestic_Equity,-1.20360798,0.001375,34
2026-04-01,US_CPI,Domestic_Equity,1.45237993,0.002218,34
2026-05-01,US_CPI,Domestic_Equity,5.7414312,0.022759,34
2026-06-01,US_CPI,Domestic_Equity,0.09768732,9e-06,34
2026-07-01,US_CPI,Domestic_Equity,-0.04749327,2e-06,33
2013-12-01,US_CPI,Foreign_Equity,1.93525398,0.017135,35
2014-01-01,US_CPI,Foreign_Equity,1.93966751,0.017267,36
2014-02-01,US_CPI,Foreign_Equity,1.74727772,0.014068,36
2014-03-01,US_CPI,Foreign_Equity,2.39080401,0.02425,36
2014-04-01,US_CPI,Foreign_Equity,2.16763774,0.01871,36
2014-05-01,US_CPI,Foreign_Equity,2.4130574,0.022813,36
2014-06-01,US_CPI,Foreign_Equity,1.92294609,0.015006,36
2014-07-01,US_CPI,Foreign_Equity,1.81511051,0.013332,36
2014-08-01,US_CPI,Foreign_Equity,3.83379976,0.113585,36
2014-09-01,US_CPI,Foreign_Equity,4.12817726,0.150253,36
2014-10-01,US_CPI,Foreign_Equity,4.73591605,0.16817,36
2014-11-01,US_CPI,Foreign_Equity,3.70186882,0.104062,36
2014-12-01,US_CPI,Foreign_Equity,3.83080663,0.122531,36
2015-01-01,US_CPI,Foreign_Equity,3.42532836,0.133777,36
2015-02-01,US_CPI,Foreign_Equity,3.32230673,0.134172,36
2015-03-01,US_CPI,Foreign_Equity,3.15441484,0.120778,36
2015-04-01,US_CPI,Foreign_Equity,3.26226289,0.132766,36
2015-05-01,US_CPI,Foreign_Equity,2.50326463,0.091722,36
2015-06-01,US_CPI,Foreign_Equity,2.04301493,0.062744,36
2015-07-01,US_CPI,Foreign_Equity,2.06584253,0.06288,36
2015-08-01,US_CPI,Foreign_Equity,1.95776222,0.047041,36
2015-09-01,US_CPI,Foreign_Equity,2.548709,0.063758,36
2015-10-01,US_CPI,Foreign_Equity,2.68719274,0.065813,36
2015-11-01,US_CPI,Foreign_Equity,2.41098275,0.053039,36
2015-12-01,US_CPI,Foreign_Equity,2.80662422,0.072032,36
2016-01-01,US_CPI,Foreign_Equity,3.01071699,0.070268,36
2016-02-01,US_CPI,Foreign_Equity,3.08851375,0.065648,36
2016-03-01,US_CPI,Foreign_Equity,4.65068447,0.121246,36
2016-04-01,US_CPI,Foreign_Equity,5.16242232,0.147267,36
2016-05-01,US_CPI,Foreign_Equity,5.16807333,0.156747,36
2016-06-01,US_CPI,Foreign_Equity,5.44853135,0.181456,36
2016-07-01,US_CPI,Foreign_Equity,5.05736103,0.157501,36
2016-08-01,US_CPI,Foreign_Equity,5.1368991,0.160722,36
2016-09-01,US_CPI,Foreign_Equity,4.93541049,0.150931,36
2016-10-01,US_CPI,Foreign_Equity,4.79031679,0.145046,36
2016-11-01,US_CPI,Foreign_Equity,4.67624758,0.1409,36
2016-12-01,US_CPI,Foreign_Equity,5.05684755,0.155105,36
2017-01-01,US_CPI,Foreign_Equity,4.92733597,0.154236,36
2017-02-01,US_CPI,Foreign_Equity,4.98284259,0.157194,36
2017-03-01,US_CPI,Foreign_Equity,4.78737561,0.147933,36
2017-04-01,US_CPI,Foreign_Equity,4.7567631,0.145201,36
2017-05-01,US_CPI,Foreign_Equity,4.56689432,0.135402,36
2017-06-01,US_CPI,Foreign_Equity,4.49376326,0.132673,36
2017-07-01,US_CPI,Foreign_Equity,4.45502814,0.130174,36
2017-08-01,US_CPI,Foreign_Equity,4.065922,0.114908,36
2017-09-01,US_CPI,Foreign_Equity,4.05237456,0.124287,36
2017-10-01,US_CPI,Foreign_Equity,3.74388112,0.113089,36
2017-11-01,US_CPI,Foreign_Equity,4.51723567,0.169602,36
2017-12-01,US_CPI,Foreign_Equity,4.7977157,0.169171,36
2018-01-01,US_CPI,Foreign_Equity,6.87666803,0.219137,36
2018-02-01,US_CPI,Foreign_Equity,6.2342486,0.169876,36
2018-03-01,US_CPI,Foreign_Equity,6.50061993,0.184705,36
2018-04-01,US_CPI,Foreign_Equity,6.41943304,0.18167,36
2018-05-01,US_CPI,Foreign_Equity,6.56932892,0.185788,36
2018-06-01,US_CPI,Foreign_Equity,6.83272273,0.201009,36
2018-07-01,US_CPI,Foreign_Equity,6.78877816,0.202288,36
2018-08-01,US_CPI,Foreign_Equity,6.43327156,0.186922,36
2018-09-01,US_CPI,Foreign_Equity,4.79658397,0.107088,36
2018-10-01,US_CPI,Foreign_Equity,4.69858956,0.096458,36
2018-11-01,US_CPI,Foreign_Equity,4.9957678,0.11335,36
2018-12-01,US_CPI,Foreign_Equity,5.27249088,0.101049,36
2019-01-01,US_CPI,Foreign_Equity,2.93977304,0.040172,36
2019-02-01,US_CPI,Foreign_Equity,3.26777849,0.041063,36
2019-03-01,US_CPI,Foreign_Equity,2.265907,0.024495,36
2019-04-01,US_CPI,Foreign_Equity,2.14309599,0.022071,36
2019-05-01,US_CPI,Foreign_Equity,2.61010584,0.032368,36
2019-06-01,US_CPI,Foreign_Equity,2.34105904,0.02693,36
2019-07-01,US_CPI,Foreign_Equity,3.13937846,0.04569,36
2019-08-01,US_CPI,Foreign_Equity,3.5784812,0.053312,36
2019-09-01,US_CPI,Foreign_Equity,3.70381493,0.055446,36
2019-10-01,US_CPI,Foreign_Equity,3.67647761,0.055803,36
2019-11-01,US_CPI,Foreign_Equity,4.04685399,0.065193,36
2019-12-01,US_CPI,Foreign_Equity,3.90888603,0.064114,36
2020-01-01,US_CPI,Foreign_Equity,4.04762547,0.064113,36
2020-02-01,US_CPI,Foreign_Equity,4.33464728,0.073601,36
2020-03-01,US_CPI,Foreign_Equity,15.05772075,0.372598,36
2020-04-01,US_CPI,Foreign_Equity,7.8850237,0.179736,36
2020-05-01,US_CPI,Foreign_Equity,7.55834717,0.16252,36
2020-06-01,US_CPI,Foreign_Equity,8.32698449,0.19555,36
2020-07-01,US_CPI,Foreign_Equity,8.18765155,0.198905,36
2020-08-01,US_CPI,Foreign_Equity,8.69218062,0.217851,36
2020-09-01,US_CPI,Foreign_Equity,8.87465216,0.215646,36
2020-10-01,US_CPI,Foreign_Equity,8.95333597,0.219976,36
2020-11-01,US_CPI,Foreign_Equity,9.17968656,0.222534,36
2020-12-01,US_CPI,Foreign_Equity,9.38092898,0.236214,36
2021-01-01,US_CPI,Foreign_Equity,9.28646561,0.226807,36
2021-02-01,US_CPI,Foreign_Equity,9.6052618,0.249657,36
2021-03-01,US_CPI,Foreign_Equity,9.20443106,0.241868,36
2021-04-01,US_CPI,Foreign_Equity,9.05373462,0.252115,36
2021-05-01,US_CPI,Foreign_Equity,8.51948799,0.243437,36
2021-06-01,US_CPI,Foreign_Equity,7.43570216,0.213445,36
2021-07-01,US_CPI,Foreign_Equity,7.24448463,0.20501,36
2021-08-01,US_CPI,Foreign_Equity,7.25511342,0.205814,36
2021-09-01,US_CPI,Foreign_Equity,7.01635369,0.194827,36
2021-10-01,US_CPI,Foreign_Equity,6.07228231,0.174792,36
2021-11-01,US_CPI,Foreign_Equity,5.63434659,0.16138,36
2021-12-01,US_CPI,Foreign_Equity,4.83349902,0.129065,36
2022-01-01,US_CPI,Foreign_Equity,4.9589437,0.134096,36
2022-02-01,US_CPI,Foreign_Equity,4.56101202,0.119334,36
2022-03-01,US_CPI,Foreign_Equity,3.59258107,0.084227,36
2022-04-01,US_CPI,Foreign_Equity,3.58479277,0.084115,36
2022-05-01,US_CPI,Foreign_Equity,2.44118852,0.038988,36
2022-06-01,US_CPI,Foreign_Equity,1.64015522,0.019283,36
2022-07-01,US_CPI,Foreign_Equity,1.8155902,0.024254,36
2022-08-01,US_CPI,Foreign_Equity,1.30805768,0.012684,36
2022-09-01,US_CPI,Foreign_Equity,1.39558044,0.01357,36
2022-10-01,US_CPI,Foreign_Equity,1.30539992,0.01179,36
2022-11-01,US_CPI,Foreign_Equity,1.18974326,0.009334,36
2022-12-01,US_CPI,Foreign_Equity,1.17198759,0.009306,36
2023-01-01,US_CPI,Foreign_Equity,1.27783907,0.010967,36
2023-02-01,US_CPI,Foreign_Equity,1.16152163,0.008905,36
2023-03-01,US_CPI,Foreign_Equity,-2.33581619,0.072324,36
2023-04-01,US_CPI,Foreign_Equity,-3.31439641,0.10011,36
2023-05-01,US_CPI,Foreign_Equity,-2.78196606,0.066074,36
2023-06-01,US_CPI,Foreign_Equity,-2.87104263,0.079434,36
2023-07-01,US_CPI,Foreign_Equity,-3.02985584,0.088804,36
2023-08-01,US_CPI,Foreign_Equity,-2.94012722,0.087099,36
2023-09-01,US_CPI,Foreign_Equity,-3.01506369,0.090314,36
2023-10-01,US_CPI,Foreign_Equity,-2.47044565,0.056904,36
2023-11-01,US_CPI,Foreign_Equity,-2.35156508,0.054988,36
2023-12-01,US_CPI,Foreign_Equity,-2.67113694,0.071114,36
2024-01-01,US_CPI,Foreign_Equity,-2.5712234,0.066608,36
2024-02-01,US_CPI,Foreign_Equity,-2.5468376,0.064472,36
2024-03-01,US_CPI,Foreign_Equity,-2.59205562,0.065077,36
2024-04-01,US_CPI,Foreign_Equity,-2.637578,0.069619,36
2024-05-01,US_CPI,Foreign_Equity,-2.80776352,0.081676,36
2024-06-01,US_CPI,Foreign_Equity,-2.78732345,0.081147,36
2024-07-01,US_CPI,Foreign_Equity,-2.85537088,0.085638,36
2024-08-01,US_CPI,Foreign_Equity,-2.85743833,0.086761,36
2024-09-01,US_CPI,Foreign_Equity,-2.94198709,0.091247,36
2024-10-01,US_CPI,Foreign_Equity,-3.39185477,0.109634,36
2024-11-01,US_CPI,Foreign_Equity,-3.91596858,0.136138,36
2024-12-01,US_CPI,Foreign_Equity,-3.8244563,0.12532,36
2025-01-01,US_CPI,Foreign_Equity,-3.92826015,0.129281,36
2025-02-01,US_CPI,Foreign_Equity,-3.87696546,0.12116,36
2025-03-01,US_CPI,Foreign_Equity,-3.68675574,0.085121,36
2025-04-01,US_CPI,Foreign_Equity,-3.34370126,0.065167,36
2025-05-01,US_CPI,Foreign_Equity,-2.25918942,0.025098,36
2025-06-01,US_CPI,Foreign_Equity,-0.12766381,3.8e-05,36
2025-07-01,US_CPI,Foreign_Equity,-1.02462946,0.002257,36
2025-08-01,US_CPI,Foreign_Equity,-0.09815088,2.1e-05,36
2025-09-01,US_CPI,Foreign_Equity,1.7562331,0.007565,36
2025-10-01,US_CPI,Foreign_Equity,3.81731311,0.032208,35
2025-11-01,US_CPI,Foreign_Equity,3.60667413,0.033877,34
2025-12-01,US_CPI,Foreign_Equity,3.93083655,0.036719,34
2026-01-01,US_CPI,Foreign_Equity,3.32811131,0.022586,34
2026-02-01,US_CPI,Foreign_Equity,3.56710117,0.025132,34
2026-03-01,US_CPI,Foreign_Equity,-2.83295901,0.028587,34
2026-04-01,US_CPI,Foreign_Equity,-2.14069491,0.019082,34
2026-05-01,US_CPI,Foreign_Equity,-2.40090188,0.025722,34
2026-06-01,US_CPI,Foreign_Equity,-1.88332988,0.023313,34
2026-07-01,US_CPI,Foreign_Equity,-1.79718292,0.021621,33
2013-12-01,US_CPI,Bond,0.10173136,0.000596,35
2014-01-01,US_CPI,Bond,0.09507291,0.000522,36
2014-02-01,US_CPI,Bond,0.12622277,0.000907,36
2014-03-01,US_CPI,Bond,-0.22529668,0.002857,36
2014-04-01,US_CPI,Bond,-0.26943708,0.003801,36
2014-05-01,US_CPI,Bond,-0.35317388,0.006429,36
2014-06-01,US_CPI,Bond,-0.30641898,0.004755,36
2014-07-01,US_CPI,Bond,-0.33729858,0.005407,36
2014-08-01,US_CPI,Bond,-0.50092727,0.012913,36
2014-09-01,US_CPI,Bond,-0.60274193,0.019877,36
2014-10-01,US_CPI,Bond,-0.77949533,0.032324,36
2014-11-01,US_CPI,Bond,-0.78803365,0.03542,36
2014-12-01,US_CPI,Bond,-0.66591008,0.028424,36
2015-01-01,US_CPI,Bond,-0.96832091,0.074317,36
2015-02-01,US_CPI,Bond,-0.93818273,0.070313,36
2015-03-01,US_CPI,Bond,-0.85964436,0.062221,36
2015-04-01,US_CPI,Bond,-0.86314262,0.062421,36
2015-05-01,US_CPI,Bond,-1.02963557,0.074346,36
2015-06-01,US_CPI,Bond,-0.99020659,0.069329,36
2015-07-01,US_CPI,Bond,-0.92001695,0.067802,36
2015-08-01,US_CPI,Bond,-1.36705527,0.138564,36
2015-09-01,US_CPI,Bond,-1.49727385,0.160429,36
2015-10-01,US_CPI,Bond,-1.56029881,0.169179,36
2015-11-01,US_CPI,Bond,-1.68288418,0.180161,36
2015-12-01,US_CPI,Bond,-1.73541246,0.201531,36
2016-01-01,US_CPI,Bond,-1.81072862,0.215952,36
2016-02-01,US_CPI,Bond,-2.12874966,0.255798,36
2016-03-01,US_CPI,Bond,-2.14135994,0.251334,36
2016-04-01,US_CPI,Bond,-2.07290945,0.238055,36
2016-05-01,US_CPI,Bond,-2.07436532,0.244162,36
2016-06-01,US_CPI,Bond,-1.70431326,0.223874,36
2016-07-01,US_CPI,Bond,-1.68979039,0.229688,36
2016-08-01,US_CPI,Bond,-1.62577104,0.222163,36
2016-09-01,US_CPI,Bond,-1.70700394,0.236251,36
2016-10-01,US_CPI,Bond,-1.76343109,0.245423,36
2016-11-01,US_CPI,Bond,-1.74921546,0.187328,36
2016-12-01,US_CPI,Bond,-1.8420702,0.193177,36
2017-01-01,US_CPI,Bond,-1.74361816,0.18158,36
2017-02-01,US_CPI,Bond,-1.76663889,0.187138,36
2017-03-01,US_CPI,Bond,-1.68903918,0.170127,36
2017-04-01,US_CPI,Bond,-1.69137974,0.169804,36
2017-05-01,US_CPI,Bond,-1.65444771,0.16456,36
2017-06-01,US_CPI,Bond,-1.6795033,0.170809,36
2017-07-01,US_CPI,Bond,-1.68578362,0.18062,36
2017-08-01,US_CPI,Bond,-1.67961871,0.187857,36
2017-09-01,US_CPI,Bond,-1.53747486,0.173585,36
2017-10-01,US_CPI,Bond,-1.43654787,0.155882,36
2017-11-01,US_CPI,Bond,-1.45494337,0.153868,36
2017-12-01,US_CPI,Bond,-1.57534813,0.160932,36
2018-01-01,US_CPI,Bond,-1.3934105,0.090437,36
2018-02-01,US_CPI,Bond,-1.50847793,0.104697,36
2018-03-01,US_CPI,Bond,-1.61539758,0.120984,36
2018-04-01,US_CPI,Bond,-1.52803412,0.110307,36
2018-05-01,US_CPI,Bond,-1.30172834,0.090204,36
2018-06-01,US_CPI,Bond,-1.38129278,0.098336,36
2018-07-01,US_CPI,Bond,-1.4247432,0.102735,36
2018-08-01,US_CPI,Bond,-1.30721015,0.086471,36
2018-09-01,US_CPI,Bond,-1.22246589,0.063315,36
2018-10-01,US_CPI,Bond,-1.16685243,0.059455,36
2018-11-01,US_CPI,Bond,-1.35582824,0.086668,36
2018-12-01,US_CPI,Bond,-1.47154872,0.088297,36
2019-01-01,US_CPI,Bond,-1.21154312,0.063518,36
2019-02-01,US_CPI,Bond,-0.87174476,0.032165,36
2019-03-01,US_CPI,Bond,-0.77004312,0.025738,36
2019-04-01,US_CPI,Bond,-0.74470034,0.023889,36
2019-05-01,US_CPI,Bond,-0.79879477,0.028024,36
2019-06-01,US_CPI,Bond,-1.17911409,0.061581,36
2019-07-01,US_CPI,Bond,-0.86168247,0.033131,36
2019-08-01,US_CPI,Bond,-0.9976988,0.040275,36
2019-09-01,US_CPI,Bond,-0.91139315,0.032096,36
2019-10-01,US_CPI,Bond,-0.9947119,0.037389,36
2019-11-01,US_CPI,Bond,-1.27842961,0.076093,36
2019-12-01,US_CPI,Bond,-1.09199251,0.060355,36
2020-01-01,US_CPI,Bond,-1.22644291,0.071535,36
2020-02-01,US_CPI,Bond,-1.29452804,0.08045,36
2020-03-01,US_CPI,Bond,-1.08982492,0.081414,36
2020-04-01,US_CPI,Bond,-0.48483533,0.028307,36
2020-05-01,US_CPI,Bond,-0.59500907,0.042989,36
2020-06-01,US_CPI,Bond,-0.57791406,0.043254,36
2020-07-01,US_CPI,Bond,-0.58243179,0.047522,36
2020-08-01,US_CPI,Bond,-0.57645772,0.046549,36
2020-09-01,US_CPI,Bond,-0.63803321,0.051221,36
2020-10-01,US_CPI,Bond,-0.67503464,0.061685,36
2020-11-01,US_CPI,Bond,-0.67269161,0.060015,36
2020-12-01,US_CPI,Bond,-0.72954843,0.072145,36
2021-01-01,US_CPI,Bond,-0.64366382,0.057269,36
2021-02-01,US_CPI,Bond,-0.65915912,0.061418,36
2021-03-01,US_CPI,Bond,-0.81612367,0.089687,36
2021-04-01,US_CPI,Bond,-0.77897864,0.089151,36
2021-05-01,US_CPI,Bond,-0.81387797,0.106518,36
2021-06-01,US_CPI,Bond,-0.66656543,0.083881,36
2021-07-01,US_CPI,Bond,-0.57635963,0.063186,36
2021-08-01,US_CPI,Bond,-0.56199279,0.060646,36
2021-09-01,US_CPI,Bond,-0.61754371,0.073234,36
2021-10-01,US_CPI,Bond,-0.92301118,0.153057,36
2021-11-01,US_CPI,Bond,-0.74597733,0.10957,36
2021-12-01,US_CPI,Bond,-0.54386281,0.062104,36
2022-01-01,US_CPI,Bond,-0.67358765,0.081352,36
2022-02-01,US_CPI,Bond,-0.74272099,0.097833,36
2022-03-01,US_CPI,Bond,-0.71023982,0.102537,36
2022-04-01,US_CPI,Bond,-0.69709396,0.080928,36
2022-05-01,US_CPI,Bond,-0.6362264,0.07173,36
2022-06-01,US_CPI,Bond,-0.71255267,0.099151,36
2022-07-01,US_CPI,Bond,-0.84707848,0.121203,36
2022-08-01,US_CPI,Bond,-0.76677555,0.109743,36
2022-09-01,US_CPI,Bond,-0.81695273,0.097119,36
2022-10-01,US_CPI,Bond,-0.87190171,0.104469,36
2022-11-01,US_CPI,Bond,-0.95690395,0.108278,36
2022-12-01,US_CPI,Bond,-1.09867032,0.128573,36
2023-01-01,US_CPI,Bond,-1.07066985,0.118526,36
2023-02-01,US_CPI,Bond,-1.03609436,0.110198,36
2023-03-01,US_CPI,Bond,-1.10083727,0.10978,36
2023-04-01,US_CPI,Bond,-1.58210345,0.153467,36
2023-05-01,US_CPI,Bond,-1.52344343,0.135217,36
2023-06-01,US_CPI,Bond,-1.43464165,0.120822,36
2023-07-01,US_CPI,Bond,-1.41494829,0.120458,36
2023-08-01,US_CPI,Bond,-1.41640234,0.119811,36
2023-09-01,US_CPI,Bond,-1.45855161,0.126208,36
2023-10-01,US_CPI,Bond,-1.29423133,0.095882,36
2023-11-01,US_CPI,Bond,-1.56518078,0.125129,36
2023-12-01,US_CPI,Bond,-1.78761756,0.143597,36
2024-01-01,US_CPI,Bond,-1.83982916,0.150205,36
2024-02-01,US_CPI,Bond,-1.8624108,0.153877,36
2024-03-01,US_CPI,Bond,-1.84748857,0.152841,36
2024-04-01,US_CPI,Bond,-1.78548108,0.142695,36
2024-05-01,US_CPI,Bond,-1.76631025,0.143563,36
2024-06-01,US_CPI,Bond,-1.96676025,0.175222,36
2024-07-01,US_CPI,Bond,-2.03134746,0.187925,36
2024-08-01,US_CPI,Bond,-2.07024675,0.194612,36
2024-09-01,US_CPI,Bond,-2.04340874,0.192876,36
2024-10-01,US_CPI,Bond,-1.89136048,0.158028,36
2024-11-01,US_CPI,Bond,-2.09568087,0.179791,36
2024-12-01,US_CPI,Bond,-2.29899592,0.205117,36
2025-01-01,US_CPI,Bond,-2.18888964,0.190367,36
2025-02-01,US_CPI,Bond,-2.12191471,0.175174,36
2025-03-01,US_CPI,Bond,-2.46553916,0.189267,36
2025-04-01,US_CPI,Bond,-2.47025227,0.211431,36
2025-05-01,US_CPI,Bond,-2.77604021,0.218157,36
2025-06-01,US_CPI,Bond,-3.48500095,0.166035,36
2025-07-01,US_CPI,Bond,-3.12758408,0.131338,36
2025-08-01,US_CPI,Bond,-3.2859299,0.140293,36
2025-09-01,US_CPI,Bond,-2.57640658,0.106609,36
2025-10-01,US_CPI,Bond,-1.77943814,0.050269,35
2025-11-01,US_CPI,Bond,-1.84518807,0.060025,34
2025-12-01,US_CPI,Bond,-1.21797651,0.027045,34
2026-01-01,US_CPI,Bond,-1.71567388,0.046227,34
2026-02-01,US_CPI,Bond,-1.74128644,0.045812,34
2026-03-01,US_CPI,Bond,-1.49932332,0.058914,34
2026-04-01,US_CPI,Bond,-1.36182254,0.057513,34
2026-05-01,US_CPI,Bond,-1.76546013,0.089212,34
2026-06-01,US_CPI,Bond,-0.99054493,0.042619,34
2026-07-01,US_CPI,Bond,-1.00876531,0.044264,33
2013-12-01,US_CPI,Gold,3.14214433,0.028318,35
2014-01-01,US_CPI,Gold,2.94389884,0.024182,36
2014-02-01,US_CPI,Gold,3.10228045,0.026496,36
2014-03-01,US_CPI,Gold,3.28802177,0.026423,36
2014-04-01,US_CPI,Gold,2.65984363,0.016321,36
2014-05-01,US_CPI,Gold,2.09298196,0.010075,36
2014-06-01,US_CPI,Gold,2.46597001,0.013573,36
2014-07-01,US_CPI,Gold,2.16723744,0.009747,36
2014-08-01,US_CPI,Gold,1.84306992,0.007144,36
2014-09-01,US_CPI,Gold,1.21175939,0.004083,36
2014-10-01,US_CPI,Gold,1.66356155,0.007634,36
2014-11-01,US_CPI,Gold,2.57716829,0.019991,36
2014-12-01,US_CPI,Gold,1.35801572,0.006369,36
2015-01-01,US_CPI,Gold,0.72484964,0.002512,36
2015-02-01,US_CPI,Gold,0.996964,0.004578,36
2015-03-01,US_CPI,Gold,0.30906364,0.000464,36
2015-04-01,US_CPI,Gold,0.44307398,0.000965,36
2015-05-01,US_CPI,Gold,0.28424766,0.000391,36
2015-06-01,US_CPI,Gold,0.04950496,1.2e-05,36
2015-07-01,US_CPI,Gold,0.09479871,4.4e-05,36
2015-08-01,US_CPI,Gold,0.29850037,0.000363,36
2015-09-01,US_CPI,Gold,-1.23795777,0.00587,36
2015-10-01,US_CPI,Gold,-2.17506037,0.020638,36
2015-11-01,US_CPI,Gold,-2.12440274,0.018966,36
2015-12-01,US_CPI,Gold,-1.74515767,0.012661,36
2016-01-01,US_CPI,Gold,-1.96722026,0.015513,36
2016-02-01,US_CPI,Gold,-2.96298693,0.029143,36
2016-03-01,US_CPI,Gold,-1.66946888,0.00726,36
2016-04-01,US_CPI,Gold,-2.07463199,0.01134,36
2016-05-01,US_CPI,Gold,-1.73466968,0.008201,36
2016-06-01,US_CPI,Gold,-1.88786228,0.009737,36
2016-07-01,US_CPI,Gold,-2.56253388,0.015164,36
2016-08-01,US_CPI,Gold,-2.18311768,0.011195,36
2016-09-01,US_CPI,Gold,-2.12510876,0.011158,36
2016-10-01,US_CPI,Gold,-2.5610078,0.015781,36
2016-11-01,US_CPI,Gold,-2.41118647,0.013992,36
2016-12-01,US_CPI,Gold,-3.10877198,0.020495,36
2017-01-01,US_CPI,Gold,-2.59729099,0.015389,36
2017-02-01,US_CPI,Gold,-2.46653508,0.013726,36
2017-03-01,US_CPI,Gold,-3.00878971,0.020875,36
2017-04-01,US_CPI,Gold,-3.16712197,0.023228,36
2017-05-01,US_CPI,Gold,-2.90170273,0.019893,36
2017-06-01,US_CPI,Gold,-2.80176702,0.018794,36
2017-07-01,US_CPI,Gold,-2.79120367,0.019066,36
2017-08-01,US_CPI,Gold,-2.08724502,0.011003,36
2017-09-01,US_CPI,Gold,-0.75560647,0.001523,36
2017-10-01,US_CPI,Gold,-0.99171189,0.002567,36
2017-11-01,US_CPI,Gold,-1.86032078,0.009011,36
2017-12-01,US_CPI,Gold,-1.21785351,0.00352,36
2018-01-01,US_CPI,Gold,-0.20065059,6.2e-05,36
2018-02-01,US_CPI,Gold,-0.47956304,0.000362,36
2018-03-01,US_CPI,Gold,0.04223544,3e-06,36
2018-04-01,US_CPI,Gold,0.07921967,1e-05,36
2018-05-01,US_CPI,Gold,0.2516503,0.000102,36
2018-06-01,US_CPI,Gold,0.43118602,0.000297,36
2018-07-01,US_CPI,Gold,0.6903265,0.000753,36
2018-08-01,US_CPI,Gold,-0.43727129,0.000315,36
2018-09-01,US_CPI,Gold,0.94908081,0.00129,36
2018-10-01,US_CPI,Gold,1.02391509,0.001502,36
2018-11-01,US_CPI,Gold,0.31398063,0.000151,36
2018-12-01,US_CPI,Gold,-1.30905662,0.002547,36
2019-01-01,US_CPI,Gold,-1.56623806,0.003695,36
2019-02-01,US_CPI,Gold,0.06597994,6e-06,36
2019-03-01,US_CPI,Gold,-1.85895009,0.005763,36
2019-04-01,US_CPI,Gold,-1.55404004,0.004031,36
2019-05-01,US_CPI,Gold,-1.63437832,0.004749,36
2019-06-01,US_CPI,Gold,-1.79075332,0.006125,36
2019-07-01,US_CPI,Gold,1.42052517,0.00467,36
2019-08-01,US_CPI,Gold,0.81224883,0.001399,36
2019-09-01,US_CPI,Gold,0.90471004,0.001692,36
2019-10-01,US_CPI,Gold,0.91830865,0.001858,36
2019-11-01,US_CPI,Gold,0.8690253,0.001682,36
2019-12-01,US_CPI,Gold,1.54497629,0.007314,36
2020-01-01,US_CPI,Gold,1.9964514,0.01109,36
2020-02-01,US_CPI,Gold,1.75225089,0.00887,36
2020-03-01,US_CPI,Gold,-0.48661437,0.000929,36
2020-04-01,US_CPI,Gold,0.97938227,0.006477,36
2020-05-01,US_CPI,Gold,0.29063547,0.000533,36
2020-06-01,US_CPI,Gold,0.29388886,0.000582,36
2020-07-01,US_CPI,Gold,0.40200229,0.001241,36
2020-08-01,US_CPI,Gold,1.35235996,0.009297,36
2020-09-01,US_CPI,Gold,0.43029771,0.000897,36
2020-10-01,US_CPI,Gold,0.25534884,0.000337,36
2020-11-01,US_CPI,Gold,0.28720981,0.000426,36
2020-12-01,US_CPI,Gold,-0.48689199,0.001164,36
2021-01-01,US_CPI,Gold,-0.6925607,0.002222,36
2021-02-01,US_CPI,Gold,-1.1830702,0.006079,36
2021-03-01,US_CPI,Gold,-2.25972851,0.021369,36
2021-04-01,US_CPI,Gold,-1.94030539,0.017102,36
2021-05-01,US_CPI,Gold,-1.22055578,0.007382,36
2021-06-01,US_CPI,Gold,-0.38365618,0.000826,36
2021-07-01,US_CPI,Gold,-1.00660292,0.005642,36
2021-08-01,US_CPI,Gold,-1.08487555,0.006717,36
2021-09-01,US_CPI,Gold,-1.14128607,0.007665,36
2021-10-01,US_CPI,Gold,-1.78011869,0.021081,36
2021-11-01,US_CPI,Gold,-1.50839318,0.016139,36
2021-12-01,US_CPI,Gold,-1.60772916,0.018812,36
2022-01-01,US_CPI,Gold,-1.39835414,0.01417,36
2022-02-01,US_CPI,Gold,-1.44830737,0.015753,36
2022-03-01,US_CPI,Gold,-0.29051348,0.000694,36
2022-04-01,US_CPI,Gold,-0.2763872,0.000629,36
2022-05-01,US_CPI,Gold,-0.88925381,0.006686,36
2022-06-01,US_CPI,Gold,-0.94929802,0.008541,36
2022-07-01,US_CPI,Gold,-0.36173074,0.001229,36
2022-08-01,US_CPI,Gold,-0.0793806,6.3e-05,36
2022-09-01,US_CPI,Gold,0.01964758,4e-06,36
2022-10-01,US_CPI,Gold,-0.06953749,4.7e-05,36
2022-11-01,US_CPI,Gold,0.00112455,0.0,36
2022-12-01,US_CPI,Gold,-0.54210246,0.002649,36
2023-01-01,US_CPI,Gold,-0.35960818,0.001164,36
2023-02-01,US_CPI,Gold,-0.29210559,0.000743,36
2023-03-01,US_CPI,Gold,0.70637536,0.003786,36
2023-04-01,US_CPI,Gold,-0.16191265,0.000124,36
2023-05-01,US_CPI,Gold,0.74252333,0.002534,36
2023-06-01,US_CPI,Gold,0.94321285,0.004116,36
2023-07-01,US_CPI,Gold,1.09281573,0.005663,36
2023-08-01,US_CPI,Gold,1.45583778,0.01344,36
2023-09-01,US_CPI,Gold,1.31165653,0.010962,36
2023-10-01,US_CPI,Gold,1.56657551,0.015029,36
2023-11-01,US_CPI,Gold,0.7434804,0.002997,36
2023-12-01,US_CPI,Gold,0.57531889,0.00192,36
2024-01-01,US_CPI,Gold,0.88379088,0.004735,36
2024-02-01,US_CPI,Gold,0.72152798,0.003295,36
2024-03-01,US_CPI,Gold,0.82058486,0.004396,36
2024-04-01,US_CPI,Gold,0.38598399,0.000924,36
2024-05-01,US_CPI,Gold,0.14215922,0.000131,36
2024-06-01,US_CPI,Gold,-0.42292232,0.001204,36
2024-07-01,US_CPI,Gold,-0.29940195,0.000644,36
2024-08-01,US_CPI,Gold,-0.45527713,0.001499,36
2024-09-01,US_CPI,Gold,-0.5794385,0.00241,36
2024-10-01,US_CPI,Gold,-0.07940786,4e-05,36
2024-11-01,US_CPI,Gold,-0.17620655,0.000184,36
2024-12-01,US_CPI,Gold,-0.00417968,0.0,36
2025-01-01,US_CPI,Gold,-0.02014083,2e-06,36
2025-02-01,US_CPI,Gold,-0.1626503,0.000123,36
2025-03-01,US_CPI,Gold,-2.44124924,0.022961,36
2025-04-01,US_CPI,Gold,-2.82757555,0.028609,36
2025-05-01,US_CPI,Gold,-2.03327067,0.012353,36
2025-06-01,US_CPI,Gold,-0.81381107,0.000911,36
2025-07-01,US_CPI,Gold,-3.19633706,0.01377,36
2025-08-01,US_CPI,Gold,-3.56211805,0.016566,36
2025-09-01,US_CPI,Gold,-2.05464321,0.005392,36
2025-10-01,US_CPI,Gold,-0.91613817,0.000939,35
2025-11-01,US_CPI,Gold,-0.74211263,0.000649,34
2025-12-01,US_CPI,Gold,1.57840211,0.00288,34
2026-01-01,US_CPI,Gold,0.30860252,9e-05,34
2026-02-01,US_CPI,Gold,0.21515429,4.2e-05,34
2026-03-01,US_CPI,Gold,-3.84589268,0.025238,34
2026-04-01,US_CPI,Gold,-5.959321,0.073437,34
2026-05-01,US_CPI,Gold,-6.55253477,0.090606,34
2026-06-01,US_CPI,Gold,-1.49110124,0.006552,34
2026-07-01,US_CPI,Gold,-0.10905706,2.8e-05,34
2013-12-01,US_CORE_CPI,Domestic_Equity,-20.3642148,0.090092,35
2014-01-01,US_CORE_CPI,Domestic_Equity,-18.00621215,0.073717,36
2014-02-01,US_CORE_CPI,Domestic_Equity,-16.30466684,0.06407,36
2014-03-01,US_CORE_CPI,Domestic_Equity,-16.65326945,0.065781,36
2014-04-01,US_CORE_CPI,Domestic_Equity,-13.52119344,0.048992,36
2014-05-01,US_CORE_CPI,Domestic_Equity,-13.1563325,0.046309,36
2014-06-01,US_CORE_CPI,Domestic_Equity,-12.28265699,0.03915,36
2014-07-01,US_CORE_CPI,Domestic_Equity,-15.81713913,0.063218,36
2014-08-01,US_CORE_CPI,Domestic_Equity,0.99180899,0.000386,36
2014-09-01,US_CORE_CPI,Domestic_Equity,-1.02496083,0.000439,36
2014-10-01,US_CORE_CPI,Domestic_Equity,-2.45794879,0.002253,36
2014-11-01,US_CORE_CPI,Domestic_Equity,-3.15268179,0.003798,36
2014-12-01,US_CORE_CPI,Domestic_Equity,-1.82573549,0.001315,36
2015-01-01,US_CORE_CPI,Domestic_Equity,-2.52159954,0.00248,36
2015-02-01,US_CORE_CPI,Domestic_Equity,2.6352717,0.002893,36
2015-03-01,US_CORE_CPI,Domestic_Equity,4.76702093,0.009993,36
2015-04-01,US_CORE_CPI,Domestic_Equity,9.7186314,0.041454,36
2015-05-01,US_CORE_CPI,Domestic_Equity,9.24862971,0.043967,36
2015-06-01,US_CORE_CPI,Domestic_Equity,9.76996077,0.048225,36
2015-07-01,US_CORE_CPI,Domestic_Equity,9.10234676,0.043772,36
2015-08-01,US_CORE_CPI,Domestic_Equity,13.01375713,0.088527,36
2015-09-01,US_CORE_CPI,Domestic_Equity,11.58977066,0.073003,36
2015-10-01,US_CORE_CPI,Domestic_Equity,12.98058745,0.085385,36
2015-11-01,US_CORE_CPI,Domestic_Equity,12.04156962,0.076382,36
2015-12-01,US_CORE_CPI,Domestic_Equity,11.74457703,0.07667,36
2016-01-01,US_CORE_CPI,Domestic_Equity,11.21436728,0.06253,36
2016-02-01,US_CORE_CPI,Domestic_Equity,10.84436259,0.061911,36
2016-03-01,US_CORE_CPI,Domestic_Equity,11.98011943,0.068919,36
2016-04-01,US_CORE_CPI,Domestic_Equity,10.21391737,0.04728,36
2016-05-01,US_CORE_CPI,Domestic_Equity,11.03096761,0.053965,36
2016-06-01,US_CORE_CPI,Domestic_Equity,10.46342048,0.053538,36
2016-07-01,US_CORE_CPI,Domestic_Equity,10.90391713,0.056825,36
2016-08-01,US_CORE_CPI,Domestic_Equity,11.16030017,0.062512,36
2016-09-01,US_CORE_CPI,Domestic_Equity,11.49053929,0.074313,36
2016-10-01,US_CORE_CPI,Domestic_Equity,13.33452826,0.099188,36
2016-11-01,US_CORE_CPI,Domestic_Equity,14.30931127,0.110076,36
2016-12-01,US_CORE_CPI,Domestic_Equity,14.67450444,0.113975,36
2017-01-01,US_CORE_CPI,Domestic_Equity,14.52664007,0.108352,36
2017-02-01,US_CORE_CPI,Domestic_Equity,14.73637855,0.107541,36
2017-03-01,US_CORE_CPI,Domestic_Equity,6.97150914,0.032903,36
2017-04-01,US_CORE_CPI,Domestic_Equity,6.11529694,0.025981,36
2017-05-01,US_CORE_CPI,Domestic_Equity,2.45315851,0.003678,36
2017-06-01,US_CORE_CPI,Domestic_Equity,1.64019569,0.001577,36
2017-07-01,US_CORE_CPI,Domestic_Equity,1.06454513,0.000681,36
2017-08-01,US_CORE_CPI,Domestic_Equity,0.83736703,0.000412,36
2017-09-01,US_CORE_CPI,Domestic_Equity,0.96663738,0.000563,36
2017-10-01,US_CORE_CPI,Domestic_Equity,3.76740241,0.01042,36
2017-11-01,US_CORE_CPI,Domestic_Equity,3.03649842,0.00658,36
2017-12-01,US_CORE_CPI,Domestic_Equity,0.8318998,0.000441,36
2018-01-01,US_CORE_CPI,Domestic_Equity,1.32621053,0.001314,36
2018-02-01,US_CORE_CPI,Domestic_Equity,0.91118402,0.000584,36
2018-03-01,US_CORE_CPI,Domestic_Equity,0.02471505,0.0,36
2018-04-01,US_CORE_CPI,Domestic_Equity,-1.93380706,0.002775,36
2018-05-01,US_CORE_CPI,Domestic_Equity,-1.96824568,0.002873,36
2018-06-01,US_CORE_CPI,Domestic_Equity,-0.82629877,0.000523,36
2018-07-01,US_CORE_CPI,Domestic_Equity,1.07666926,0.000792,36
2018-08-01,US_CORE_CPI,Domestic_Equity,-0.81416572,0.000533,36
2018-09-01,US_CORE_CPI,Domestic_Equity,-0.44787357,0.000161,36
2018-10-01,US_CORE_CPI,Domestic_Equity,-2.72048905,0.005201,36
2018-11-01,US_CORE_CPI,Domestic_Equity,-3.38287192,0.007587,36
2018-12-01,US_CORE_CPI,Domestic_Equity,-4.19114362,0.011998,36
2019-01-01,US_CORE_CPI,Domestic_Equity,-3.39247903,0.00882,36
2019-02-01,US_CORE_CPI,Domestic_Equity,-3.74368729,0.009603,36
2019-03-01,US_CORE_CPI,Domestic_Equity,-3.22339371,0.007295,36
2019-04-01,US_CORE_CPI,Domestic_Equity,-3.8610804,0.009871,36
2019-05-01,US_CORE_CPI,Domestic_Equity,-0.4455017,0.00012,36
2019-06-01,US_CORE_CPI,Domestic_Equity,-0.41734643,0.000106,36
2019-07-01,US_CORE_CPI,Domestic_Equity,-0.40078852,9.7e-05,36
2019-08-01,US_CORE_CPI,Domestic_Equity,-3.42074072,0.006125,36
2019-09-01,US_CORE_CPI,Domestic_Equity,-2.61598361,0.003313,36
2019-10-01,US_CORE_CPI,Domestic_Equity,-2.40212495,0.00279,36
2019-11-01,US_CORE_CPI,Domestic_Equity,-2.19265927,0.002329,36
2019-12-01,US_CORE_CPI,Domestic_Equity,-2.19758022,0.002357,36
2020-01-01,US_CORE_CPI,Domestic_Equity,-1.42004894,0.001011,36
2020-02-01,US_CORE_CPI,Domestic_Equity,-2.32353151,0.002733,36
2020-03-01,US_CORE_CPI,Domestic_Equity,22.96245553,0.183254,36
2020-04-01,US_CORE_CPI,Domestic_Equity,3.92847533,0.015119,36
2020-05-01,US_CORE_CPI,Domestic_Equity,1.83248825,0.003678,36
2020-06-01,US_CORE_CPI,Domestic_Equity,2.13762597,0.00453,36
2020-07-01,US_CORE_CPI,Domestic_Equity,3.28488502,0.013155,36
2020-08-01,US_CORE_CPI,Domestic_Equity,4.88445308,0.028672,36
2020-09-01,US_CORE_CPI,Domestic_Equity,4.91169652,0.028876,36
2020-10-01,US_CORE_CPI,Domestic_Equity,4.55570575,0.024936,36
2020-11-01,US_CORE_CPI,Domestic_Equity,5.25755177,0.0321,36
2020-12-01,US_CORE_CPI,Domestic_Equity,4.96927347,0.025694,36
2021-01-01,US_CORE_CPI,Domestic_Equity,2.97902017,0.008108,36
2021-02-01,US_CORE_CPI,Domestic_Equity,3.15316902,0.009214,36
2021-03-01,US_CORE_CPI,Domestic_Equity,2.89764323,0.007755,36
2021-04-01,US_CORE_CPI,Domestic_Equity,3.72994709,0.018315,36
2021-05-01,US_CORE_CPI,Domestic_Equity,2.97248545,0.013587,36
2021-06-01,US_CORE_CPI,Domestic_Equity,2.85888421,0.015436,36
2021-07-01,US_CORE_CPI,Domestic_Equity,2.44838737,0.011783,36
2021-08-01,US_CORE_CPI,Domestic_Equity,2.5386756,0.012464,36
2021-09-01,US_CORE_CPI,Domestic_Equity,2.50574241,0.012077,36
2021-10-01,US_CORE_CPI,Domestic_Equity,0.87422057,0.00168,36
2021-11-01,US_CORE_CPI,Domestic_Equity,0.41725423,0.000417,36
2021-12-01,US_CORE_CPI,Domestic_Equity,0.33143143,0.00028,36
2022-01-01,US_CORE_CPI,Domestic_Equity,-0.32655863,0.000273,36
2022-02-01,US_CORE_CPI,Domestic_Equity,-0.71100073,0.001304,36
2022-03-01,US_CORE_CPI,Domestic_Equity,-0.85745823,0.001895,36
2022-04-01,US_CORE_CPI,Domestic_Equity,-0.81298724,0.00173,36
2022-05-01,US_CORE_CPI,Domestic_Equity,-1.61059258,0.006995,36
2022-06-01,US_CORE_CPI,Domestic_Equity,-2.36380914,0.015261,36
2022-07-01,US_CORE_CPI,Domestic_Equity,-2.52259603,0.016791,36
2022-08-01,US_CORE_CPI,Domestic_Equity,-2.48245514,0.016916,36
2022-09-01,US_CORE_CPI,Domestic_Equity,-2.78214285,0.02111,36
2022-10-01,US_CORE_CPI,Domestic_Equity,-2.87976773,0.021943,36
2022-11-01,US_CORE_CPI,Domestic_Equity,-2.86728159,0.020482,36
2022-12-01,US_CORE_CPI,Domestic_Equity,-2.87183101,0.020176,36
2023-01-01,US_CORE_CPI,Domestic_Equity,-2.80269269,0.019275,36
2023-02-01,US_CORE_CPI,Domestic_Equity,-2.73034885,0.018247,36
2023-03-01,US_CORE_CPI,Domestic_Equity,-6.53754112,0.13628,36
2023-04-01,US_CORE_CPI,Domestic_Equity,-7.85357332,0.135572,36
2023-05-01,US_CORE_CPI,Domestic_Equity,-7.56149974,0.108347,36
2023-06-01,US_CORE_CPI,Domestic_Equity,-6.57341991,0.087605,36
2023-07-01,US_CORE_CPI,Domestic_Equity,-6.68431188,0.091874,36
2023-08-01,US_CORE_CPI,Domestic_Equity,-6.21313146,0.086869,36
2023-09-01,US_CORE_CPI,Domestic_Equity,-6.22441455,0.084856,36
2023-10-01,US_CORE_CPI,Domestic_Equity,-6.1959651,0.07699,36
2023-11-01,US_CORE_CPI,Domestic_Equity,-5.73409629,0.068577,36
2023-12-01,US_CORE_CPI,Domestic_Equity,-4.25714813,0.042213,36
2024-01-01,US_CORE_CPI,Domestic_Equity,-0.7021735,0.00134,36
2024-02-01,US_CORE_CPI,Domestic_Equity,-0.63469164,0.000977,36
2024-03-01,US_CORE_CPI,Domestic_Equity,-1.05397497,0.002583,36
2024-04-01,US_CORE_CPI,Domestic_Equity,-3.14258601,0.021197,36
2024-05-01,US_CORE_CPI,Domestic_Equity,-3.72609981,0.029894,36
2024-06-01,US_CORE_CPI,Domestic_Equity,-6.20900892,0.077789,36
2024-07-01,US_CORE_CPI,Domestic_Equity,-6.53858747,0.088995,36
2024-08-01,US_CORE_CPI,Domestic_Equity,-6.67848517,0.082888,36
2024-09-01,US_CORE_CPI,Domestic_Equity,-6.74703415,0.08306,36
2024-10-01,US_CORE_CPI,Domestic_Equity,-5.75207926,0.055154,36
2024-11-01,US_CORE_CPI,Domestic_Equity,-5.70187376,0.048865,36
2024-12-01,US_CORE_CPI,Domestic_Equity,-6.10461415,0.051922,36
2025-01-01,US_CORE_CPI,Domestic_Equity,-4.66231407,0.028995,36
2025-02-01,US_CORE_CPI,Domestic_Equity,-3.82687163,0.019127,36
2025-03-01,US_CORE_CPI,Domestic_Equity,-3.60404608,0.019008,36
2025-04-01,US_CORE_CPI,Domestic_Equity,-3.23804078,0.014206,36
2025-05-01,US_CORE_CPI,Domestic_Equity,-4.16689242,0.021859,36
2025-06-01,US_CORE_CPI,Domestic_Equity,-2.81596659,0.006246,36
2025-07-01,US_CORE_CPI,Domestic_Equity,-1.95441619,0.002896,36
2025-08-01,US_CORE_CPI,Domestic_Equity,-4.06333588,0.011844,36
2025-09-01,US_CORE_CPI,Domestic_Equity,-0.40381359,0.000101,36
2025-10-01,US_CORE_CPI,Domestic_Equity,1.53063162,0.001497,35
2025-11-01,US_CORE_CPI,Domestic_Equity,0.92026121,0.000603,34
2025-12-01,US_CORE_CPI,Domestic_Equity,1.64689495,0.001964,34
2026-01-01,US_CORE_CPI,Domestic_Equity,3.13051532,0.004418,34
2026-02-01,US_CORE_CPI,Domestic_Equity,-0.75059846,0.000167,34
2026-03-01,US_CORE_CPI,Domestic_Equity,0.7392653,0.000162,34
2026-04-01,US_CORE_CPI,Domestic_Equity,2.33551038,0.001406,34
2026-05-01,US_CORE_CPI,Domestic_Equity,-1.31529207,0.000274,34
2026-06-01,US_CORE_CPI,Domestic_Equity,-8.29638699,0.013593,34
2026-07-01,US_CORE_CPI,Domestic_Equity,-8.82531987,0.015412,33
2013-12-01,US_CORE_CPI,Foreign_Equity,-15.72345226,0.074535,35
2014-01-01,US_CORE_CPI,Foreign_Equity,-15.07303123,0.072217,36
2014-02-01,US_CORE_CPI,Foreign_Equity,-14.51118888,0.070162,36
2014-03-01,US_CORE_CPI,Foreign_Equity,-15.12514897,0.07515,36
2014-04-01,US_CORE_CPI,Foreign_Equity,-14.54551636,0.069705,36
2014-05-01,US_CORE_CPI,Foreign_Equity,-13.94400708,0.064036,36
2014-06-01,US_CORE_CPI,Foreign_Equity,-11.91329933,0.047203,36
2014-07-01,US_CORE_CPI,Foreign_Equity,-13.66023607,0.059127,36
2014-08-01,US_CORE_CPI,Foreign_Equity,5.26560313,0.014561,36
2014-09-01,US_CORE_CPI,Foreign_Equity,3.35962169,0.00661,36
2014-10-01,US_CORE_CPI,Foreign_Equity,1.98286985,0.001928,36
2014-11-01,US_CORE_CPI,Foreign_Equity,0.52142763,0.000127,36
2014-12-01,US_CORE_CPI,Foreign_Equity,2.671817,0.003401,36
2015-01-01,US_CORE_CPI,Foreign_Equity,1.61713615,0.001257,36
2015-02-01,US_CORE_CPI,Foreign_Equity,5.23442238,0.013084,36
2015-03-01,US_CORE_CPI,Foreign_Equity,3.13088309,0.005038,36
2015-04-01,US_CORE_CPI,Foreign_Equity,4.56438332,0.012061,36
2015-05-01,US_CORE_CPI,Foreign_Equity,4.17015519,0.011996,36
2015-06-01,US_CORE_CPI,Foreign_Equity,4.8499464,0.016591,36
2015-07-01,US_CORE_CPI,Foreign_Equity,3.14835913,0.007121,36
2015-08-01,US_CORE_CPI,Foreign_Equity,5.57471096,0.020973,36
2015-09-01,US_CORE_CPI,Foreign_Equity,1.1058334,0.000694,36
2015-10-01,US_CORE_CPI,Foreign_Equity,2.24410481,0.002744,36
2015-11-01,US_CORE_CPI,Foreign_Equity,1.90616585,0.002083,36
2015-12-01,US_CORE_CPI,Foreign_Equity,2.12183476,0.002551,36
2016-01-01,US_CORE_CPI,Foreign_Equity,-1.81237208,0.001513,36
2016-02-01,US_CORE_CPI,Foreign_Equity,-2.6177858,0.003351,36
2016-03-01,US_CORE_CPI,Foreign_Equity,-1.18973286,0.000569,36
2016-04-01,US_CORE_CPI,Foreign_Equity,1.65010819,0.00098,36
2016-05-01,US_CORE_CPI,Foreign_Equity,4.84168682,0.008607,36
2016-06-01,US_CORE_CPI,Foreign_Equity,4.47639862,0.007584,36
2016-07-01,US_CORE_CPI,Foreign_Equity,1.84974034,0.001269,36
2016-08-01,US_CORE_CPI,Foreign_Equity,2.25707243,0.00199,36
2016-09-01,US_CORE_CPI,Foreign_Equity,2.25356996,0.00198,36
2016-10-01,US_CORE_CPI,Foreign_Equity,4.48205483,0.007648,36
2016-11-01,US_CORE_CPI,Foreign_Equity,3.6650542,0.005247,36
2016-12-01,US_CORE_CPI,Foreign_Equity,4.20310224,0.006522,36
2017-01-01,US_CORE_CPI,Foreign_Equity,5.44461724,0.010563,36
2017-02-01,US_CORE_CPI,Foreign_Equity,5.63417559,0.010835,36
2017-03-01,US_CORE_CPI,Foreign_Equity,3.01642433,0.004422,36
2017-04-01,US_CORE_CPI,Foreign_Equity,3.14714012,0.004879,36
2017-05-01,US_CORE_CPI,Foreign_Equity,2.2838026,0.002682,36
2017-06-01,US_CORE_CPI,Foreign_Equity,2.46338272,0.003168,36
2017-07-01,US_CORE_CPI,Foreign_Equity,1.99177937,0.002128,36
2017-08-01,US_CORE_CPI,Foreign_Equity,0.94902435,0.000483,36
2017-09-01,US_CORE_CPI,Foreign_Equity,0.39719905,8.6e-05,36
2017-10-01,US_CORE_CPI,Foreign_Equity,2.34500795,0.003561,36
2017-11-01,US_CORE_CPI,Foreign_Equity,3.70456364,0.009478,36
2017-12-01,US_CORE_CPI,Foreign_Equity,3.65605489,0.008445,36
2018-01-01,US_CORE_CPI,Foreign_Equity,6.28752916,0.0277,36
2018-02-01,US_CORE_CPI,Foreign_Equity,5.91197008,0.023044,36
2018-03-01,US_CORE_CPI,Foreign_Equity,5.96538542,0.022905,36
2018-04-01,US_CORE_CPI,Foreign_Equity,5.7875839,0.020998,36
2018-05-01,US_CORE_CPI,Foreign_Equity,5.89426674,0.021761,36
2018-06-01,US_CORE_CPI,Foreign_Equity,5.6147448,0.020609,36
2018-07-01,US_CORE_CPI,Foreign_Equity,5.89543925,0.023251,36
2018-08-01,US_CORE_CPI,Foreign_Equity,3.82387546,0.010586,36
2018-09-01,US_CORE_CPI,Foreign_Equity,5.31685604,0.024444,36
2018-10-01,US_CORE_CPI,Foreign_Equity,3.64667316,0.010914,36
2018-11-01,US_CORE_CPI,Foreign_Equity,3.12443748,0.007863,36
2018-12-01,US_CORE_CPI,Foreign_Equity,-0.27927092,5.5e-05,36
2019-01-01,US_CORE_CPI,Foreign_Equity,0.44375511,0.000185,36
2019-02-01,US_CORE_CPI,Foreign_Equity,0.6834639,0.000392,36
2019-03-01,US_CORE_CPI,Foreign_Equity,0.92004269,0.000861,36
2019-04-01,US_CORE_CPI,Foreign_Equity,-0.2392023,5.6e-05,36
2019-05-01,US_CORE_CPI,Foreign_Equity,1.28972615,0.001592,36
2019-06-01,US_CORE_CPI,Foreign_Equity,1.419724,0.001937,36
2019-07-01,US_CORE_CPI,Foreign_Equity,2.48000827,0.005854,36
2019-08-01,US_CORE_CPI,Foreign_Equity,0.64191977,0.000346,36
2019-09-01,US_CORE_CPI,Foreign_Equity,1.00896662,0.000841,36
2019-10-01,US_CORE_CPI,Foreign_Equity,0.22217721,4.1e-05,36
2019-11-01,US_CORE_CPI,Foreign_Equity,1.09532865,0.000961,36
2019-12-01,US_CORE_CPI,Foreign_Equity,1.08349687,0.000983,36
2020-01-01,US_CORE_CPI,Foreign_Equity,1.53034481,0.002014,36
2020-02-01,US_CORE_CPI,Foreign_Equity,0.34736685,0.000104,36
2020-03-01,US_CORE_CPI,Foreign_Equity,29.42888716,0.280257,36
2020-04-01,US_CORE_CPI,Foreign_Equity,8.76842223,0.071532,36
2020-05-01,US_CORE_CPI,Foreign_Equity,6.53608244,0.043357,36
2020-06-01,US_CORE_CPI,Foreign_Equity,6.71686884,0.042922,36
2020-07-01,US_CORE_CPI,Foreign_Equity,6.18964745,0.045087,36
2020-08-01,US_CORE_CPI,Foreign_Equity,6.97155653,0.058529,36
2020-09-01,US_CORE_CPI,Foreign_Equity,7.0658825,0.059974,36
2020-10-01,US_CORE_CPI,Foreign_Equity,6.8504368,0.055915,36
2020-11-01,US_CORE_CPI,Foreign_Equity,7.27712936,0.061167,36
2020-12-01,US_CORE_CPI,Foreign_Equity,7.00620861,0.055637,36
2021-01-01,US_CORE_CPI,Foreign_Equity,5.89876743,0.03949,36
2021-02-01,US_CORE_CPI,Foreign_Equity,6.0678909,0.042502,36
2021-03-01,US_CORE_CPI,Foreign_Equity,6.27000905,0.045684,36
2021-04-01,US_CORE_CPI,Foreign_Equity,5.71520638,0.05433,36
2021-05-01,US_CORE_CPI,Foreign_Equity,5.29141628,0.054293,36
2021-06-01,US_CORE_CPI,Foreign_Equity,4.38976854,0.045534,36
2021-07-01,US_CORE_CPI,Foreign_Equity,4.27346655,0.043344,36
2021-08-01,US_CORE_CPI,Foreign_Equity,4.33129008,0.04426,36
2021-09-01,US_CORE_CPI,Foreign_Equity,4.302728,0.043505,36
2021-10-01,US_CORE_CPI,Foreign_Equity,3.86726149,0.040502,36
2021-11-01,US_CORE_CPI,Foreign_Equity,3.74822351,0.040857,36
2021-12-01,US_CORE_CPI,Foreign_Equity,3.07617685,0.030839,36
2022-01-01,US_CORE_CPI,Foreign_Equity,2.89192578,0.028252,36
2022-02-01,US_CORE_CPI,Foreign_Equity,2.73603756,0.026278,36
2022-03-01,US_CORE_CPI,Foreign_Equity,2.76118674,0.026383,36
2022-04-01,US_CORE_CPI,Foreign_Equity,2.76083302,0.02682,36
2022-05-01,US_CORE_CPI,Foreign_Equity,1.90602605,0.012219,36
2022-06-01,US_CORE_CPI,Foreign_Equity,1.31243689,0.005969,36
2022-07-01,US_CORE_CPI,Foreign_Equity,1.37950536,0.006574,36
2022-08-01,US_CORE_CPI,Foreign_Equity,1.47598329,0.007613,36
2022-09-01,US_CORE_CPI,Foreign_Equity,0.9776882,0.003218,36
2022-10-01,US_CORE_CPI,Foreign_Equity,0.89552328,0.002667,36
2022-11-01,US_CORE_CPI,Foreign_Equity,0.96475987,0.002932,36
2022-12-01,US_CORE_CPI,Foreign_Equity,1.07780618,0.003632,36
2023-01-01,US_CORE_CPI,Foreign_Equity,1.17845165,0.004322,36
2023-02-01,US_CORE_CPI,Foreign_Equity,1.10400304,0.003821,36
2023-03-01,US_CORE_CPI,Foreign_Equity,-3.16790483,0.065629,36
2023-04-01,US_CORE_CPI,Foreign_Equity,-4.33598033,0.084427,36
2023-05-01,US_CORE_CPI,Foreign_Equity,-4.06047092,0.061942,36
2023-06-01,US_CORE_CPI,Foreign_Equity,-3.23641628,0.042888,36
2023-07-01,US_CORE_CPI,Foreign_Equity,-3.69046251,0.055249,36
2023-08-01,US_CORE_CPI,Foreign_Equity,-3.35622439,0.049021,36
2023-09-01,US_CORE_CPI,Foreign_Equity,-3.53155998,0.052762,36
2023-10-01,US_CORE_CPI,Foreign_Equity,-3.14443207,0.037747,36
2023-11-01,US_CORE_CPI,Foreign_Equity,-2.81394887,0.031512,36
2023-12-01,US_CORE_CPI,Foreign_Equity,-2.57401032,0.024876,36
2024-01-01,US_CORE_CPI,Foreign_Equity,-2.03124477,0.013888,36
2024-02-01,US_CORE_CPI,Foreign_Equity,-1.70117697,0.009024,36
2024-03-01,US_CORE_CPI,Foreign_Equity,-1.62921059,0.007836,36
2024-04-01,US_CORE_CPI,Foreign_Equity,-3.01260419,0.024098,36
2024-05-01,US_CORE_CPI,Foreign_Equity,-3.82696884,0.039452,36
2024-06-01,US_CORE_CPI,Foreign_Equity,-4.28237115,0.045481,36
2024-07-01,US_CORE_CPI,Foreign_Equity,-4.51275954,0.052557,36
2024-08-01,US_CORE_CPI,Foreign_Equity,-4.66272849,0.053018,36
2024-09-01,US_CORE_CPI,Foreign_Equity,-5.17304438,0.063397,36
2024-10-01,US_CORE_CPI,Foreign_Equity,-6.34619583,0.082971,36
2024-11-01,US_CORE_CPI,Foreign_Equity,-7.5667234,0.109043,36
2024-12-01,US_CORE_CPI,Foreign_Equity,-6.70410896,0.080058,36
2025-01-01,US_CORE_CPI,Foreign_Equity,-7.21813185,0.087307,36
2025-02-01,US_CORE_CPI,Foreign_Equity,-7.12306145,0.081277,36
2025-03-01,US_CORE_CPI,Foreign_Equity,-5.0424707,0.044463,36
2025-04-01,US_CORE_CPI,Foreign_Equity,-4.41192688,0.030293,36
2025-05-01,US_CORE_CPI,Foreign_Equity,-3.86788046,0.02367,36
2025-06-01,US_CORE_CPI,Foreign_Equity,-1.96440969,0.004909,36
2025-07-01,US_CORE_CPI,Foreign_Equity,-1.63141058,0.00339,36
2025-08-01,US_CORE_CPI,Foreign_Equity,-3.60052785,0.015861,36
2025-09-01,US_CORE_CPI,Foreign_Equity,1.18722636,0.001668,36
2025-10-01,US_CORE_CPI,Foreign_Equity,2.38463397,0.006785,35
2025-11-01,US_CORE_CPI,Foreign_Equity,1.85070616,0.004807,34
2025-12-01,US_CORE_CPI,Foreign_Equity,1.74743663,0.004207,34
2026-01-01,US_CORE_CPI,Foreign_Equity,1.28002142,0.002115,34
2026-02-01,US_CORE_CPI,Foreign_Equity,1.41277713,0.002179,34
2026-03-01,US_CORE_CPI,Foreign_Equity,4.45497754,0.022133,34
2026-04-01,US_CORE_CPI,Foreign_Equity,4.08062711,0.016994,34
2026-05-01,US_CORE_CPI,Foreign_Equity,5.64589619,0.032608,34
2026-06-01,US_CORE_CPI,Foreign_Equity,3.91779387,0.020573,34
2026-07-01,US_CORE_CPI,Foreign_Equity,4.24163113,0.024482,33
2013-12-01,US_CORE_CPI,Bond,-1.39609122,0.007399,35
2014-01-01,US_CORE_CPI,Bond,-1.2280782,0.006033,36
2014-02-01,US_CORE_CPI,Bond,-1.38929283,0.007947,36
2014-03-01,US_CORE_CPI,Bond,-0.84816061,0.003135,36
2014-04-01,US_CORE_CPI,Bond,-0.85582764,0.003173,36
2014-05-01,US_CORE_CPI,Bond,-0.93858721,0.003817,36
2014-06-01,US_CORE_CPI,Bond,-1.48885109,0.009201,36
2014-07-01,US_CORE_CPI,Bond,-1.60767724,0.009619,36
2014-08-01,US_CORE_CPI,Bond,-3.92448998,0.053859,36
2014-09-01,US_CORE_CPI,Bond,-3.43452327,0.04287,36
2014-10-01,US_CORE_CPI,Bond,-2.9764909,0.03083,36
2014-11-01,US_CORE_CPI,Bond,-3.10426862,0.033925,36
2014-12-01,US_CORE_CPI,Bond,-2.62233505,0.025153,36
2015-01-01,US_CORE_CPI,Bond,-3.34470193,0.037382,36
2015-02-01,US_CORE_CPI,Bond,-3.7918722,0.045121,36
2015-03-01,US_CORE_CPI,Bond,-2.79823211,0.027914,36
2015-04-01,US_CORE_CPI,Bond,-2.35362404,0.021538,36
2015-05-01,US_CORE_CPI,Bond,-2.17149448,0.015584,36
2015-06-01,US_CORE_CPI,Bond,-2.35931087,0.018468,36
2015-07-01,US_CORE_CPI,Bond,-2.41021134,0.022689,36
2015-08-01,US_CORE_CPI,Bond,-2.29886201,0.021546,36
2015-09-01,US_CORE_CPI,Bond,-2.09469385,0.018148,36
2015-10-01,US_CORE_CPI,Bond,-1.90010608,0.014999,36
2015-11-01,US_CORE_CPI,Bond,-2.41848781,0.023375,36
2015-12-01,US_CORE_CPI,Bond,-2.28080442,0.02157,36
2016-01-01,US_CORE_CPI,Bond,-2.47989867,0.024068,36
2016-02-01,US_CORE_CPI,Bond,-1.66983121,0.011183,36
2016-03-01,US_CORE_CPI,Bond,-1.45112638,0.008273,36
2016-04-01,US_CORE_CPI,Bond,-1.20719922,0.005258,36
2016-05-01,US_CORE_CPI,Bond,-1.86957504,0.012409,36
2016-06-01,US_CORE_CPI,Bond,-2.22874968,0.023705,36
2016-07-01,US_CORE_CPI,Bond,-1.8544654,0.016661,36
2016-08-01,US_CORE_CPI,Bond,-1.82033278,0.017861,36
2016-09-01,US_CORE_CPI,Bond,-1.87102163,0.017856,36
2016-10-01,US_CORE_CPI,Bond,-1.28864017,0.007893,36
2016-11-01,US_CORE_CPI,Bond,-0.26847849,0.000268,36
2016-12-01,US_CORE_CPI,Bond,-0.43817774,0.000665,36
2017-01-01,US_CORE_CPI,Bond,-0.54624281,0.001,36
2017-02-01,US_CORE_CPI,Bond,-0.34870064,0.000393,36
2017-03-01,US_CORE_CPI,Bond,0.70305891,0.002219,36
2017-04-01,US_CORE_CPI,Bond,0.71420788,0.002324,36
2017-05-01,US_CORE_CPI,Bond,0.90897076,0.003934,36
2017-06-01,US_CORE_CPI,Bond,0.94893958,0.004333,36
2017-07-01,US_CORE_CPI,Bond,1.31162871,0.008942,36
2017-08-01,US_CORE_CPI,Bond,1.0407146,0.005561,36
2017-09-01,US_CORE_CPI,Bond,1.06145187,0.005927,36
2017-10-01,US_CORE_CPI,Bond,-0.03384439,7e-06,36
2017-11-01,US_CORE_CPI,Bond,0.29557233,0.000528,36
2017-12-01,US_CORE_CPI,Bond,0.51813355,0.001496,36
2018-01-01,US_CORE_CPI,Bond,0.27168265,0.00052,36
2018-02-01,US_CORE_CPI,Bond,0.22253425,0.000344,36
2018-03-01,US_CORE_CPI,Bond,0.14588032,0.000145,36
2018-04-01,US_CORE_CPI,Bond,-0.26854226,0.000484,36
2018-05-01,US_CORE_CPI,Bond,-0.71857787,0.003999,36
2018-06-01,US_CORE_CPI,Bond,-0.99496291,0.007747,36
2018-07-01,US_CORE_CPI,Bond,-1.25772024,0.012202,36
2018-08-01,US_CORE_CPI,Bond,-1.21337935,0.011943,36
2018-09-01,US_CORE_CPI,Bond,-1.26079935,0.012511,36
2018-10-01,US_CORE_CPI,Bond,-1.3643467,0.015269,36
2018-11-01,US_CORE_CPI,Bond,-1.03874861,0.009022,36
2018-12-01,US_CORE_CPI,Bond,-0.36591674,0.001062,36
2019-01-01,US_CORE_CPI,Bond,-0.33271578,0.000966,36
2019-02-01,US_CORE_CPI,Bond,-0.70329084,0.004567,36
2019-03-01,US_CORE_CPI,Bond,-0.74042367,0.005075,36
2019-04-01,US_CORE_CPI,Bond,-0.9222282,0.007487,36
2019-05-01,US_CORE_CPI,Bond,-1.13249642,0.011349,36
2019-06-01,US_CORE_CPI,Bond,-0.8679451,0.006527,36
2019-07-01,US_CORE_CPI,Bond,-0.35621296,0.001162,36
2019-08-01,US_CORE_CPI,Bond,0.21809258,0.000388,36
2019-09-01,US_CORE_CPI,Bond,0.05381714,2.3e-05,36
2019-10-01,US_CORE_CPI,Bond,-0.41443104,0.001313,36
2019-11-01,US_CORE_CPI,Bond,-1.20001622,0.013493,36
2019-12-01,US_CORE_CPI,Bond,-1.17041416,0.013834,36
2020-01-01,US_CORE_CPI,Bond,-1.25584932,0.01648,36
2020-02-01,US_CORE_CPI,Bond,-0.92682136,0.009074,36
2020-03-01,US_CORE_CPI,Bond,-1.34692626,0.024488,36
2020-04-01,US_CORE_CPI,Bond,-0.17123905,0.001136,36
2020-05-01,US_CORE_CPI,Bond,-0.39699861,0.006827,36
2020-06-01,US_CORE_CPI,Bond,-0.38555325,0.006494,36
2020-07-01,US_CORE_CPI,Bond,-0.35829291,0.007133,36
2020-08-01,US_CORE_CPI,Bond,-0.38873364,0.008841,36
2020-09-01,US_CORE_CPI,Bond,-0.4173364,0.009614,36
2020-10-01,US_CORE_CPI,Bond,-0.27748478,0.004526,36
2020-11-01,US_CORE_CPI,Bond,-0.38424954,0.008565,36
2020-12-01,US_CORE_CPI,Bond,-0.37428838,0.008018,36
2021-01-01,US_CORE_CPI,Bond,-0.10692643,0.000682,36
2021-02-01,US_CORE_CPI,Bond,-0.05799076,0.000203,36
2021-03-01,US_CORE_CPI,Bond,-0.19927557,0.002177,36
2021-04-01,US_CORE_CPI,Bond,-0.17804843,0.002519,36
2021-05-01,US_CORE_CPI,Bond,-0.33605099,0.010499,36
2021-06-01,US_CORE_CPI,Bond,-0.21409298,0.005297,36
2021-07-01,US_CORE_CPI,Bond,-0.12854585,0.00191,36
2021-08-01,US_CORE_CPI,Bond,-0.107348,0.001335,36
2021-09-01,US_CORE_CPI,Bond,-0.10807349,0.001332,36
2021-10-01,US_CORE_CPI,Bond,-0.5494993,0.030991,36
2021-11-01,US_CORE_CPI,Bond,-0.44534316,0.02234,36
2021-12-01,US_CORE_CPI,Bond,-0.24413078,0.007382,36
2022-01-01,US_CORE_CPI,Bond,-0.43961045,0.021466,36
2022-02-01,US_CORE_CPI,Bond,-0.5285804,0.030322,36
2022-03-01,US_CORE_CPI,Bond,-0.51309873,0.028377,36
2022-04-01,US_CORE_CPI,Bond,-0.68198266,0.041638,36
2022-05-01,US_CORE_CPI,Bond,-0.63927965,0.037232,36
2022-06-01,US_CORE_CPI,Bond,-0.77648857,0.056922,36
2022-07-01,US_CORE_CPI,Bond,-0.70563045,0.039487,36
2022-08-01,US_CORE_CPI,Bond,-0.61930403,0.033746,36
2022-09-01,US_CORE_CPI,Bond,-0.9024738,0.057263,36
2022-10-01,US_CORE_CPI,Bond,-0.96346009,0.06131,36
2022-11-01,US_CORE_CPI,Bond,-1.03112265,0.060056,36
2022-12-01,US_CORE_CPI,Bond,-0.9764926,0.046873,36
2023-01-01,US_CORE_CPI,Bond,-0.94192837,0.042504,36
2023-02-01,US_CORE_CPI,Bond,-0.8934153,0.03892,36
2023-03-01,US_CORE_CPI,Bond,-0.8685422,0.033714,36
2023-04-01,US_CORE_CPI,Bond,-1.1439573,0.039537,36
2023-05-01,US_CORE_CPI,Bond,-1.03233991,0.027323,36
2023-06-01,US_CORE_CPI,Bond,-0.8879403,0.019665,36
2023-07-01,US_CORE_CPI,Bond,-0.94395757,0.022482,36
2023-08-01,US_CORE_CPI,Bond,-0.83608247,0.018031,36
2023-09-01,US_CORE_CPI,Bond,-0.92312264,0.021527,36
2023-10-01,US_CORE_CPI,Bond,-0.79709481,0.014891,36
2023-11-01,US_CORE_CPI,Bond,-1.06088942,0.023007,36
2023-12-01,US_CORE_CPI,Bond,-1.51808047,0.039011,36
2024-01-01,US_CORE_CPI,Bond,-1.81451463,0.048809,36
2024-02-01,US_CORE_CPI,Bond,-2.06892942,0.059573,36
2024-03-01,US_CORE_CPI,Bond,-2.33116951,0.074171,36
2024-04-01,US_CORE_CPI,Bond,-2.58467656,0.07934,36
2024-05-01,US_CORE_CPI,Bond,-2.60502999,0.081193,36
2024-06-01,US_CORE_CPI,Bond,-3.45931564,0.128714,36
2024-07-01,US_CORE_CPI,Bond,-3.5560831,0.141502,36
2024-08-01,US_CORE_CPI,Bond,-3.78716372,0.14946,36
2024-09-01,US_CORE_CPI,Bond,-3.98259011,0.164642,36
2024-10-01,US_CORE_CPI,Bond,-3.62516988,0.125508,36
2024-11-01,US_CORE_CPI,Bond,-4.10050522,0.147663,36
2024-12-01,US_CORE_CPI,Bond,-5.24366936,0.221837,36
2025-01-01,US_CORE_CPI,Bond,-4.9526428,0.194932,36
2025-02-01,US_CORE_CPI,Bond,-4.77606103,0.176366,36
2025-03-01,US_CORE_CPI,Bond,-4.40329575,0.168567,36
2025-04-01,US_CORE_CPI,Bond,-3.88791115,0.139841,36
2025-05-01,US_CORE_CPI,Bond,-3.60044253,0.118072,36
2025-06-01,US_CORE_CPI,Bond,-2.71316072,0.055216,36
2025-07-01,US_CORE_CPI,Bond,-2.9569909,0.069543,36
2025-08-01,US_CORE_CPI,Bond,-3.11728364,0.071074,36
2025-09-01,US_CORE_CPI,Bond,-0.79994275,0.00496,36
2025-10-01,US_CORE_CPI,Bond,-0.04732033,1.9e-05,35
2025-11-01,US_CORE_CPI,Bond,-0.21082031,0.000422,34
2025-12-01,US_CORE_CPI,Bond,-0.59097595,0.003692,34
2026-01-01,US_CORE_CPI,Bond,-0.99576717,0.009856,34
2026-02-01,US_CORE_CPI,Bond,-0.77886282,0.005066,34
2026-03-01,US_CORE_CPI,Bond,-0.59930708,0.002947,34
2026-04-01,US_CORE_CPI,Bond,-1.29704251,0.012787,34
2026-05-01,US_CORE_CPI,Bond,-0.71305683,0.003336,34
2026-06-01,US_CORE_CPI,Bond,-0.20928253,0.000388,34
2026-07-01,US_CORE_CPI,Bond,-0.26211476,0.000607,33
2013-12-01,US_CORE_CPI,Gold,3.54676549,0.002377,35
2014-01-01,US_CORE_CPI,Gold,6.21201747,0.007457,36
2014-02-01,US_CORE_CPI,Gold,5.27416447,0.005537,36
2014-03-01,US_CORE_CPI,Gold,6.92878081,0.009085,36
2014-04-01,US_CORE_CPI,Gold,9.04813607,0.015626,36
2014-05-01,US_CORE_CPI,Gold,6.86252089,0.009105,36
2014-06-01,US_CORE_CPI,Gold,6.44865593,0.007607,36
2014-07-01,US_CORE_CPI,Gold,5.18334313,0.004366,36
2014-08-01,US_CORE_CPI,Gold,1.4727624,0.00031,36
2014-09-01,US_CORE_CPI,Gold,6.69448012,0.008277,36
2014-10-01,US_CORE_CPI,Gold,5.62751655,0.005715,36
2014-11-01,US_CORE_CPI,Gold,8.46240916,0.013304,36
2014-12-01,US_CORE_CPI,Gold,-1.57230354,0.000487,36
2015-01-01,US_CORE_CPI,Gold,0.79558648,0.000128,36
2015-02-01,US_CORE_CPI,Gold,2.84100505,0.001461,36
2015-03-01,US_CORE_CPI,Gold,-4.85597295,0.004846,36
2015-04-01,US_CORE_CPI,Gold,-1.55368842,0.000551,36
2015-05-01,US_CORE_CPI,Gold,-1.56231532,0.000557,36
2015-06-01,US_CORE_CPI,Gold,-0.72097864,0.00012,36
2015-07-01,US_CORE_CPI,Gold,-1.08465781,0.000283,36
2015-08-01,US_CORE_CPI,Gold,1.7165499,0.00066,36
2015-09-01,US_CORE_CPI,Gold,3.27868208,0.00238,36
2015-10-01,US_CORE_CPI,Gold,3.26600855,0.002782,36
2015-11-01,US_CORE_CPI,Gold,2.72938313,0.001967,36
2015-12-01,US_CORE_CPI,Gold,3.56345658,0.003271,36
2016-01-01,US_CORE_CPI,Gold,4.95643238,0.005851,36
2016-02-01,US_CORE_CPI,Gold,8.60480043,0.017463,36
2016-03-01,US_CORE_CPI,Gold,9.19760947,0.015794,36
2016-04-01,US_CORE_CPI,Gold,7.20120048,0.008898,36
2016-05-01,US_CORE_CPI,Gold,5.59863395,0.005345,36
2016-06-01,US_CORE_CPI,Gold,5.05228841,0.004318,36
2016-07-01,US_CORE_CPI,Gold,3.05227106,0.001296,36
2016-08-01,US_CORE_CPI,Gold,4.02877475,0.002445,36
2016-09-01,US_CORE_CPI,Gold,4.29988496,0.002874,36
2016-10-01,US_CORE_CPI,Gold,6.55569004,0.006228,36
2016-11-01,US_CORE_CPI,Gold,6.72578278,0.0066,36
2016-12-01,US_CORE_CPI,Gold,5.52051696,0.003934,36
2017-01-01,US_CORE_CPI,Gold,1.90702595,0.000465,36
2017-02-01,US_CORE_CPI,Gold,5.50048626,0.00368,36
2017-03-01,US_CORE_CPI,Gold,-1.24162355,0.000268,36
2017-04-01,US_CORE_CPI,Gold,-2.17341648,0.00084,36
2017-05-01,US_CORE_CPI,Gold,-1.02456574,0.000196,36
2017-06-01,US_CORE_CPI,Gold,-2.61919234,0.001305,36
2017-07-01,US_CORE_CPI,Gold,-0.08729463,2e-06,36
2017-08-01,US_CORE_CPI,Gold,0.78896011,0.000121,36
2017-09-01,US_CORE_CPI,Gold,-1.3456717,0.000346,36
2017-10-01,US_CORE_CPI,Gold,-5.51047825,0.00636,36
2017-11-01,US_CORE_CPI,Gold,-7.15115442,0.011064,36
2017-12-01,US_CORE_CPI,Gold,-5.33080985,0.005797,36
2018-01-01,US_CORE_CPI,Gold,-0.06861054,1e-06,36
2018-02-01,US_CORE_CPI,Gold,0.50967904,6.2e-05,36
2018-03-01,US_CORE_CPI,Gold,2.63737928,0.001685,36
2018-04-01,US_CORE_CPI,Gold,2.52021844,0.001496,36
2018-05-01,US_CORE_CPI,Gold,1.744733,0.000716,36
2018-06-01,US_CORE_CPI,Gold,2.23364665,0.001209,36
2018-07-01,US_CORE_CPI,Gold,3.78921304,0.003458,36
2018-08-01,US_CORE_CPI,Gold,2.6586309,0.001868,36
2018-09-01,US_CORE_CPI,Gold,1.61588496,0.000695,36
2018-10-01,US_CORE_CPI,Gold,1.4914716,0.000599,36
2018-11-01,US_CORE_CPI,Gold,2.36677714,0.001526,36
2018-12-01,US_CORE_CPI,Gold,1.29868183,0.000487,36
2019-01-01,US_CORE_CPI,Gold,2.89051287,0.002537,36
2019-02-01,US_CORE_CPI,Gold,1.6216733,0.000801,36
2019-03-01,US_CORE_CPI,Gold,2.30408417,0.001888,36
2019-04-01,US_CORE_CPI,Gold,3.19246586,0.003477,36
2019-05-01,US_CORE_CPI,Gold,1.79147133,0.00115,36
2019-06-01,US_CORE_CPI,Gold,2.45182805,0.002246,36
2019-07-01,US_CORE_CPI,Gold,6.81982346,0.0221,36
2019-08-01,US_CORE_CPI,Gold,9.16899501,0.035934,36
2019-09-01,US_CORE_CPI,Gold,9.56536629,0.038651,36
2019-10-01,US_CORE_CPI,Gold,7.12754396,0.022653,36
2019-11-01,US_CORE_CPI,Gold,7.0809569,0.022476,36
2019-12-01,US_CORE_CPI,Gold,7.18411782,0.031555,36
2020-01-01,US_CORE_CPI,Gold,8.7948394,0.047285,36
2020-02-01,US_CORE_CPI,Gold,8.67305424,0.047819,36
2020-03-01,US_CORE_CPI,Gold,3.56705045,0.009834,36
2020-04-01,US_CORE_CPI,Gold,3.96675859,0.034195,36
2020-05-01,US_CORE_CPI,Gold,1.532169,0.005284,36
2020-06-01,US_CORE_CPI,Gold,1.59362567,0.005774,36
2020-07-01,US_CORE_CPI,Gold,2.10152496,0.013451,36
2020-08-01,US_CORE_CPI,Gold,4.7636641,0.048178,36
2020-09-01,US_CORE_CPI,Gold,4.98980376,0.052913,36
2020-10-01,US_CORE_CPI,Gold,5.95938695,0.079797,36
2020-11-01,US_CORE_CPI,Gold,5.82212499,0.076551,36
2020-12-01,US_CORE_CPI,Gold,6.15749698,0.07861,36
2021-01-01,US_CORE_CPI,Gold,4.87560622,0.047529,36
2021-02-01,US_CORE_CPI,Gold,4.96645487,0.045703,36
2021-03-01,US_CORE_CPI,Gold,4.35531442,0.032311,36
2021-04-01,US_CORE_CPI,Gold,3.35782078,0.027699,36
2021-05-01,US_CORE_CPI,Gold,3.77483852,0.040822,36
2021-06-01,US_CORE_CPI,Gold,4.10947191,0.058009,36
2021-07-01,US_CORE_CPI,Gold,3.43781042,0.039982,36
2021-08-01,US_CORE_CPI,Gold,3.22858593,0.035896,36
2021-09-01,US_CORE_CPI,Gold,3.16202001,0.034938,36
2021-10-01,US_CORE_CPI,Gold,1.89782375,0.013689,36
2021-11-01,US_CORE_CPI,Gold,1.88135611,0.014363,36
2021-12-01,US_CORE_CPI,Gold,1.55159567,0.010336,36
2022-01-01,US_CORE_CPI,Gold,1.50253722,0.010135,36
2022-02-01,US_CORE_CPI,Gold,1.41599781,0.009215,36
2022-03-01,US_CORE_CPI,Gold,1.27512504,0.007087,36
2022-04-01,US_CORE_CPI,Gold,1.13318832,0.005682,36
2022-05-01,US_CORE_CPI,Gold,0.57684777,0.001446,36
2022-06-01,US_CORE_CPI,Gold,0.33921724,0.000527,36
2022-07-01,US_CORE_CPI,Gold,0.42226654,0.000786,36
2022-08-01,US_CORE_CPI,Gold,0.62941678,0.001854,36
2022-09-01,US_CORE_CPI,Gold,0.40225591,0.000756,36
2022-10-01,US_CORE_CPI,Gold,0.26170858,0.000323,36
2022-11-01,US_CORE_CPI,Gold,0.26854373,0.000332,36
2022-12-01,US_CORE_CPI,Gold,0.20492473,0.000175,36
2023-01-01,US_CORE_CPI,Gold,0.3837604,0.000614,36
2023-02-01,US_CORE_CPI,Gold,0.60846612,0.001532,36
2023-03-01,US_CORE_CPI,Gold,1.54238039,0.008906,36
2023-04-01,US_CORE_CPI,Gold,1.32515534,0.004094,36
2023-05-01,US_CORE_CPI,Gold,3.48238775,0.024522,36
2023-06-01,US_CORE_CPI,Gold,3.95538239,0.030758,36
2023-07-01,US_CORE_CPI,Gold,3.92356017,0.030613,36
2023-08-01,US_CORE_CPI,Gold,3.73762333,0.038261,36
2023-09-01,US_CORE_CPI,Gold,3.45504495,0.032388,36
2023-10-01,US_CORE_CPI,Gold,3.53101089,0.031263,36
2023-11-01,US_CORE_CPI,Gold,2.92714384,0.018593,36
2023-12-01,US_CORE_CPI,Gold,1.71204011,0.006405,36
2024-01-01,US_CORE_CPI,Gold,3.80976427,0.029393,36
2024-02-01,US_CORE_CPI,Gold,2.76814665,0.015215,36
2024-03-01,US_CORE_CPI,Gold,1.53807475,0.004708,36
2024-04-01,US_CORE_CPI,Gold,0.47235835,0.000367,36
2024-05-01,US_CORE_CPI,Gold,-0.46403976,0.000363,36
2024-06-01,US_CORE_CPI,Gold,-2.62959545,0.011053,36
2024-07-01,US_CORE_CPI,Gold,-2.50527334,0.011084,36
2024-08-01,US_CORE_CPI,Gold,-3.23504931,0.01737,36
2024-09-01,US_CORE_CPI,Gold,-3.60176438,0.020922,36
2024-10-01,US_CORE_CPI,Gold,-2.75791071,0.010532,36
2024-11-01,US_CORE_CPI,Gold,-3.25966756,0.013538,36
2024-12-01,US_CORE_CPI,Gold,-1.89445393,0.004182,36
2025-01-01,US_CORE_CPI,Gold,-2.08177076,0.004756,36
2025-02-01,US_CORE_CPI,Gold,-3.04458967,0.008536,36
2025-03-01,US_CORE_CPI,Gold,-3.0744658,0.010169,36
2025-04-01,US_CORE_CPI,Gold,-3.94605819,0.014877,36
2025-05-01,US_CORE_CPI,Gold,-3.18310618,0.009741,36
2025-06-01,US_CORE_CPI,Gold,-1.46289719,0.001615,36
2025-07-01,US_CORE_CPI,Gold,-0.75117674,0.00045,36
2025-08-01,US_CORE_CPI,Gold,-0.34394481,8.7e-05,36
2025-09-01,US_CORE_CPI,Gold,3.16288507,0.006166,36
2025-10-01,US_CORE_CPI,Gold,4.22569521,0.010785,35
2025-11-01,US_CORE_CPI,Gold,4.67720281,0.0139,34
2025-12-01,US_CORE_CPI,Gold,3.30396951,0.007318,34
2026-01-01,US_CORE_CPI,Gold,3.33156188,0.00661,34
2026-02-01,US_CORE_CPI,Gold,2.30622682,0.002676,34
2026-03-01,US_CORE_CPI,Gold,5.2544052,0.014749,34
2026-04-01,US_CORE_CPI,Gold,-2.54601287,0.003285,34
2026-05-01,US_CORE_CPI,Gold,-1.16271874,0.000654,34
2026-06-01,US_CORE_CPI,Gold,4.53006452,0.012332,34
2026-07-01,US_CORE_CPI,Gold,5.33329418,0.013295,34
2013-12-01,US_CORE_PCE,Domestic_Equity,-0.18799958,9e-06,35
2014-01-01,US_CORE_PCE,Domestic_Equity,0.33884286,2.8e-05,36
2014-02-01,US_CORE_PCE,Domestic_Equity,1.78568664,0.000858,36
2014-03-01,US_CORE_PCE,Domestic_Equity,1.92917436,0.001001,36
2014-04-01,US_CORE_PCE,Domestic_Equity,-3.47585216,0.00347,36
2014-05-01,US_CORE_PCE,Domestic_Equity,-2.66374376,0.001879,36
2014-06-01,US_CORE_PCE,Domestic_Equity,-3.23312121,0.002798,36
2014-07-01,US_CORE_PCE,Domestic_Equity,-3.15459147,0.002774,36
2014-08-01,US_CORE_PCE,Domestic_Equity,3.32914682,0.005767,36
2014-09-01,US_CORE_PCE,Domestic_Equity,0.96044739,0.000502,36
2014-10-01,US_CORE_PCE,Domestic_Equity,4.36738907,0.008839,36
2014-11-01,US_CORE_PCE,Domestic_Equity,2.91692862,0.003813,36
2014-12-01,US_CORE_PCE,Domestic_Equity,3.4980608,0.005555,36
2015-01-01,US_CORE_PCE,Domestic_Equity,2.3610978,0.002395,36
2015-02-01,US_CORE_PCE,Domestic_Equity,0.96316975,0.000452,36
2015-03-01,US_CORE_PCE,Domestic_Equity,1.38131112,0.000887,36
2015-04-01,US_CORE_PCE,Domestic_Equity,5.09619588,0.011424,36
2015-05-01,US_CORE_PCE,Domestic_Equity,4.18102931,0.008987,36
2015-06-01,US_CORE_PCE,Domestic_Equity,3.72368813,0.007037,36
2015-07-01,US_CORE_PCE,Domestic_Equity,3.6254167,0.006738,36
2015-08-01,US_CORE_PCE,Domestic_Equity,8.63619515,0.036909,36
2015-09-01,US_CORE_PCE,Domestic_Equity,8.29439742,0.034962,36
2015-10-01,US_CORE_PCE,Domestic_Equity,6.38612537,0.017272,36
2015-11-01,US_CORE_PCE,Domestic_Equity,6.28153143,0.017104,36
2015-12-01,US_CORE_PCE,Domestic_Equity,8.88416419,0.036321,36
2016-01-01,US_CORE_PCE,Domestic_Equity,5.89312137,0.014223,36
2016-02-01,US_CORE_PCE,Domestic_Equity,5.88589046,0.014798,36
2016-03-01,US_CORE_PCE,Domestic_Equity,7.29068366,0.021343,36
2016-04-01,US_CORE_PCE,Domestic_Equity,5.86274741,0.016113,36
2016-05-01,US_CORE_PCE,Domestic_Equity,5.10680069,0.012575,36
2016-06-01,US_CORE_PCE,Domestic_Equity,7.44700041,0.028869,36
2016-07-01,US_CORE_PCE,Domestic_Equity,7.74229376,0.03137,36
2016-08-01,US_CORE_PCE,Domestic_Equity,8.50732776,0.03876,36
2016-09-01,US_CORE_PCE,Domestic_Equity,8.68855572,0.045375,36
2016-10-01,US_CORE_PCE,Domestic_Equity,7.96754318,0.038207,36
2016-11-01,US_CORE_PCE,Domestic_Equity,10.03610011,0.060521,36
2016-12-01,US_CORE_PCE,Domestic_Equity,9.87152635,0.057482,36
2017-01-01,US_CORE_PCE,Domestic_Equity,10.25547807,0.075034,36
2017-02-01,US_CORE_PCE,Domestic_Equity,10.30458236,0.073763,36
2017-03-01,US_CORE_PCE,Domestic_Equity,5.83419709,0.028206,36
2017-04-01,US_CORE_PCE,Domestic_Equity,5.62983086,0.027367,36
2017-05-01,US_CORE_PCE,Domestic_Equity,4.22385538,0.012966,36
2017-06-01,US_CORE_PCE,Domestic_Equity,4.48643913,0.014013,36
2017-07-01,US_CORE_PCE,Domestic_Equity,3.85547337,0.010259,36
2017-08-01,US_CORE_PCE,Domestic_Equity,5.00532277,0.016356,36
2017-09-01,US_CORE_PCE,Domestic_Equity,5.1259916,0.017248,36
2017-10-01,US_CORE_PCE,Domestic_Equity,5.8813829,0.027274,36
2017-11-01,US_CORE_PCE,Domestic_Equity,4.66415775,0.017163,36
2017-12-01,US_CORE_PCE,Domestic_Equity,3.69381244,0.010191,36
2018-01-01,US_CORE_PCE,Domestic_Equity,3.30084357,0.008643,36
2018-02-01,US_CORE_PCE,Domestic_Equity,2.22461137,0.003743,36
2018-03-01,US_CORE_PCE,Domestic_Equity,1.96309098,0.003075,36
2018-04-01,US_CORE_PCE,Domestic_Equity,0.85278667,0.000628,36
2018-05-01,US_CORE_PCE,Domestic_Equity,0.8082271,0.000567,36
2018-06-01,US_CORE_PCE,Domestic_Equity,1.28794985,0.001457,36
2018-07-01,US_CORE_PCE,Domestic_Equity,1.39813694,0.001504,36
2018-08-01,US_CORE_PCE,Domestic_Equity,-0.05750262,3e-06,36
2018-09-01,US_CORE_PCE,Domestic_Equity,0.16355758,2.6e-05,36
2018-10-01,US_CORE_PCE,Domestic_Equity,1.82017787,0.002595,36
2018-11-01,US_CORE_PCE,Domestic_Equity,0.75740634,0.000423,36
2018-12-01,US_CORE_PCE,Domestic_Equity,-0.21627965,3.4e-05,36
2019-01-01,US_CORE_PCE,Domestic_Equity,0.29147631,6.5e-05,36
2019-02-01,US_CORE_PCE,Domestic_Equity,-1.19468689,0.001005,36
2019-03-01,US_CORE_PCE,Domestic_Equity,-0.46821445,0.00016,36
2019-04-01,US_CORE_PCE,Domestic_Equity,-0.30900308,6.6e-05,36
2019-05-01,US_CORE_PCE,Domestic_Equity,1.16893326,0.000856,36
2019-06-01,US_CORE_PCE,Domestic_Equity,1.25369477,0.000987,36
2019-07-01,US_CORE_PCE,Domestic_Equity,1.4373772,0.001301,36
2019-08-01,US_CORE_PCE,Domestic_Equity,2.05950748,0.00233,36
2019-09-01,US_CORE_PCE,Domestic_Equity,0.10106401,5e-06,36
2019-10-01,US_CORE_PCE,Domestic_Equity,0.1434501,1.1e-05,36
2019-11-01,US_CORE_PCE,Domestic_Equity,-2.67847878,0.003644,36
2019-12-01,US_CORE_PCE,Domestic_Equity,-1.99498524,0.002103,36
2020-01-01,US_CORE_PCE,Domestic_Equity,-3.03723272,0.004457,36
2020-02-01,US_CORE_PCE,Domestic_Equity,-3.81270819,0.007023,36
2020-03-01,US_CORE_PCE,Domestic_Equity,19.42209529,0.106641,36
2020-04-01,US_CORE_PCE,Domestic_Equity,4.05344591,0.009545,36
2020-05-01,US_CORE_PCE,Domestic_Equity,4.4898287,0.011731,36
2020-06-01,US_CORE_PCE,Domestic_Equity,5.11651136,0.013831,36
2020-07-01,US_CORE_PCE,Domestic_Equity,6.38362622,0.024013,36
2020-08-01,US_CORE_PCE,Domestic_Equity,8.38667456,0.040983,36
2020-09-01,US_CORE_PCE,Domestic_Equity,8.40972106,0.041195,36
2020-10-01,US_CORE_PCE,Domestic_Equity,7.78012784,0.035092,36
2020-11-01,US_CORE_PCE,Domestic_Equity,7.86569986,0.034094,36
2020-12-01,US_CORE_PCE,Domestic_Equity,10.59837391,0.057807,36
2021-01-01,US_CORE_PCE,Domestic_Equity,14.70474086,0.102159,36
2021-02-01,US_CORE_PCE,Domestic_Equity,14.99600894,0.108385,36
2021-03-01,US_CORE_PCE,Domestic_Equity,11.96281647,0.077405,36
2021-04-01,US_CORE_PCE,Domestic_Equity,11.07156129,0.087879,36
2021-05-01,US_CORE_PCE,Domestic_Equity,9.26399231,0.071277,36
2021-06-01,US_CORE_PCE,Domestic_Equity,8.77533602,0.070552,36
2021-07-01,US_CORE_PCE,Domestic_Equity,7.69526386,0.059389,36
2021-08-01,US_CORE_PCE,Domestic_Equity,7.14325704,0.049875,36
2021-09-01,US_CORE_PCE,Domestic_Equity,7.10363715,0.049071,36
2021-10-01,US_CORE_PCE,Domestic_Equity,4.54224654,0.022352,36
2021-11-01,US_CORE_PCE,Domestic_Equity,3.50772635,0.014916,36
2021-12-01,US_CORE_PCE,Domestic_Equity,2.98457923,0.012074,36
2022-01-01,US_CORE_PCE,Domestic_Equity,1.77144161,0.004325,36
2022-02-01,US_CORE_PCE,Domestic_Equity,1.40362308,0.002712,36
2022-03-01,US_CORE_PCE,Domestic_Equity,0.91215229,0.001149,36
2022-04-01,US_CORE_PCE,Domestic_Equity,0.94112992,0.001231,36
2022-05-01,US_CORE_PCE,Domestic_Equity,0.02589678,1e-06,36
2022-06-01,US_CORE_PCE,Domestic_Equity,-1.3154935,0.002513,36
2022-07-01,US_CORE_PCE,Domestic_Equity,-1.29815041,0.002335,36
2022-08-01,US_CORE_PCE,Domestic_Equity,-1.25841499,0.002344,36
2022-09-01,US_CORE_PCE,Domestic_Equity,-1.23156413,0.002157,36
2022-10-01,US_CORE_PCE,Domestic_Equity,-1.40151154,0.00268,36
2022-11-01,US_CORE_PCE,Domestic_Equity,-1.09920068,0.001492,36
2022-12-01,US_CORE_PCE,Domestic_Equity,-1.14870811,0.001607,36
2023-01-01,US_CORE_PCE,Domestic_Equity,-0.90583407,0.001005,36
2023-02-01,US_CORE_PCE,Domestic_Equity,-1.0638331,0.001363,36
2023-03-01,US_CORE_PCE,Domestic_Equity,-7.69028814,0.088556,36
2023-04-01,US_CORE_PCE,Domestic_Equity,-9.94795941,0.089485,36
2023-05-01,US_CORE_PCE,Domestic_Equity,-8.85613939,0.06661,36
2023-06-01,US_CORE_PCE,Domestic_Equity,-6.9181692,0.041962,36
2023-07-01,US_CORE_PCE,Domestic_Equity,-6.0683368,0.03524,36
2023-08-01,US_CORE_PCE,Domestic_Equity,-4.36002082,0.021052,36
2023-09-01,US_CORE_PCE,Domestic_Equity,-4.37867776,0.020064,36
2023-10-01,US_CORE_PCE,Domestic_Equity,-3.07548562,0.009046,36
2023-11-01,US_CORE_PCE,Domestic_Equity,-1.45528969,0.002096,36
2023-12-01,US_CORE_PCE,Domestic_Equity,-1.17891435,0.001662,36
2024-01-01,US_CORE_PCE,Domestic_Equity,-1.37816926,0.003116,36
2024-02-01,US_CORE_PCE,Domestic_Equity,-1.89432738,0.005494,36
2024-03-01,US_CORE_PCE,Domestic_Equity,-1.71296976,0.00443,36
2024-04-01,US_CORE_PCE,Domestic_Equity,-3.36402167,0.017052,36
2024-05-01,US_CORE_PCE,Domestic_Equity,-3.85736608,0.02436,36
2024-06-01,US_CORE_PCE,Domestic_Equity,-4.72119308,0.036894,36
2024-07-01,US_CORE_PCE,Domestic_Equity,-5.21075915,0.045077,36
2024-08-01,US_CORE_PCE,Domestic_Equity,-3.9389442,0.025135,36
2024-09-01,US_CORE_PCE,Domestic_Equity,-4.00135076,0.025433,36
2024-10-01,US_CORE_PCE,Domestic_Equity,-3.09469505,0.015267,36
2024-11-01,US_CORE_PCE,Domestic_Equity,-1.98505518,0.006166,36
2024-12-01,US_CORE_PCE,Domestic_Equity,-2.34525851,0.007784,36
2025-01-01,US_CORE_PCE,Domestic_Equity,-1.06141338,0.001517,36
2025-02-01,US_CORE_PCE,Domestic_Equity,0.84643354,0.000995,36
2025-03-01,US_CORE_PCE,Domestic_Equity,0.85488824,0.001063,36
2025-04-01,US_CORE_PCE,Domestic_Equity,1.46582368,0.003034,36
2025-05-01,US_CORE_PCE,Domestic_Equity,1.2624401,0.002122,36
2025-06-01,US_CORE_PCE,Domestic_Equity,4.48432804,0.018204,36
2025-07-01,US_CORE_PCE,Domestic_Equity,3.52775213,0.010864,36
2025-08-01,US_CORE_PCE,Domestic_Equity,1.41302326,0.0015,36
2025-09-01,US_CORE_PCE,Domestic_Equity,3.78842396,0.010539,36
2025-10-01,US_CORE_PCE,Domestic_Equity,4.77813391,0.014398,36
2025-11-01,US_CORE_PCE,Domestic_Equity,3.09653984,0.006309,36
2025-12-01,US_CORE_PCE,Domestic_Equity,4.31970883,0.012467,36
2026-01-01,US_CORE_PCE,Domestic_Equity,12.85926987,0.078354,36
2026-02-01,US_CORE_PCE,Domestic_Equity,17.41286149,0.11812,36
2026-03-01,US_CORE_PCE,Domestic_Equity,18.03677613,0.126428,36
2026-04-01,US_CORE_PCE,Domestic_Equity,18.30594936,0.1217,36
2026-05-01,US_CORE_PCE,Domestic_Equity,24.76910685,0.153872,36
2026-06-01,US_CORE_PCE,Domestic_Equity,22.24471218,0.122317,36
2026-07-01,US_CORE_PCE,Domestic_Equity,21.85224634,0.115728,35
2013-12-01,US_CORE_PCE,Foreign_Equity,1.64721859,0.000928,35
2014-01-01,US_CORE_PCE,Foreign_Equity,1.56702854,0.000847,36
2014-02-01,US_CORE_PCE,Foreign_Equity,1.64905957,0.001012,36
2014-03-01,US_CORE_PCE,Foreign_Equity,1.99687484,0.001485,36
2014-04-01,US_CORE_PCE,Foreign_Equity,0.84746942,0.000254,36
2014-05-01,US_CORE_PCE,Foreign_Equity,2.42543699,0.001918,36
2014-06-01,US_CORE_PCE,Foreign_Equity,1.14451355,0.000449,36
2014-07-01,US_CORE_PCE,Foreign_Equity,0.90232449,0.000285,36
2014-08-01,US_CORE_PCE,Foreign_Equity,10.11784711,0.071327,36
2014-09-01,US_CORE_PCE,Foreign_Equity,7.95303995,0.048177,36
2014-10-01,US_CORE_PCE,Foreign_Equity,11.45006682,0.079888,36
2014-11-01,US_CORE_PCE,Foreign_Equity,10.68832483,0.062785,36
2014-12-01,US_CORE_PCE,Foreign_Equity,11.62682151,0.074102,36
2015-01-01,US_CORE_PCE,Foreign_Equity,10.1802492,0.054882,36
2015-02-01,US_CORE_PCE,Foreign_Equity,9.30409067,0.04833,36
2015-03-01,US_CORE_PCE,Foreign_Equity,8.78147665,0.041875,36
2015-04-01,US_CORE_PCE,Foreign_Equity,9.80188961,0.055745,36
2015-05-01,US_CORE_PCE,Foreign_Equity,8.94392703,0.055189,36
2015-06-01,US_CORE_PCE,Foreign_Equity,8.43428818,0.050406,36
2015-07-01,US_CORE_PCE,Foreign_Equity,9.18769145,0.058843,36
2015-08-01,US_CORE_PCE,Foreign_Equity,12.16051601,0.094479,36
2015-09-01,US_CORE_PCE,Foreign_Equity,10.33981132,0.056708,36
2015-10-01,US_CORE_PCE,Foreign_Equity,8.91006813,0.036152,36
2015-11-01,US_CORE_PCE,Foreign_Equity,8.70292599,0.035726,36
2015-12-01,US_CORE_PCE,Foreign_Equity,11.20960389,0.058947,36
2016-01-01,US_CORE_PCE,Foreign_Equity,2.00008856,0.001518,36
2016-02-01,US_CORE_PCE,Foreign_Equity,1.08332457,0.000466,36
2016-03-01,US_CORE_PCE,Foreign_Equity,3.56114673,0.004261,36
2016-04-01,US_CORE_PCE,Foreign_Equity,6.45609872,0.015514,36
2016-05-01,US_CORE_PCE,Foreign_Equity,6.30371761,0.015863,36
2016-06-01,US_CORE_PCE,Foreign_Equity,7.84063864,0.024767,36
2016-07-01,US_CORE_PCE,Foreign_Equity,8.18040625,0.027176,36
2016-08-01,US_CORE_PCE,Foreign_Equity,8.33067438,0.028924,36
2016-09-01,US_CORE_PCE,Foreign_Equity,8.25874173,0.028394,36
2016-10-01,US_CORE_PCE,Foreign_Equity,7.42269702,0.022631,36
2016-11-01,US_CORE_PCE,Foreign_Equity,5.62620542,0.013821,36
2016-12-01,US_CORE_PCE,Foreign_Equity,5.55864853,0.012714,36
2017-01-01,US_CORE_PCE,Foreign_Equity,5.68307426,0.01599,36
2017-02-01,US_CORE_PCE,Foreign_Equity,5.8788239,0.016547,36
2017-03-01,US_CORE_PCE,Foreign_Equity,3.99849355,0.009511,36
2017-04-01,US_CORE_PCE,Foreign_Equity,3.25370405,0.006482,36
2017-05-01,US_CORE_PCE,Foreign_Equity,2.73947299,0.004588,36
2017-06-01,US_CORE_PCE,Foreign_Equity,2.94996132,0.005396,36
2017-07-01,US_CORE_PCE,Foreign_Equity,2.51625311,0.003898,36
2017-08-01,US_CORE_PCE,Foreign_Equity,1.78874185,0.001905,36
2017-09-01,US_CORE_PCE,Foreign_Equity,1.75817462,0.001825,36
2017-10-01,US_CORE_PCE,Foreign_Equity,2.16944347,0.003273,36
2017-11-01,US_CORE_PCE,Foreign_Equity,3.01099385,0.006922,36
2017-12-01,US_CORE_PCE,Foreign_Equity,2.94659085,0.006434,36
2018-01-01,US_CORE_PCE,Foreign_Equity,5.28646971,0.020798,36
2018-02-01,US_CORE_PCE,Foreign_Equity,4.14712096,0.012201,36
2018-03-01,US_CORE_PCE,Foreign_Equity,3.34513919,0.008168,36
2018-04-01,US_CORE_PCE,Foreign_Equity,2.82935483,0.005841,36
2018-05-01,US_CORE_PCE,Foreign_Equity,2.90715461,0.006196,36
2018-06-01,US_CORE_PCE,Foreign_Equity,2.73842731,0.005619,36
2018-07-01,US_CORE_PCE,Foreign_Equity,2.31905292,0.004051,36
2018-08-01,US_CORE_PCE,Foreign_Equity,0.45365692,0.000175,36
2018-09-01,US_CORE_PCE,Foreign_Equity,0.63729916,0.00042,36
2018-10-01,US_CORE_PCE,Foreign_Equity,2.07549812,0.00394,36
2018-11-01,US_CORE_PCE,Foreign_Equity,1.68404602,0.002543,36
2018-12-01,US_CORE_PCE,Foreign_Equity,-0.42584904,0.000136,36
2019-01-01,US_CORE_PCE,Foreign_Equity,0.53678142,0.00027,36
2019-02-01,US_CORE_PCE,Foreign_Equity,-0.65346182,0.000368,36
2019-03-01,US_CORE_PCE,Foreign_Equity,-0.66084018,0.000462,36
2019-04-01,US_CORE_PCE,Foreign_Equity,-1.40329765,0.00202,36
2019-05-01,US_CORE_PCE,Foreign_Equity,-0.72688441,0.000525,36
2019-06-01,US_CORE_PCE,Foreign_Equity,-0.53911292,0.000288,36
2019-07-01,US_CORE_PCE,Foreign_Equity,-0.90608592,0.000815,36
2019-08-01,US_CORE_PCE,Foreign_Equity,-0.31951844,9e-05,36
2019-09-01,US_CORE_PCE,Foreign_Equity,-1.24001312,0.00136,36
2019-10-01,US_CORE_PCE,Foreign_Equity,-1.39175016,0.001732,36
2019-11-01,US_CORE_PCE,Foreign_Equity,-2.67449454,0.006007,36
2019-12-01,US_CORE_PCE,Foreign_Equity,-1.5113073,0.00207,36
2020-01-01,US_CORE_PCE,Foreign_Equity,-1.75579858,0.002555,36
2020-02-01,US_CORE_PCE,Foreign_Equity,-2.75225089,0.006231,36
2020-03-01,US_CORE_PCE,Foreign_Equity,23.92190526,0.150631,36
2020-04-01,US_CORE_PCE,Foreign_Equity,9.81053839,0.0531,36
2020-05-01,US_CORE_PCE,Foreign_Equity,9.77061922,0.051481,36
2020-06-01,US_CORE_PCE,Foreign_Equity,10.27322243,0.053505,36
2020-07-01,US_CORE_PCE,Foreign_Equity,10.0435111,0.057378,36
2020-08-01,US_CORE_PCE,Foreign_Equity,11.04148231,0.071181,36
2020-09-01,US_CORE_PCE,Foreign_Equity,11.04869872,0.071362,36
2020-10-01,US_CORE_PCE,Foreign_Equity,10.63828428,0.065065,36
2020-11-01,US_CORE_PCE,Foreign_Equity,10.25118345,0.057598,36
2020-12-01,US_CORE_PCE,Foreign_Equity,11.13589135,0.069518,36
2021-01-01,US_CORE_PCE,Foreign_Equity,10.51854759,0.06493,36
2021-02-01,US_CORE_PCE,Foreign_Equity,11.17625534,0.074986,36
2021-03-01,US_CORE_PCE,Foreign_Equity,10.70579138,0.077994,36
2021-04-01,US_CORE_PCE,Foreign_Equity,9.75689768,0.08623,36
2021-05-01,US_CORE_PCE,Foreign_Equity,8.95086119,0.083907,36
2021-06-01,US_CORE_PCE,Foreign_Equity,8.20677232,0.077204,36
2021-07-01,US_CORE_PCE,Foreign_Equity,7.47571922,0.067677,36
2021-08-01,US_CORE_PCE,Foreign_Equity,7.75845663,0.071776,36
2021-09-01,US_CORE_PCE,Foreign_Equity,7.72565794,0.070911,36
2021-10-01,US_CORE_PCE,Foreign_Equity,6.95904714,0.064624,36
2021-11-01,US_CORE_PCE,Foreign_Equity,6.56854854,0.063579,36
2021-12-01,US_CORE_PCE,Foreign_Equity,4.87454362,0.04117,36
2022-01-01,US_CORE_PCE,Foreign_Equity,4.5992595,0.038494,36
2022-02-01,US_CORE_PCE,Foreign_Equity,4.62893559,0.040134,36
2022-03-01,US_CORE_PCE,Foreign_Equity,4.39065976,0.035745,36
2022-04-01,US_CORE_PCE,Foreign_Equity,4.40942839,0.036302,36
2022-05-01,US_CORE_PCE,Foreign_Equity,3.71041755,0.02413,36
2022-06-01,US_CORE_PCE,Foreign_Equity,2.64810866,0.012921,36
2022-07-01,US_CORE_PCE,Foreign_Equity,3.03553728,0.016714,36
2022-08-01,US_CORE_PCE,Foreign_Equity,3.21405424,0.019467,36
2022-09-01,US_CORE_PCE,Foreign_Equity,2.9507752,0.015281,36
2022-10-01,US_CORE_PCE,Foreign_Equity,2.81172979,0.013554,36
2022-11-01,US_CORE_PCE,Foreign_Equity,3.43065398,0.018372,36
2022-12-01,US_CORE_PCE,Foreign_Equity,3.575641,0.019904,36
2023-01-01,US_CORE_PCE,Foreign_Equity,3.97216755,0.02451,36
2023-02-01,US_CORE_PCE,Foreign_Equity,3.81187702,0.022411,36
2023-03-01,US_CORE_PCE,Foreign_Equity,-3.64601953,0.040825,36
2023-04-01,US_CORE_PCE,Foreign_Equity,-5.69725289,0.059963,36
2023-05-01,US_CORE_PCE,Foreign_Equity,-4.80556126,0.038884,36
2023-06-01,US_CORE_PCE,Foreign_Equity,-3.15797062,0.017658,36
2023-07-01,US_CORE_PCE,Foreign_Equity,-3.789067,0.027105,36
2023-08-01,US_CORE_PCE,Foreign_Equity,-2.59358794,0.014407,36
2023-09-01,US_CORE_PCE,Foreign_Equity,-3.01236205,0.018342,36
2023-10-01,US_CORE_PCE,Foreign_Equity,-1.26605461,0.002918,36
2023-11-01,US_CORE_PCE,Foreign_Equity,-0.26817949,0.000136,36
2023-12-01,US_CORE_PCE,Foreign_Equity,-1.07625961,0.002233,36
2024-01-01,US_CORE_PCE,Foreign_Equity,-0.77044823,0.001206,36
2024-02-01,US_CORE_PCE,Foreign_Equity,-0.71453689,0.001005,36
2024-03-01,US_CORE_PCE,Foreign_Equity,-0.69398807,0.000923,36
2024-04-01,US_CORE_PCE,Foreign_Equity,-1.59877584,0.004765,36
2024-05-01,US_CORE_PCE,Foreign_Equity,-2.34201428,0.011235,36
2024-06-01,US_CORE_PCE,Foreign_Equity,-2.39421836,0.011662,36
2024-07-01,US_CORE_PCE,Foreign_Equity,-2.64884277,0.014442,36
2024-08-01,US_CORE_PCE,Foreign_Equity,-2.75361047,0.016119,36
2024-09-01,US_CORE_PCE,Foreign_Equity,-3.21943339,0.021377,36
2024-10-01,US_CORE_PCE,Foreign_Equity,-3.58135331,0.025268,36
2024-11-01,US_CORE_PCE,Foreign_Equity,-4.32562796,0.037102,36
2024-12-01,US_CORE_PCE,Foreign_Equity,-3.48893334,0.022023,36
2025-01-01,US_CORE_PCE,Foreign_Equity,-3.75036341,0.023794,36
2025-02-01,US_CORE_PCE,Foreign_Equity,-2.65841023,0.012041,36
2025-03-01,US_CORE_PCE,Foreign_Equity,-1.06824671,0.001984,36
2025-04-01,US_CORE_PCE,Foreign_Equity,-0.19715611,6.3e-05,36
2025-05-01,US_CORE_PCE,Foreign_Equity,0.03303122,2e-06,36
2025-06-01,US_CORE_PCE,Foreign_Equity,2.4146686,0.008525,36
2025-07-01,US_CORE_PCE,Foreign_Equity,2.06857818,0.006276,36
2025-08-01,US_CORE_PCE,Foreign_Equity,-0.17589404,4e-05,36
2025-09-01,US_CORE_PCE,Foreign_Equity,2.80110529,0.011,36
2025-10-01,US_CORE_PCE,Foreign_Equity,3.80953146,0.020707,36
2025-11-01,US_CORE_PCE,Foreign_Equity,3.48051359,0.020356,36
2025-12-01,US_CORE_PCE,Foreign_Equity,3.86461932,0.024589,36
2026-01-01,US_CORE_PCE,Foreign_Equity,4.10054839,0.026677,36
2026-02-01,US_CORE_PCE,Foreign_Equity,4.71126512,0.035578,36
2026-03-01,US_CORE_PCE,Foreign_Equity,5.28911379,0.045434,36
2026-04-01,US_CORE_PCE,Foreign_Equity,4.99843303,0.039676,36
2026-05-01,US_CORE_PCE,Foreign_Equity,5.26874634,0.047087,36
2026-06-01,US_CORE_PCE,Foreign_Equity,4.94342658,0.042646,36
2026-07-01,US_CORE_PCE,Foreign_Equity,5.69578047,0.05622,35
2013-12-01,US_CORE_PCE,Bond,-0.24776998,0.000264,35
2014-01-01,US_CORE_PCE,Bond,-0.2069622,0.000186,36
2014-02-01,US_CORE_PCE,Bond,-0.45705351,0.00096,36
2014-03-01,US_CORE_PCE,Bond,-0.64620445,0.002063,36
2014-04-01,US_CORE_PCE,Bond,-0.80879464,0.003037,36
2014-05-01,US_CORE_PCE,Bond,-1.39516484,0.00835,36
2014-06-01,US_CORE_PCE,Bond,-1.38514676,0.008214,36
2014-07-01,US_CORE_PCE,Bond,-0.93170885,0.003564,36
2014-08-01,US_CORE_PCE,Bond,-1.47683049,0.010119,36
2014-09-01,US_CORE_PCE,Bond,-0.84933897,0.00341,36
2014-10-01,US_CORE_PCE,Bond,-2.08011723,0.018707,36
2014-11-01,US_CORE_PCE,Bond,-2.45065116,0.024792,36
2014-12-01,US_CORE_PCE,Bond,-2.22921592,0.020912,36
2015-01-01,US_CORE_PCE,Bond,-4.38762693,0.070866,36
2015-02-01,US_CORE_PCE,Bond,-4.35314457,0.069526,36
2015-03-01,US_CORE_PCE,Bond,-3.79234292,0.054173,36
2015-04-01,US_CORE_PCE,Bond,-3.52301902,0.048365,36
2015-05-01,US_CORE_PCE,Bond,-3.52117672,0.040983,36
2015-06-01,US_CORE_PCE,Bond,-3.4402451,0.039446,36
2015-07-01,US_CORE_PCE,Bond,-3.12943497,0.037115,36
2015-08-01,US_CORE_PCE,Bond,-2.78521418,0.029941,36
2015-09-01,US_CORE_PCE,Bond,-2.67582854,0.02769,36
2015-10-01,US_CORE_PCE,Bond,-3.99563531,0.055431,36
2015-11-01,US_CORE_PCE,Bond,-3.92551875,0.050675,36
2015-12-01,US_CORE_PCE,Bond,-4.4659949,0.068469,36
2016-01-01,US_CORE_PCE,Bond,-4.50394266,0.065392,36
2016-02-01,US_CORE_PCE,Bond,-3.67615439,0.043977,36
2016-03-01,US_CORE_PCE,Bond,-3.64913325,0.043744,36
2016-04-01,US_CORE_PCE,Bond,-3.03329036,0.034335,36
2016-05-01,US_CORE_PCE,Bond,-3.04799206,0.035858,36
2016-06-01,US_CORE_PCE,Bond,-1.86212515,0.017615,36
2016-07-01,US_CORE_PCE,Bond,-1.55094006,0.01276,36
2016-08-01,US_CORE_PCE,Bond,-1.96267639,0.022155,36
2016-09-01,US_CORE_PCE,Bond,-2.04753553,0.022837,36
2016-10-01,US_CORE_PCE,Bond,-2.28153479,0.026696,36
2016-11-01,US_CORE_PCE,Bond,0.16841657,0.000118,36
2016-12-01,US_CORE_PCE,Bond,0.13873448,7.4e-05,36
2017-01-01,US_CORE_PCE,Bond,0.11803085,6.5e-05,36
2017-02-01,US_CORE_PCE,Bond,0.27032643,0.000331,36
2017-03-01,US_CORE_PCE,Bond,0.92094371,0.004662,36
2017-04-01,US_CORE_PCE,Bond,0.92855231,0.004883,36
2017-05-01,US_CORE_PCE,Bond,0.88838498,0.004468,36
2017-06-01,US_CORE_PCE,Bond,0.95052528,0.005164,36
2017-07-01,US_CORE_PCE,Bond,0.7000709,0.002924,36
2017-08-01,US_CORE_PCE,Bond,0.623084,0.002214,36
2017-09-01,US_CORE_PCE,Bond,0.58556713,0.001964,36
2017-10-01,US_CORE_PCE,Bond,0.01194519,1e-06,36
2017-11-01,US_CORE_PCE,Bond,0.35311273,0.000833,36
2017-12-01,US_CORE_PCE,Bond,0.44506023,0.001295,36
2018-01-01,US_CORE_PCE,Bond,1.02341278,0.007835,36
2018-02-01,US_CORE_PCE,Bond,0.83623653,0.005222,36
2018-03-01,US_CORE_PCE,Bond,0.99192769,0.007619,36
2018-04-01,US_CORE_PCE,Bond,0.92259566,0.006655,36
2018-05-01,US_CORE_PCE,Bond,0.63897383,0.003701,36
2018-06-01,US_CORE_PCE,Bond,0.46371227,0.001929,36
2018-07-01,US_CORE_PCE,Bond,0.4701036,0.001919,36
2018-08-01,US_CORE_PCE,Bond,0.30987526,0.000916,36
2018-09-01,US_CORE_PCE,Bond,0.50457299,0.002398,36
2018-10-01,US_CORE_PCE,Bond,1.00069922,0.009154,36
2018-11-01,US_CORE_PCE,Bond,0.97966192,0.008934,36
2018-12-01,US_CORE_PCE,Bond,1.40440706,0.016549,36
2019-01-01,US_CORE_PCE,Bond,1.26738693,0.013993,36
2019-02-01,US_CORE_PCE,Bond,1.06655176,0.010793,36
2019-03-01,US_CORE_PCE,Bond,0.98868338,0.009405,36
2019-04-01,US_CORE_PCE,Bond,1.00738742,0.009333,36
2019-05-01,US_CORE_PCE,Bond,0.90742204,0.007557,36
2019-06-01,US_CORE_PCE,Bond,1.40708987,0.017703,36
2019-07-01,US_CORE_PCE,Bond,1.27699107,0.015577,36
2019-08-01,US_CORE_PCE,Bond,1.10165608,0.01039,36
2019-09-01,US_CORE_PCE,Bond,1.4513753,0.017808,36
2019-10-01,US_CORE_PCE,Bond,1.35968519,0.01513,36
2019-11-01,US_CORE_PCE,Bond,0.65114902,0.004164,36
2019-12-01,US_CORE_PCE,Bond,0.6764065,0.005002,36
2020-01-01,US_CORE_PCE,Bond,0.54985371,0.003046,36
2020-02-01,US_CORE_PCE,Bond,0.81534979,0.006702,36
2020-03-01,US_CORE_PCE,Bond,0.10726186,0.000126,36
2020-04-01,US_CORE_PCE,Bond,0.36371776,0.00304,36
2020-05-01,US_CORE_PCE,Bond,0.2732225,0.001718,36
2020-06-01,US_CORE_PCE,Bond,0.24853771,0.001438,36
2020-07-01,US_CORE_PCE,Bond,0.1345761,0.000486,36
2020-08-01,US_CORE_PCE,Bond,0.00968209,3e-06,36
2020-09-01,US_CORE_PCE,Bond,-0.03511545,3.3e-05,36
2020-10-01,US_CORE_PCE,Bond,0.26014506,0.001919,36
2020-11-01,US_CORE_PCE,Bond,0.21940303,0.001325,36
2020-12-01,US_CORE_PCE,Bond,0.03768781,4e-05,36
2021-01-01,US_CORE_PCE,Bond,0.19053381,0.00112,36
2021-02-01,US_CORE_PCE,Bond,0.16842701,0.00089,36
2021-03-01,US_CORE_PCE,Bond,-0.522071,0.008748,36
2021-04-01,US_CORE_PCE,Bond,-0.45680317,0.009029,36
2021-05-01,US_CORE_PCE,Bond,-0.63710403,0.020381,36
2021-06-01,US_CORE_PCE,Bond,-0.49906223,0.013962,36
2021-07-01,US_CORE_PCE,Bond,-0.27098528,0.00433,36
2021-08-01,US_CORE_PCE,Bond,-0.13040529,0.000996,36
2021-09-01,US_CORE_PCE,Bond,-0.1392926,0.001119,36
2021-10-01,US_CORE_PCE,Bond,-0.70721696,0.025294,36
2021-11-01,US_CORE_PCE,Bond,-0.53445308,0.016303,36
2021-12-01,US_CORE_PCE,Bond,-0.12114829,0.000966,36
2022-01-01,US_CORE_PCE,Bond,-0.45806549,0.012555,36
2022-02-01,US_CORE_PCE,Bond,-0.58712182,0.019962,36
2022-03-01,US_CORE_PCE,Bond,-0.5862306,0.019848,36
2022-04-01,US_CORE_PCE,Bond,-0.71873117,0.02454,36
2022-05-01,US_CORE_PCE,Bond,-0.66366053,0.02091,36
2022-06-01,US_CORE_PCE,Bond,-0.89545261,0.040251,36
2022-07-01,US_CORE_PCE,Bond,-0.90045473,0.033763,36
2022-08-01,US_CORE_PCE,Bond,-0.60348245,0.017281,36
2022-09-01,US_CORE_PCE,Bond,-1.02501015,0.038509,36
2022-10-01,US_CORE_PCE,Bond,-1.16565816,0.046269,36
2022-11-01,US_CORE_PCE,Bond,-1.3905982,0.054133,36
2022-12-01,US_CORE_PCE,Bond,-1.25902871,0.038796,36
2023-01-01,US_CORE_PCE,Bond,-1.09951178,0.028911,36
2023-02-01,US_CORE_PCE,Bond,-1.01467855,0.024695,36
2023-03-01,US_CORE_PCE,Bond,-0.95963334,0.019327,36
2023-04-01,US_CORE_PCE,Bond,-1.46075132,0.026521,36
2023-05-01,US_CORE_PCE,Bond,-1.22870568,0.017347,36
2023-06-01,US_CORE_PCE,Bond,-1.05172986,0.011931,36
2023-07-01,US_CORE_PCE,Bond,-0.97711199,0.011211,36
2023-08-01,US_CORE_PCE,Bond,-0.67411055,0.005769,36
2023-09-01,US_CORE_PCE,Bond,-0.84686208,0.008656,36
2023-10-01,US_CORE_PCE,Bond,-0.3111054,0.001082,36
2023-11-01,US_CORE_PCE,Bond,-1.56459493,0.023747,36
2023-12-01,US_CORE_PCE,Bond,-2.41666482,0.050751,36
2024-01-01,US_CORE_PCE,Bond,-2.17994601,0.042525,36
2024-02-01,US_CORE_PCE,Bond,-2.32781318,0.047593,36
2024-03-01,US_CORE_PCE,Bond,-2.2572616,0.045155,36
2024-04-01,US_CORE_PCE,Bond,-2.27860344,0.043289,36
2024-05-01,US_CORE_PCE,Bond,-2.21242859,0.04453,36
2024-06-01,US_CORE_PCE,Bond,-2.4847075,0.054472,36
2024-07-01,US_CORE_PCE,Bond,-2.78361907,0.069151,36
2024-08-01,US_CORE_PCE,Bond,-2.9427952,0.078668,36
2024-09-01,US_CORE_PCE,Bond,-3.13614456,0.088882,36
2024-10-01,US_CORE_PCE,Bond,-2.75954582,0.069545,36
2024-11-01,US_CORE_PCE,Bond,-2.98418351,0.081426,36
2024-12-01,US_CORE_PCE,Bond,-4.00795179,0.131639,36
2025-01-01,US_CORE_PCE,Bond,-3.65741266,0.107319,36
2025-02-01,US_CORE_PCE,Bond,-3.3652812,0.093131,36
2025-03-01,US_CORE_PCE,Bond,-3.16917243,0.086828,36
2025-04-01,US_CORE_PCE,Bond,-2.98824336,0.086093,36
2025-05-01,US_CORE_PCE,Bond,-2.89552052,0.080751,36
2025-06-01,US_CORE_PCE,Bond,-2.1047373,0.038189,36
2025-07-01,US_CORE_PCE,Bond,-1.9119277,0.03348,36
2025-08-01,US_CORE_PCE,Bond,-2.14389913,0.035195,36
2025-09-01,US_CORE_PCE,Bond,-0.61999424,0.003529,36
2025-10-01,US_CORE_PCE,Bond,0.03609705,1.3e-05,36
2025-11-01,US_CORE_PCE,Bond,0.22710739,0.000523,36
2025-12-01,US_CORE_PCE,Bond,-0.51154208,0.00294,36
2026-01-01,US_CORE_PCE,Bond,-1.35113912,0.019975,36
2026-02-01,US_CORE_PCE,Bond,-1.53087173,0.025856,36
2026-03-01,US_CORE_PCE,Bond,-1.63635868,0.028931,36
2026-04-01,US_CORE_PCE,Bond,-1.92319399,0.039587,36
2026-05-01,US_CORE_PCE,Bond,-2.37164845,0.056404,36
2026-06-01,US_CORE_PCE,Bond,-2.16468515,0.049523,36
2026-07-01,US_CORE_PCE,Bond,-2.31075215,0.054966,35
2013-12-01,US_CORE_PCE,Gold,1.64819812,0.000582,35
2014-01-01,US_CORE_PCE,Gold,2.77901355,0.00162,36
2014-02-01,US_CORE_PCE,Gold,1.62597088,0.000588,36
2014-03-01,US_CORE_PCE,Gold,1.93271625,0.000801,36
2014-04-01,US_CORE_PCE,Gold,-0.26606448,1.4e-05,36
2014-05-01,US_CORE_PCE,Gold,-5.02512464,0.004833,36
2014-06-01,US_CORE_PCE,Gold,-3.76731984,0.002678,36
2014-07-01,US_CORE_PCE,Gold,-1.63744854,0.000481,36
2014-08-01,US_CORE_PCE,Gold,-2.64760437,0.001329,36
2014-09-01,US_CORE_PCE,Gold,4.16803102,0.004173,36
2014-10-01,US_CORE_PCE,Gold,6.98702351,0.010945,36
2014-11-01,US_CORE_PCE,Gold,12.58739122,0.034516,36
2014-12-01,US_CORE_PCE,Gold,7.69270379,0.013418,36
2015-01-01,US_CORE_PCE,Gold,13.71401604,0.041766,36
2015-02-01,US_CORE_PCE,Gold,13.24361247,0.037107,36
2015-03-01,US_CORE_PCE,Gold,8.73001372,0.016549,36
2015-04-01,US_CORE_PCE,Gold,10.61420267,0.025767,36
2015-05-01,US_CORE_PCE,Gold,10.50933045,0.025192,36
2015-06-01,US_CORE_PCE,Gold,10.07561163,0.023559,36
2015-07-01,US_CORE_PCE,Gold,10.39183046,0.025207,36
2015-08-01,US_CORE_PCE,Gold,13.24421634,0.037178,36
2015-09-01,US_CORE_PCE,Gold,14.32533542,0.042481,36
2015-10-01,US_CORE_PCE,Gold,1.49179356,0.000485,36
2015-11-01,US_CORE_PCE,Gold,1.69252681,0.000622,36
2015-12-01,US_CORE_PCE,Gold,3.33925563,0.002378,36
2016-01-01,US_CORE_PCE,Gold,7.346071,0.010588,36
2016-02-01,US_CORE_PCE,Gold,10.80690749,0.02235,36
2016-03-01,US_CORE_PCE,Gold,13.69920692,0.029297,36
2016-04-01,US_CORE_PCE,Gold,10.23765021,0.018601,36
2016-05-01,US_CORE_PCE,Gold,12.12208136,0.027242,36
2016-06-01,US_CORE_PCE,Gold,15.69322422,0.044347,36
2016-07-01,US_CORE_PCE,Gold,18.76073294,0.053601,36
2016-08-01,US_CORE_PCE,Gold,17.48772929,0.049154,36
2016-09-01,US_CORE_PCE,Gold,17.57669247,0.051283,36
2016-10-01,US_CORE_PCE,Gold,17.76184919,0.049326,36
2016-11-01,US_CORE_PCE,Gold,17.06726239,0.047505,36
2016-12-01,US_CORE_PCE,Gold,17.02123853,0.041682,36
2017-01-01,US_CORE_PCE,Gold,13.529109,0.032542,36
2017-02-01,US_CORE_PCE,Gold,16.72561147,0.047731,36
2017-03-01,US_CORE_PCE,Gold,9.73351252,0.020135,36
2017-04-01,US_CORE_PCE,Gold,9.07907871,0.018213,36
2017-05-01,US_CORE_PCE,Gold,10.1104508,0.022743,36
2017-06-01,US_CORE_PCE,Gold,10.13348422,0.023204,36
2017-07-01,US_CORE_PCE,Gold,9.47846407,0.020636,36
2017-08-01,US_CORE_PCE,Gold,8.7462002,0.016546,36
2017-09-01,US_CORE_PCE,Gold,9.07426925,0.017128,36
2017-10-01,US_CORE_PCE,Gold,2.92434517,0.001924,36
2017-11-01,US_CORE_PCE,Gold,1.83537776,0.000806,36
2017-12-01,US_CORE_PCE,Gold,2.81536413,0.001897,36
2018-01-01,US_CORE_PCE,Gold,7.88254585,0.015363,36
2018-02-01,US_CORE_PCE,Gold,8.34035535,0.017776,36
2018-03-01,US_CORE_PCE,Gold,8.37401335,0.019261,36
2018-04-01,US_CORE_PCE,Gold,8.36943807,0.019202,36
2018-05-01,US_CORE_PCE,Gold,7.71494079,0.016378,36
2018-06-01,US_CORE_PCE,Gold,7.91098362,0.017386,36
2018-07-01,US_CORE_PCE,Gold,7.7750592,0.016392,36
2018-08-01,US_CORE_PCE,Gold,7.12766541,0.015782,36
2018-09-01,US_CORE_PCE,Gold,6.47187813,0.013335,36
2018-10-01,US_CORE_PCE,Gold,7.43207625,0.016571,36
2018-11-01,US_CORE_PCE,Gold,7.23053594,0.015858,36
2018-12-01,US_CORE_PCE,Gold,5.31537934,0.008642,36
2019-01-01,US_CORE_PCE,Gold,4.71696115,0.006746,36
2019-02-01,US_CORE_PCE,Gold,3.46306559,0.003755,36
2019-03-01,US_CORE_PCE,Gold,4.00569448,0.005932,36
2019-04-01,US_CORE_PCE,Gold,4.97054376,0.008805,36
2019-05-01,US_CORE_PCE,Gold,4.43899395,0.00732,36
2019-06-01,US_CORE_PCE,Gold,4.13119164,0.006581,36
2019-07-01,US_CORE_PCE,Gold,3.15570007,0.004934,36
2019-08-01,US_CORE_PCE,Gold,2.36648632,0.002512,36
2019-09-01,US_CORE_PCE,Gold,1.23164614,0.000686,36
2019-10-01,US_CORE_PCE,Gold,0.76170373,0.000277,36
2019-11-01,US_CORE_PCE,Gold,1.65525594,0.001287,36
2019-12-01,US_CORE_PCE,Gold,-0.47380679,0.000149,36
2020-01-01,US_CORE_PCE,Gold,0.89985166,0.000477,36
2020-02-01,US_CORE_PCE,Gold,0.79958244,0.000388,36
2020-03-01,US_CORE_PCE,Gold,-1.81561972,0.002072,36
2020-04-01,US_CORE_PCE,Gold,2.32323263,0.006956,36
2020-05-01,US_CORE_PCE,Gold,1.90222684,0.004328,36
2020-06-01,US_CORE_PCE,Gold,1.83439994,0.004077,36
2020-07-01,US_CORE_PCE,Gold,2.24851403,0.007443,36
2020-08-01,US_CORE_PCE,Gold,6.52316054,0.043801,36
2020-09-01,US_CORE_PCE,Gold,6.51305581,0.043871,36
2020-10-01,US_CORE_PCE,Gold,8.57764298,0.079768,36
2020-11-01,US_CORE_PCE,Gold,8.55668979,0.078463,36
2020-12-01,US_CORE_PCE,Gold,6.34894904,0.041336,36
2021-01-01,US_CORE_PCE,Gold,7.15116931,0.052873,36
2021-02-01,US_CORE_PCE,Gold,6.34943713,0.038849,36
2021-03-01,US_CORE_PCE,Gold,2.42724081,0.005877,36
2021-04-01,US_CORE_PCE,Gold,2.24331223,0.006733,36
2021-05-01,US_CORE_PCE,Gold,3.13467554,0.015204,36
2021-06-01,US_CORE_PCE,Gold,3.82585603,0.02439,36
2021-07-01,US_CORE_PCE,Gold,2.03306083,0.007135,36
2021-08-01,US_CORE_PCE,Gold,1.15802214,0.002334,36
2021-09-01,US_CORE_PCE,Gold,1.11412447,0.002193,36
2021-10-01,US_CORE_PCE,Gold,-0.18859979,6.7e-05,36
2021-11-01,US_CORE_PCE,Gold,-0.01134268,0.0,36
2021-12-01,US_CORE_PCE,Gold,-0.41490382,0.000393,36
2022-01-01,US_CORE_PCE,Gold,-0.19946632,9.6e-05,36
2022-02-01,US_CORE_PCE,Gold,-0.2017522,0.0001,36
2022-03-01,US_CORE_PCE,Gold,0.10989346,2.8e-05,36
2022-04-01,US_CORE_PCE,Gold,0.00660145,0.0,36
2022-05-01,US_CORE_PCE,Gold,-0.5030746,0.000573,36
2022-06-01,US_CORE_PCE,Gold,-0.8192792,0.001635,36
2022-07-01,US_CORE_PCE,Gold,-0.1088632,2.7e-05,36
2022-08-01,US_CORE_PCE,Gold,0.59470892,0.000892,36
2022-09-01,US_CORE_PCE,Gold,0.61575676,0.000924,36
2022-10-01,US_CORE_PCE,Gold,0.27399198,0.000182,36
2022-11-01,US_CORE_PCE,Gold,0.20403679,9.5e-05,36
2022-12-01,US_CORE_PCE,Gold,0.31190883,0.000201,36
2023-01-01,US_CORE_PCE,Gold,0.99728093,0.00207,36
2023-02-01,US_CORE_PCE,Gold,1.26350265,0.00325,36
2023-03-01,US_CORE_PCE,Gold,2.97583003,0.015568,36
2023-04-01,US_CORE_PCE,Gold,2.55594597,0.006266,36
2023-05-01,US_CORE_PCE,Gold,4.90345945,0.02179,36
2023-06-01,US_CORE_PCE,Gold,5.72109317,0.027827,36
2023-07-01,US_CORE_PCE,Gold,6.24594942,0.036104,36
2023-08-01,US_CORE_PCE,Gold,6.52501981,0.057386,36
2023-09-01,US_CORE_PCE,Gold,6.06010204,0.047608,36
2023-10-01,US_CORE_PCE,Gold,6.96065965,0.057935,36
2023-11-01,US_CORE_PCE,Gold,3.75485359,0.014519,36
2023-12-01,US_CORE_PCE,Gold,2.4958697,0.006988,36
2024-01-01,US_CORE_PCE,Gold,2.60313459,0.008283,36
2024-02-01,US_CORE_PCE,Gold,1.62259837,0.003299,36
2024-03-01,US_CORE_PCE,Gold,2.14415574,0.00594,36
2024-04-01,US_CORE_PCE,Gold,0.91903246,0.000976,36
2024-05-01,US_CORE_PCE,Gold,0.0348046,2e-06,36
2024-06-01,US_CORE_PCE,Gold,-0.77250969,0.000782,36
2024-07-01,US_CORE_PCE,Gold,-0.05118613,4e-06,36
2024-08-01,US_CORE_PCE,Gold,-0.48219658,0.000336,36
2024-09-01,US_CORE_PCE,Gold,-0.78183569,0.000858,36
2024-10-01,US_CORE_PCE,Gold,-0.05735799,4e-06,36
2024-11-01,US_CORE_PCE,Gold,-0.45865523,0.000279,36
2024-12-01,US_CORE_PCE,Gold,0.8106533,0.000778,36
2025-01-01,US_CORE_PCE,Gold,0.84511158,0.000791,36
2025-02-01,US_CORE_PCE,Gold,3.37466516,0.011155,36
2025-03-01,US_CORE_PCE,Gold,1.64033361,0.002878,36
2025-04-01,US_CORE_PCE,Gold,0.60661393,0.000366,36
2025-05-01,US_CORE_PCE,Gold,0.87663884,0.000781,36
2025-06-01,US_CORE_PCE,Gold,2.8948515,0.007268,36
2025-07-01,US_CORE_PCE,Gold,2.39679092,0.005281,36
2025-08-01,US_CORE_PCE,Gold,3.56396743,0.009773,36
2025-09-01,US_CORE_PCE,Gold,5.54282989,0.02243,36
2025-10-01,US_CORE_PCE,Gold,5.88047129,0.021836,36
2025-11-01,US_CORE_PCE,Gold,6.47949842,0.028135,36
2025-12-01,US_CORE_PCE,Gold,5.17710992,0.018682,36
2026-01-01,US_CORE_PCE,Gold,7.53746877,0.036623,36
2026-02-01,US_CORE_PCE,Gold,8.03152384,0.042109,36
2026-03-01,US_CORE_PCE,Gold,9.0368091,0.055839,36
2026-04-01,US_CORE_PCE,Gold,7.14162288,0.034769,36
2026-05-01,US_CORE_PCE,Gold,6.3447227,0.027986,36
2026-06-01,US_CORE_PCE,Gold,8.05062325,0.044169,36
2026-07-01,US_CORE_PCE,Gold,7.04275584,0.026272,36
2013-12-01,US_BREAKEVEN_10Y,Domestic_Equity,0.22973065,0.502023,35
2014-01-01,US_BREAKEVEN_10Y,Domestic_Equity,0.22470442,0.48141,36
2014-02-01,US_BREAKEVEN_10Y,Domestic_Equity,0.22419612,0.497227,36
2014-03-01,US_BREAKEVEN_10Y,Domestic_Equity,0.23311645,0.521264,36
2014-04-01,US_BREAKEVEN_10Y,Domestic_Equity,0.21825649,0.492606,36
2014-05-01,US_BREAKEVEN_10Y,Domestic_Equity,0.23275988,0.514501,36
2014-06-01,US_BREAKEVEN_10Y,Domestic_Equity,0.23612628,0.510859,36
2014-07-01,US_BREAKEVEN_10Y,Domestic_Equity,0.23495823,0.496576,36
2014-08-01,US_BREAKEVEN_10Y,Domestic_Equity,0.17154712,0.421566,36
2014-09-01,US_BREAKEVEN_10Y,Domestic_Equity,0.17124565,0.3695,36
2014-10-01,US_BREAKEVEN_10Y,Domestic_Equity,0.18462346,0.412956,36
2014-11-01,US_BREAKEVEN_10Y,Domestic_Equity,0.18137592,0.402164,36
2014-12-01,US_BREAKEVEN_10Y,Domestic_Equity,0.16916177,0.387923,36
2015-01-01,US_BREAKEVEN_10Y,Domestic_Equity,0.16747344,0.383908,36
2015-02-01,US_BREAKEVEN_10Y,Domestic_Equity,0.15158081,0.345381,36
2015-03-01,US_BREAKEVEN_10Y,Domestic_Equity,0.15745063,0.352247,36
2015-04-01,US_BREAKEVEN_10Y,Domestic_Equity,0.16703888,0.37591,36
2015-05-01,US_BREAKEVEN_10Y,Domestic_Equity,0.15194236,0.349141,36
2015-06-01,US_BREAKEVEN_10Y,Domestic_Equity,0.14994165,0.336336,36
2015-07-01,US_BREAKEVEN_10Y,Domestic_Equity,0.15079292,0.344512,36
2015-08-01,US_BREAKEVEN_10Y,Domestic_Equity,0.15263391,0.366312,36
2015-09-01,US_BREAKEVEN_10Y,Domestic_Equity,0.15835015,0.357791,36
2015-10-01,US_BREAKEVEN_10Y,Domestic_Equity,0.16568858,0.351023,36
2015-11-01,US_BREAKEVEN_10Y,Domestic_Equity,0.15420875,0.320452,36
2015-12-01,US_BREAKEVEN_10Y,Domestic_Equity,0.14864484,0.307994,36
2016-01-01,US_BREAKEVEN_10Y,Domestic_Equity,0.15716604,0.319773,36
2016-02-01,US_BREAKEVEN_10Y,Domestic_Equity,0.15549417,0.315674,36
2016-03-01,US_BREAKEVEN_10Y,Domestic_Equity,0.1510244,0.358663,36
2016-04-01,US_BREAKEVEN_10Y,Domestic_Equity,0.14673902,0.34513,36
2016-05-01,US_BREAKEVEN_10Y,Domestic_Equity,0.15783097,0.387423,36
2016-06-01,US_BREAKEVEN_10Y,Domestic_Equity,0.14231938,0.309609,36
2016-07-01,US_BREAKEVEN_10Y,Domestic_Equity,0.1503164,0.33558,36
2016-08-01,US_BREAKEVEN_10Y,Domestic_Equity,0.15134958,0.331231,36
2016-09-01,US_BREAKEVEN_10Y,Domestic_Equity,0.15214332,0.380654,36
2016-10-01,US_BREAKEVEN_10Y,Domestic_Equity,0.13552577,0.336536,36
2016-11-01,US_BREAKEVEN_10Y,Domestic_Equity,0.11043413,0.234757,36
2016-12-01,US_BREAKEVEN_10Y,Domestic_Equity,0.11275668,0.251357,36
2017-01-01,US_BREAKEVEN_10Y,Domestic_Equity,0.12089032,0.291719,36
2017-02-01,US_BREAKEVEN_10Y,Domestic_Equity,0.12095129,0.289054,36
2017-03-01,US_BREAKEVEN_10Y,Domestic_Equity,0.11949306,0.274862,36
2017-04-01,US_BREAKEVEN_10Y,Domestic_Equity,0.1147965,0.26187,36
2017-05-01,US_BREAKEVEN_10Y,Domestic_Equity,0.104606,0.184853,36
2017-06-01,US_BREAKEVEN_10Y,Domestic_Equity,0.09466388,0.147672,36
2017-07-01,US_BREAKEVEN_10Y,Domestic_Equity,0.09525834,0.149394,36
2017-08-01,US_BREAKEVEN_10Y,Domestic_Equity,0.09713973,0.152263,36
2017-09-01,US_BREAKEVEN_10Y,Domestic_Equity,0.09458799,0.141955,36
2017-10-01,US_BREAKEVEN_10Y,Domestic_Equity,0.07934818,0.102825,36
2017-11-01,US_BREAKEVEN_10Y,Domestic_Equity,0.07952061,0.100114,36
2017-12-01,US_BREAKEVEN_10Y,Domestic_Equity,0.07336492,0.07362,36
2018-01-01,US_BREAKEVEN_10Y,Domestic_Equity,0.07162009,0.07264,36
2018-02-01,US_BREAKEVEN_10Y,Domestic_Equity,0.06267917,0.051078,36
2018-03-01,US_BREAKEVEN_10Y,Domestic_Equity,0.06041654,0.048175,36
2018-04-01,US_BREAKEVEN_10Y,Domestic_Equity,0.04889604,0.033422,36
2018-05-01,US_BREAKEVEN_10Y,Domestic_Equity,0.04883745,0.03334,36
2018-06-01,US_BREAKEVEN_10Y,Domestic_Equity,0.05123231,0.036809,36
2018-07-01,US_BREAKEVEN_10Y,Domestic_Equity,0.05248712,0.033846,36
2018-08-01,US_BREAKEVEN_10Y,Domestic_Equity,0.01330812,0.002074,36
2018-09-01,US_BREAKEVEN_10Y,Domestic_Equity,0.00873669,0.000858,36
2018-10-01,US_BREAKEVEN_10Y,Domestic_Equity,0.02411152,0.005641,36
2018-11-01,US_BREAKEVEN_10Y,Domestic_Equity,0.0450891,0.019502,36
2018-12-01,US_BREAKEVEN_10Y,Domestic_Equity,0.04123241,0.018896,36
2019-01-01,US_BREAKEVEN_10Y,Domestic_Equity,0.02543593,0.00736,36
2019-02-01,US_BREAKEVEN_10Y,Domestic_Equity,0.0394022,0.015375,36
2019-03-01,US_BREAKEVEN_10Y,Domestic_Equity,0.00827235,0.000547,36
2019-04-01,US_BREAKEVEN_10Y,Domestic_Equity,0.00766288,0.000458,36
2019-05-01,US_BREAKEVEN_10Y,Domestic_Equity,0.03568664,0.009553,36
2019-06-01,US_BREAKEVEN_10Y,Domestic_Equity,0.03668266,0.010122,36
2019-07-01,US_BREAKEVEN_10Y,Domestic_Equity,0.03412733,0.008824,36
2019-08-01,US_BREAKEVEN_10Y,Domestic_Equity,0.07656182,0.044287,36
2019-09-01,US_BREAKEVEN_10Y,Domestic_Equity,0.07676688,0.040694,36
2019-10-01,US_BREAKEVEN_10Y,Domestic_Equity,0.08441106,0.04449,36
2019-11-01,US_BREAKEVEN_10Y,Domestic_Equity,0.12736964,0.092569,36
2019-12-01,US_BREAKEVEN_10Y,Domestic_Equity,0.12466416,0.086054,36
2020-01-01,US_BREAKEVEN_10Y,Domestic_Equity,0.12225162,0.079352,36
2020-02-01,US_BREAKEVEN_10Y,Domestic_Equity,0.12588309,0.087272,36
2020-03-01,US_BREAKEVEN_10Y,Domestic_Equity,0.231163,0.464829,36
2020-04-01,US_BREAKEVEN_10Y,Domestic_Equity,0.23669179,0.48995,36
2020-05-01,US_BREAKEVEN_10Y,Domestic_Equity,0.24600074,0.531219,36
2020-06-01,US_BREAKEVEN_10Y,Domestic_Equity,0.26919783,0.59793,36
2020-07-01,US_BREAKEVEN_10Y,Domestic_Equity,0.26219103,0.595243,36
2020-08-01,US_BREAKEVEN_10Y,Domestic_Equity,0.26752333,0.622046,36
2020-09-01,US_BREAKEVEN_10Y,Domestic_Equity,0.26909264,0.625469,36
2020-10-01,US_BREAKEVEN_10Y,Domestic_Equity,0.26623914,0.623876,36
2020-11-01,US_BREAKEVEN_10Y,Domestic_Equity,0.26732645,0.60582,36
2020-12-01,US_BREAKEVEN_10Y,Domestic_Equity,0.28288198,0.643928,36
2021-01-01,US_BREAKEVEN_10Y,Domestic_Equity,0.30191994,0.655573,36
2021-02-01,US_BREAKEVEN_10Y,Domestic_Equity,0.30202179,0.672115,36
2021-03-01,US_BREAKEVEN_10Y,Domestic_Equity,0.2952313,0.644478,36
2021-04-01,US_BREAKEVEN_10Y,Domestic_Equity,0.29728563,0.648477,36
2021-05-01,US_BREAKEVEN_10Y,Domestic_Equity,0.29143966,0.633365,36
2021-06-01,US_BREAKEVEN_10Y,Domestic_Equity,0.28038881,0.60409,36
2021-07-01,US_BREAKEVEN_10Y,Domestic_Equity,0.27986663,0.622912,36
2021-08-01,US_BREAKEVEN_10Y,Domestic_Equity,0.27900559,0.612764,36
2021-09-01,US_BREAKEVEN_10Y,Domestic_Equity,0.27933958,0.610827,36
2021-10-01,US_BREAKEVEN_10Y,Domestic_Equity,0.25293655,0.532964,36
2021-11-01,US_BREAKEVEN_10Y,Domestic_Equity,0.24722414,0.513029,36
2021-12-01,US_BREAKEVEN_10Y,Domestic_Equity,0.2466603,0.505214,36
2022-01-01,US_BREAKEVEN_10Y,Domestic_Equity,0.249053,0.498576,36
2022-02-01,US_BREAKEVEN_10Y,Domestic_Equity,0.24735751,0.482588,36
2022-03-01,US_BREAKEVEN_10Y,Domestic_Equity,0.20501353,0.391054,36
2022-04-01,US_BREAKEVEN_10Y,Domestic_Equity,0.20497031,0.39179,36
2022-05-01,US_BREAKEVEN_10Y,Domestic_Equity,0.19785023,0.386489,36
2022-06-01,US_BREAKEVEN_10Y,Domestic_Equity,0.20622858,0.399332,36
2022-07-01,US_BREAKEVEN_10Y,Domestic_Equity,0.20720673,0.422791,36
2022-08-01,US_BREAKEVEN_10Y,Domestic_Equity,0.20320604,0.411774,36
2022-09-01,US_BREAKEVEN_10Y,Domestic_Equity,0.20940369,0.437829,36
2022-10-01,US_BREAKEVEN_10Y,Domestic_Equity,0.21067532,0.430671,36
2022-11-01,US_BREAKEVEN_10Y,Domestic_Equity,0.20581662,0.388498,36
2022-12-01,US_BREAKEVEN_10Y,Domestic_Equity,0.20665229,0.393608,36
2023-01-01,US_BREAKEVEN_10Y,Domestic_Equity,0.20664319,0.3958,36
2023-02-01,US_BREAKEVEN_10Y,Domestic_Equity,0.20820924,0.396583,36
2023-03-01,US_BREAKEVEN_10Y,Domestic_Equity,0.15723553,0.185742,36
2023-04-01,US_BREAKEVEN_10Y,Domestic_Equity,0.14959342,0.166795,36
2023-05-01,US_BREAKEVEN_10Y,Domestic_Equity,0.15070795,0.176447,36
2023-06-01,US_BREAKEVEN_10Y,Domestic_Equity,0.13462138,0.149207,36
2023-07-01,US_BREAKEVEN_10Y,Domestic_Equity,0.13195308,0.139227,36
2023-08-01,US_BREAKEVEN_10Y,Domestic_Equity,0.11616695,0.107912,36
2023-09-01,US_BREAKEVEN_10Y,Domestic_Equity,0.1167674,0.108676,36
2023-10-01,US_BREAKEVEN_10Y,Domestic_Equity,0.11450005,0.099729,36
2023-11-01,US_BREAKEVEN_10Y,Domestic_Equity,0.10896148,0.096623,36
2023-12-01,US_BREAKEVEN_10Y,Domestic_Equity,0.06307079,0.036232,36
2024-01-01,US_BREAKEVEN_10Y,Domestic_Equity,0.02560686,0.007604,36
2024-02-01,US_BREAKEVEN_10Y,Domestic_Equity,0.02547811,0.007053,36
2024-03-01,US_BREAKEVEN_10Y,Domestic_Equity,0.03086033,0.010049,36
2024-04-01,US_BREAKEVEN_10Y,Domestic_Equity,0.0226693,0.005721,36
2024-05-01,US_BREAKEVEN_10Y,Domestic_Equity,0.01984082,0.004258,36
2024-06-01,US_BREAKEVEN_10Y,Domestic_Equity,0.02614573,0.007378,36
2024-07-01,US_BREAKEVEN_10Y,Domestic_Equity,0.02747099,0.008011,36
2024-08-01,US_BREAKEVEN_10Y,Domestic_Equity,0.04492278,0.021348,36
2024-09-01,US_BREAKEVEN_10Y,Domestic_Equity,0.04481526,0.021145,36
2024-10-01,US_BREAKEVEN_10Y,Domestic_Equity,0.06581718,0.047168,36
2024-11-01,US_BREAKEVEN_10Y,Domestic_Equity,0.06473408,0.044092,36
2024-12-01,US_BREAKEVEN_10Y,Domestic_Equity,0.07285189,0.052803,36
2025-01-01,US_BREAKEVEN_10Y,Domestic_Equity,0.07734229,0.061833,36
2025-02-01,US_BREAKEVEN_10Y,Domestic_Equity,0.07993771,0.06793,36
2025-03-01,US_BREAKEVEN_10Y,Domestic_Equity,0.12841687,0.117625,36
2025-04-01,US_BREAKEVEN_10Y,Domestic_Equity,0.13689629,0.129774,36
2025-05-01,US_BREAKEVEN_10Y,Domestic_Equity,0.14988085,0.134933,36
2025-06-01,US_BREAKEVEN_10Y,Domestic_Equity,0.13694908,0.089822,36
2025-07-01,US_BREAKEVEN_10Y,Domestic_Equity,0.13373331,0.066573,36
2025-08-01,US_BREAKEVEN_10Y,Domestic_Equity,0.11755004,0.047819,36
2025-09-01,US_BREAKEVEN_10Y,Domestic_Equity,0.0808091,0.021874,36
2025-10-01,US_BREAKEVEN_10Y,Domestic_Equity,0.04697387,0.006654,36
2025-11-01,US_BREAKEVEN_10Y,Domestic_Equity,0.04381114,0.006008,36
2025-12-01,US_BREAKEVEN_10Y,Domestic_Equity,0.02098421,0.001331,36
2026-01-01,US_BREAKEVEN_10Y,Domestic_Equity,0.06879708,0.010645,36
2026-02-01,US_BREAKEVEN_10Y,Domestic_Equity,0.06024665,0.006237,36
2026-03-01,US_BREAKEVEN_10Y,Domestic_Equity,0.04797234,0.003991,36
2026-04-01,US_BREAKEVEN_10Y,Domestic_Equity,0.06801612,0.007741,36
2026-05-01,US_BREAKEVEN_10Y,Domestic_Equity,0.13366958,0.020096,36
2026-06-01,US_BREAKEVEN_10Y,Domestic_Equity,0.05459537,0.003679,36
2026-07-01,US_BREAKEVEN_10Y,Domestic_Equity,0.07605414,0.006879,35
2013-12-01,US_BREAKEVEN_10Y,Foreign_Equity,0.18274321,0.440841,35
2014-01-01,US_BREAKEVEN_10Y,Foreign_Equity,0.18129782,0.438116,36
2014-02-01,US_BREAKEVEN_10Y,Foreign_Equity,0.18097057,0.447902,36
2014-03-01,US_BREAKEVEN_10Y,Foreign_Equity,0.19187092,0.489056,36
2014-04-01,US_BREAKEVEN_10Y,Foreign_Equity,0.19612466,0.489029,36
2014-05-01,US_BREAKEVEN_10Y,Foreign_Equity,0.20802914,0.505913,36
2014-06-01,US_BREAKEVEN_10Y,Foreign_Equity,0.20322919,0.484994,36
2014-07-01,US_BREAKEVEN_10Y,Foreign_Equity,0.2073686,0.485031,36
2014-08-01,US_BREAKEVEN_10Y,Foreign_Equity,0.15487546,0.460088,36
2014-09-01,US_BREAKEVEN_10Y,Foreign_Equity,0.1451793,0.371778,36
2014-10-01,US_BREAKEVEN_10Y,Foreign_Equity,0.16281614,0.422325,36
2014-11-01,US_BREAKEVEN_10Y,Foreign_Equity,0.15912211,0.379639,36
2014-12-01,US_BREAKEVEN_10Y,Foreign_Equity,0.15423233,0.389348,36
2015-01-01,US_BREAKEVEN_10Y,Foreign_Equity,0.15185544,0.389051,36
2015-02-01,US_BREAKEVEN_10Y,Foreign_Equity,0.14492512,0.361887,36
2015-03-01,US_BREAKEVEN_10Y,Foreign_Equity,0.1447657,0.348022,36
2015-04-01,US_BREAKEVEN_10Y,Foreign_Equity,0.13925701,0.344631,36
2015-05-01,US_BREAKEVEN_10Y,Foreign_Equity,0.12444086,0.314293,36
2015-06-01,US_BREAKEVEN_10Y,Foreign_Equity,0.12236432,0.312724,36
2015-07-01,US_BREAKEVEN_10Y,Foreign_Equity,0.1241402,0.317504,36
2015-08-01,US_BREAKEVEN_10Y,Foreign_Equity,0.13172585,0.352237,36
2015-09-01,US_BREAKEVEN_10Y,Foreign_Equity,0.14516615,0.31385,36
2015-10-01,US_BREAKEVEN_10Y,Foreign_Equity,0.15059353,0.311794,36
2015-11-01,US_BREAKEVEN_10Y,Foreign_Equity,0.14330797,0.301143,36
2015-12-01,US_BREAKEVEN_10Y,Foreign_Equity,0.14249346,0.288526,36
2016-01-01,US_BREAKEVEN_10Y,Foreign_Equity,0.14930126,0.267333,36
2016-02-01,US_BREAKEVEN_10Y,Foreign_Equity,0.14834627,0.266858,36
2016-03-01,US_BREAKEVEN_10Y,Foreign_Equity,0.16720407,0.367852,36
2016-04-01,US_BREAKEVEN_10Y,Foreign_Equity,0.17598425,0.394152,36
2016-05-01,US_BREAKEVEN_10Y,Foreign_Equity,0.19379691,0.483594,36
2016-06-01,US_BREAKEVEN_10Y,Foreign_Equity,0.19506605,0.450143,36
2016-07-01,US_BREAKEVEN_10Y,Foreign_Equity,0.19426344,0.434929,36
2016-08-01,US_BREAKEVEN_10Y,Foreign_Equity,0.19877919,0.444649,36
2016-09-01,US_BREAKEVEN_10Y,Foreign_Equity,0.19400569,0.428677,36
2016-10-01,US_BREAKEVEN_10Y,Foreign_Equity,0.16618669,0.34535,36
2016-11-01,US_BREAKEVEN_10Y,Foreign_Equity,0.15559244,0.338619,36
2016-12-01,US_BREAKEVEN_10Y,Foreign_Equity,0.16216016,0.362649,36
2017-01-01,US_BREAKEVEN_10Y,Foreign_Equity,0.16196251,0.36337,36
2017-02-01,US_BREAKEVEN_10Y,Foreign_Equity,0.16257454,0.359934,36
2017-03-01,US_BREAKEVEN_10Y,Foreign_Equity,0.1614559,0.360248,36
2017-04-01,US_BREAKEVEN_10Y,Foreign_Equity,0.16007325,0.361056,36
2017-05-01,US_BREAKEVEN_10Y,Foreign_Equity,0.15661562,0.348573,36
2017-06-01,US_BREAKEVEN_10Y,Foreign_Equity,0.14756336,0.319617,36
2017-07-01,US_BREAKEVEN_10Y,Foreign_Equity,0.14793812,0.321389,36
2017-08-01,US_BREAKEVEN_10Y,Foreign_Equity,0.14644305,0.315527,36
2017-09-01,US_BREAKEVEN_10Y,Foreign_Equity,0.1544801,0.340512,36
2017-10-01,US_BREAKEVEN_10Y,Foreign_Equity,0.14554667,0.305131,36
2017-11-01,US_BREAKEVEN_10Y,Foreign_Equity,0.15077582,0.348319,36
2017-12-01,US_BREAKEVEN_10Y,Foreign_Equity,0.16245972,0.35818,36
2018-01-01,US_BREAKEVEN_10Y,Foreign_Equity,0.16888775,0.37893,36
2018-02-01,US_BREAKEVEN_10Y,Foreign_Equity,0.15914962,0.308915,36
2018-03-01,US_BREAKEVEN_10Y,Foreign_Equity,0.1619678,0.316735,36
2018-04-01,US_BREAKEVEN_10Y,Foreign_Equity,0.16134859,0.307421,36
2018-05-01,US_BREAKEVEN_10Y,Foreign_Equity,0.16141498,0.307561,36
2018-06-01,US_BREAKEVEN_10Y,Foreign_Equity,0.16067129,0.308909,36
2018-07-01,US_BREAKEVEN_10Y,Foreign_Equity,0.15858765,0.302466,36
2018-08-01,US_BREAKEVEN_10Y,Foreign_Equity,0.15664114,0.258584,36
2018-09-01,US_BREAKEVEN_10Y,Foreign_Equity,0.13592402,0.22374,36
2018-10-01,US_BREAKEVEN_10Y,Foreign_Equity,0.14780171,0.247562,36
2018-11-01,US_BREAKEVEN_10Y,Foreign_Equity,0.15046564,0.263856,36
2018-12-01,US_BREAKEVEN_10Y,Foreign_Equity,0.17065777,0.334963,36
2019-01-01,US_BREAKEVEN_10Y,Foreign_Equity,0.14669519,0.299329,36
2019-02-01,US_BREAKEVEN_10Y,Foreign_Equity,0.15703695,0.298995,36
2019-03-01,US_BREAKEVEN_10Y,Foreign_Equity,0.12936273,0.193905,36
2019-04-01,US_BREAKEVEN_10Y,Foreign_Equity,0.12648808,0.184879,36
2019-05-01,US_BREAKEVEN_10Y,Foreign_Equity,0.13232372,0.20804,36
2019-06-01,US_BREAKEVEN_10Y,Foreign_Equity,0.12832314,0.195645,36
2019-07-01,US_BREAKEVEN_10Y,Foreign_Equity,0.13270328,0.210326,36
2019-08-01,US_BREAKEVEN_10Y,Foreign_Equity,0.14995856,0.272408,36
2019-09-01,US_BREAKEVEN_10Y,Foreign_Equity,0.15337097,0.277037,36
2019-10-01,US_BREAKEVEN_10Y,Foreign_Equity,0.18269266,0.36005,36
2019-11-01,US_BREAKEVEN_10Y,Foreign_Equity,0.21100297,0.420065,36
2019-12-01,US_BREAKEVEN_10Y,Foreign_Equity,0.20451875,0.397301,36
2020-01-01,US_BREAKEVEN_10Y,Foreign_Equity,0.21037335,0.403128,36
2020-02-01,US_BREAKEVEN_10Y,Foreign_Equity,0.21091819,0.417106,36
2020-03-01,US_BREAKEVEN_10Y,Foreign_Equity,0.3112727,0.784746,36
2020-04-01,US_BREAKEVEN_10Y,Foreign_Equity,0.30570751,0.776224,36
2020-05-01,US_BREAKEVEN_10Y,Foreign_Equity,0.30938617,0.778643,36
2020-06-01,US_BREAKEVEN_10Y,Foreign_Equity,0.32033856,0.812471,36
2020-07-01,US_BREAKEVEN_10Y,Foreign_Equity,0.30666764,0.786051,36
2020-08-01,US_BREAKEVEN_10Y,Foreign_Equity,0.30077651,0.787896,36
2020-09-01,US_BREAKEVEN_10Y,Foreign_Equity,0.30123181,0.786618,36
2020-10-01,US_BREAKEVEN_10Y,Foreign_Equity,0.3003436,0.787342,36
2020-11-01,US_BREAKEVEN_10Y,Foreign_Equity,0.30124094,0.765154,36
2020-12-01,US_BREAKEVEN_10Y,Foreign_Equity,0.29588283,0.76739,36
2021-01-01,US_BREAKEVEN_10Y,Foreign_Equity,0.29159131,0.759552,36
2021-02-01,US_BREAKEVEN_10Y,Foreign_Equity,0.29509793,0.799223,36
2021-03-01,US_BREAKEVEN_10Y,Foreign_Equity,0.29295158,0.79835,36
2021-04-01,US_BREAKEVEN_10Y,Foreign_Equity,0.2947397,0.805365,36
2021-05-01,US_BREAKEVEN_10Y,Foreign_Equity,0.29189881,0.80119,36
2021-06-01,US_BREAKEVEN_10Y,Foreign_Equity,0.28492642,0.780474,36
2021-07-01,US_BREAKEVEN_10Y,Foreign_Equity,0.28509627,0.780518,36
2021-08-01,US_BREAKEVEN_10Y,Foreign_Equity,0.2854276,0.782346,36
2021-09-01,US_BREAKEVEN_10Y,Foreign_Equity,0.28574569,0.780893,36
2021-10-01,US_BREAKEVEN_10Y,Foreign_Equity,0.2735289,0.767704,36
2021-11-01,US_BREAKEVEN_10Y,Foreign_Equity,0.27396981,0.765826,36
2021-12-01,US_BREAKEVEN_10Y,Foreign_Equity,0.26582742,0.750066,36
2022-01-01,US_BREAKEVEN_10Y,Foreign_Equity,0.26692684,0.756199,36
2022-02-01,US_BREAKEVEN_10Y,Foreign_Equity,0.26493705,0.753225,36
2022-03-01,US_BREAKEVEN_10Y,Foreign_Equity,0.21634778,0.584786,36
2022-04-01,US_BREAKEVEN_10Y,Foreign_Equity,0.21630922,0.586403,36
2022-05-01,US_BREAKEVEN_10Y,Foreign_Equity,0.22113266,0.602173,36
2022-06-01,US_BREAKEVEN_10Y,Foreign_Equity,0.22945505,0.62723,36
2022-07-01,US_BREAKEVEN_10Y,Foreign_Equity,0.21724388,0.608431,36
2022-08-01,US_BREAKEVEN_10Y,Foreign_Equity,0.21809942,0.603861,36
2022-09-01,US_BREAKEVEN_10Y,Foreign_Equity,0.22407794,0.618836,36
2022-10-01,US_BREAKEVEN_10Y,Foreign_Equity,0.22453788,0.614823,36
2022-11-01,US_BREAKEVEN_10Y,Foreign_Equity,0.2197465,0.559894,36
2022-12-01,US_BREAKEVEN_10Y,Foreign_Equity,0.21554286,0.547328,36
2023-01-01,US_BREAKEVEN_10Y,Foreign_Equity,0.21463027,0.541507,36
2023-02-01,US_BREAKEVEN_10Y,Foreign_Equity,0.21409409,0.537112,36
2023-03-01,US_BREAKEVEN_10Y,Foreign_Equity,0.12105073,0.225784,36
2023-04-01,US_BREAKEVEN_10Y,Foreign_Equity,0.11875858,0.214764,36
2023-05-01,US_BREAKEVEN_10Y,Foreign_Equity,0.12237975,0.23067,36
2023-06-01,US_BREAKEVEN_10Y,Foreign_Equity,0.11025515,0.202123,36
2023-07-01,US_BREAKEVEN_10Y,Foreign_Equity,0.11495866,0.208476,36
2023-08-01,US_BREAKEVEN_10Y,Foreign_Equity,0.10738195,0.178322,36
2023-09-01,US_BREAKEVEN_10Y,Foreign_Equity,0.10724243,0.177062,36
2023-10-01,US_BREAKEVEN_10Y,Foreign_Equity,0.10451702,0.158184,36
2023-11-01,US_BREAKEVEN_10Y,Foreign_Equity,0.0979847,0.149091,36
2023-12-01,US_BREAKEVEN_10Y,Foreign_Equity,0.07126856,0.074573,36
2024-01-01,US_BREAKEVEN_10Y,Foreign_Equity,0.06707339,0.064617,36
2024-02-01,US_BREAKEVEN_10Y,Foreign_Equity,0.06484857,0.058725,36
2024-03-01,US_BREAKEVEN_10Y,Foreign_Equity,0.06503865,0.056671,36
2024-04-01,US_BREAKEVEN_10Y,Foreign_Equity,0.05736523,0.045324,36
2024-05-01,US_BREAKEVEN_10Y,Foreign_Equity,0.05250781,0.037305,36
2024-06-01,US_BREAKEVEN_10Y,Foreign_Equity,0.0570335,0.043151,36
2024-07-01,US_BREAKEVEN_10Y,Foreign_Equity,0.05767717,0.043781,36
2024-08-01,US_BREAKEVEN_10Y,Foreign_Equity,0.05101318,0.036124,36
2024-09-01,US_BREAKEVEN_10Y,Foreign_Equity,0.05130523,0.035982,36
2024-10-01,US_BREAKEVEN_10Y,Foreign_Equity,0.05524919,0.041076,36
2024-11-01,US_BREAKEVEN_10Y,Foreign_Equity,0.05404111,0.038937,36
2024-12-01,US_BREAKEVEN_10Y,Foreign_Equity,0.05013016,0.031964,36
2025-01-01,US_BREAKEVEN_10Y,Foreign_Equity,0.04748115,0.029275,36
2025-02-01,US_BREAKEVEN_10Y,Foreign_Equity,0.04904119,0.031359,36
2025-03-01,US_BREAKEVEN_10Y,Foreign_Equity,0.10950521,0.10221,36
2025-04-01,US_BREAKEVEN_10Y,Foreign_Equity,0.12210281,0.118588,36
2025-05-01,US_BREAKEVEN_10Y,Foreign_Equity,0.10792732,0.087932,36
2025-06-01,US_BREAKEVEN_10Y,Foreign_Equity,0.10010788,0.077517,36
2025-07-01,US_BREAKEVEN_10Y,Foreign_Equity,0.10423875,0.067957,36
2025-08-01,US_BREAKEVEN_10Y,Foreign_Equity,0.08662188,0.044284,36
2025-09-01,US_BREAKEVEN_10Y,Foreign_Equity,0.04447424,0.01265,36
2025-10-01,US_BREAKEVEN_10Y,Foreign_Equity,0.04647851,0.014738,36
2025-11-01,US_BREAKEVEN_10Y,Foreign_Equity,0.0562797,0.025319,36
2025-12-01,US_BREAKEVEN_10Y,Foreign_Equity,0.05683535,0.024063,36
2026-01-01,US_BREAKEVEN_10Y,Foreign_Equity,0.06487969,0.031699,36
2026-02-01,US_BREAKEVEN_10Y,Foreign_Equity,0.06911536,0.033775,36
2026-03-01,US_BREAKEVEN_10Y,Foreign_Equity,0.04727406,0.016198,36
2026-04-01,US_BREAKEVEN_10Y,Foreign_Equity,0.05383404,0.021206,36
2026-05-01,US_BREAKEVEN_10Y,Foreign_Equity,0.0443202,0.014942,36
2026-06-01,US_BREAKEVEN_10Y,Foreign_Equity,0.03466581,0.01047,36
2026-07-01,US_BREAKEVEN_10Y,Foreign_Equity,0.02526446,0.005428,35
2013-12-01,US_BREAKEVEN_10Y,Bond,-0.00576303,0.00552,35
2014-01-01,US_BREAKEVEN_10Y,Bond,-0.00591038,0.00586,36
2014-02-01,US_BREAKEVEN_10Y,Bond,-0.00654843,0.007247,36
2014-03-01,US_BREAKEVEN_10Y,Bond,-0.01062674,0.019902,36
2014-04-01,US_BREAKEVEN_10Y,Bond,-0.01157098,0.02238,36
2014-05-01,US_BREAKEVEN_10Y,Bond,-0.00819776,0.010336,36
2014-06-01,US_BREAKEVEN_10Y,Bond,-0.00606535,0.005392,36
2014-07-01,US_BREAKEVEN_10Y,Bond,-0.0049497,0.003246,36
2014-08-01,US_BREAKEVEN_10Y,Bond,0.00542513,0.003759,36
2014-09-01,US_BREAKEVEN_10Y,Bond,0.01789583,0.035056,36
2014-10-01,US_BREAKEVEN_10Y,Bond,0.01128839,0.014404,36
2014-11-01,US_BREAKEVEN_10Y,Bond,0.01062735,0.012719,36
2014-12-01,US_BREAKEVEN_10Y,Bond,0.01057864,0.014061,36
2015-01-01,US_BREAKEVEN_10Y,Bond,0.00736723,0.006365,36
2015-02-01,US_BREAKEVEN_10Y,Bond,0.00947917,0.010174,36
2015-03-01,US_BREAKEVEN_10Y,Bond,0.01386269,0.022137,36
2015-04-01,US_BREAKEVEN_10Y,Bond,0.01431118,0.024445,36
2015-05-01,US_BREAKEVEN_10Y,Bond,0.01645533,0.02633,36
2015-06-01,US_BREAKEVEN_10Y,Bond,0.01671684,0.027453,36
2015-07-01,US_BREAKEVEN_10Y,Bond,0.01590604,0.028339,36
2015-08-01,US_BREAKEVEN_10Y,Bond,0.00504901,0.003126,36
2015-09-01,US_BREAKEVEN_10Y,Bond,0.0039834,0.001723,36
2015-10-01,US_BREAKEVEN_10Y,Bond,0.00303098,0.000963,36
2015-11-01,US_BREAKEVEN_10Y,Bond,-0.00184993,0.00035,36
2015-12-01,US_BREAKEVEN_10Y,Bond,0.00063405,4.2e-05,36
2016-01-01,US_BREAKEVEN_10Y,Bond,-0.00210922,0.000453,36
2016-02-01,US_BREAKEVEN_10Y,Bond,-0.00463145,0.002133,36
2016-03-01,US_BREAKEVEN_10Y,Bond,-0.00754093,0.007316,36
2016-04-01,US_BREAKEVEN_10Y,Bond,-0.00680757,0.005913,36
2016-05-01,US_BREAKEVEN_10Y,Bond,-0.00882733,0.009701,36
2016-06-01,US_BREAKEVEN_10Y,Bond,-0.03266643,0.159178,36
2016-07-01,US_BREAKEVEN_10Y,Bond,-0.02923964,0.128712,36
2016-08-01,US_BREAKEVEN_10Y,Bond,-0.02699086,0.113133,36
2016-09-01,US_BREAKEVEN_10Y,Bond,-0.02885829,0.124112,36
2016-10-01,US_BREAKEVEN_10Y,Bond,-0.0321189,0.161068,36
2016-11-01,US_BREAKEVEN_10Y,Bond,-0.0425688,0.240834,36
2016-12-01,US_BREAKEVEN_10Y,Bond,-0.04588629,0.272545,36
2017-01-01,US_BREAKEVEN_10Y,Bond,-0.04537203,0.268102,36
2017-02-01,US_BREAKEVEN_10Y,Bond,-0.04495866,0.260693,36
2017-03-01,US_BREAKEVEN_10Y,Bond,-0.04451876,0.253049,36
2017-04-01,US_BREAKEVEN_10Y,Bond,-0.04363372,0.248143,36
2017-05-01,US_BREAKEVEN_10Y,Bond,-0.04295317,0.242799,36
2017-06-01,US_BREAKEVEN_10Y,Bond,-0.04395515,0.261383,36
2017-07-01,US_BREAKEVEN_10Y,Bond,-0.04663317,0.309456,36
2017-08-01,US_BREAKEVEN_10Y,Bond,-0.04749066,0.3179,36
2017-09-01,US_BREAKEVEN_10Y,Bond,-0.04755981,0.313153,36
2017-10-01,US_BREAKEVEN_10Y,Bond,-0.04514467,0.274836,36
2017-11-01,US_BREAKEVEN_10Y,Bond,-0.04473585,0.268161,36
2017-12-01,US_BREAKEVEN_10Y,Bond,-0.04865145,0.283421,36
2018-01-01,US_BREAKEVEN_10Y,Bond,-0.04591954,0.28157,36
2018-02-01,US_BREAKEVEN_10Y,Bond,-0.04984781,0.319015,36
2018-03-01,US_BREAKEVEN_10Y,Bond,-0.05098523,0.332912,36
2018-04-01,US_BREAKEVEN_10Y,Bond,-0.05384659,0.366914,36
2018-05-01,US_BREAKEVEN_10Y,Bond,-0.0539713,0.425184,36
2018-06-01,US_BREAKEVEN_10Y,Bond,-0.05450316,0.425509,36
2018-07-01,US_BREAKEVEN_10Y,Bond,-0.05498617,0.419279,36
2018-08-01,US_BREAKEVEN_10Y,Bond,-0.05838764,0.402546,36
2018-09-01,US_BREAKEVEN_10Y,Bond,-0.05811175,0.372248,36
2018-10-01,US_BREAKEVEN_10Y,Bond,-0.05676476,0.364954,36
2018-11-01,US_BREAKEVEN_10Y,Bond,-0.05575033,0.376029,36
2018-12-01,US_BREAKEVEN_10Y,Bond,-0.05692172,0.41802,36
2019-01-01,US_BREAKEVEN_10Y,Bond,-0.05539026,0.397292,36
2019-02-01,US_BREAKEVEN_10Y,Bond,-0.05182168,0.358383,36
2019-03-01,US_BREAKEVEN_10Y,Bond,-0.06326695,0.421967,36
2019-04-01,US_BREAKEVEN_10Y,Bond,-0.06452192,0.431218,36
2019-05-01,US_BREAKEVEN_10Y,Bond,-0.06231197,0.426466,36
2019-06-01,US_BREAKEVEN_10Y,Bond,-0.06377838,0.435639,36
2019-07-01,US_BREAKEVEN_10Y,Bond,-0.06115559,0.429942,36
2019-08-01,US_BREAKEVEN_10Y,Bond,-0.06400108,0.482234,36
2019-09-01,US_BREAKEVEN_10Y,Bond,-0.06322599,0.450101,36
2019-10-01,US_BREAKEVEN_10Y,Bond,-0.06461771,0.412268,36
2019-11-01,US_BREAKEVEN_10Y,Bond,-0.05700709,0.358609,36
2019-12-01,US_BREAKEVEN_10Y,Bond,-0.04938037,0.279376,36
2020-01-01,US_BREAKEVEN_10Y,Bond,-0.05217762,0.301374,36
2020-02-01,US_BREAKEVEN_10Y,Bond,-0.05222401,0.313391,36
2020-03-01,US_BREAKEVEN_10Y,Bond,-0.01977773,0.132149,36
2020-04-01,US_BREAKEVEN_10Y,Bond,-0.01979299,0.135541,36
2020-05-01,US_BREAKEVEN_10Y,Bond,-0.02003411,0.139358,36
2020-06-01,US_BREAKEVEN_10Y,Bond,-0.01917605,0.133698,36
2020-07-01,US_BREAKEVEN_10Y,Bond,-0.01758617,0.12205,36
2020-08-01,US_BREAKEVEN_10Y,Bond,-0.01727285,0.126236,36
2020-09-01,US_BREAKEVEN_10Y,Bond,-0.01725168,0.118563,36
2020-10-01,US_BREAKEVEN_10Y,Bond,-0.01684045,0.122111,36
2020-11-01,US_BREAKEVEN_10Y,Bond,-0.01698683,0.122189,36
2020-12-01,US_BREAKEVEN_10Y,Bond,-0.01782779,0.140688,36
2021-01-01,US_BREAKEVEN_10Y,Bond,-0.01678138,0.132224,36
2021-02-01,US_BREAKEVEN_10Y,Bond,-0.01702914,0.139031,36
2021-03-01,US_BREAKEVEN_10Y,Bond,-0.01839088,0.148403,36
2021-04-01,US_BREAKEVEN_10Y,Bond,-0.01850758,0.151686,36
2021-05-01,US_BREAKEVEN_10Y,Bond,-0.01906773,0.163912,36
2021-06-01,US_BREAKEVEN_10Y,Bond,-0.01858168,0.162329,36
2021-07-01,US_BREAKEVEN_10Y,Bond,-0.01868767,0.163298,36
2021-08-01,US_BREAKEVEN_10Y,Bond,-0.01848379,0.161117,36
2021-09-01,US_BREAKEVEN_10Y,Bond,-0.01854077,0.159529,36
2021-10-01,US_BREAKEVEN_10Y,Bond,-0.02236923,0.194585,36
2021-11-01,US_BREAKEVEN_10Y,Bond,-0.0210936,0.175835,36
2021-12-01,US_BREAKEVEN_10Y,Bond,-0.02024804,0.165394,36
2022-01-01,US_BREAKEVEN_10Y,Bond,-0.01963686,0.134566,36
2022-02-01,US_BREAKEVEN_10Y,Bond,-0.01974453,0.129337,36
2022-03-01,US_BREAKEVEN_10Y,Bond,-0.0183377,0.130861,36
2022-04-01,US_BREAKEVEN_10Y,Bond,-0.01861225,0.110462,36
2022-05-01,US_BREAKEVEN_10Y,Bond,-0.01689838,0.095248,36
2022-06-01,US_BREAKEVEN_10Y,Bond,-0.01292779,0.054244,36
2022-07-01,US_BREAKEVEN_10Y,Bond,-0.01913987,0.108422,36
2022-08-01,US_BREAKEVEN_10Y,Bond,-0.0157254,0.079046,36
2022-09-01,US_BREAKEVEN_10Y,Bond,-0.0111422,0.031956,36
2022-10-01,US_BREAKEVEN_10Y,Bond,-0.0112543,0.030679,36
2022-11-01,US_BREAKEVEN_10Y,Bond,-0.01206136,0.030249,36
2022-12-01,US_BREAKEVEN_10Y,Bond,-0.01587759,0.04669,36
2023-01-01,US_BREAKEVEN_10Y,Bond,-0.016265,0.047874,36
2023-02-01,US_BREAKEVEN_10Y,Bond,-0.01513352,0.041736,36
2023-03-01,US_BREAKEVEN_10Y,Bond,-0.02012776,0.04266,36
2023-04-01,US_BREAKEVEN_10Y,Bond,-0.0217792,0.048595,36
2023-05-01,US_BREAKEVEN_10Y,Bond,-0.02107741,0.046693,36
2023-06-01,US_BREAKEVEN_10Y,Bond,-0.02164153,0.047438,36
2023-07-01,US_BREAKEVEN_10Y,Bond,-0.02372181,0.055212,36
2023-08-01,US_BREAKEVEN_10Y,Bond,-0.02621695,0.063002,36
2023-09-01,US_BREAKEVEN_10Y,Bond,-0.02644829,0.064308,36
2023-10-01,US_BREAKEVEN_10Y,Bond,-0.02729937,0.066254,36
2023-11-01,US_BREAKEVEN_10Y,Bond,-0.03218578,0.08263,36
2023-12-01,US_BREAKEVEN_10Y,Bond,-0.04125003,0.112633,36
2024-01-01,US_BREAKEVEN_10Y,Bond,-0.04131264,0.107969,36
2024-02-01,US_BREAKEVEN_10Y,Bond,-0.04107326,0.105147,36
2024-03-01,US_BREAKEVEN_10Y,Bond,-0.03944121,0.096351,36
2024-04-01,US_BREAKEVEN_10Y,Bond,-0.04093443,0.103225,36
2024-05-01,US_BREAKEVEN_10Y,Bond,-0.04154232,0.103716,36
2024-06-01,US_BREAKEVEN_10Y,Bond,-0.0439006,0.110882,36
2024-07-01,US_BREAKEVEN_10Y,Bond,-0.04305668,0.105786,36
2024-08-01,US_BREAKEVEN_10Y,Bond,-0.04513195,0.120825,36
2024-09-01,US_BREAKEVEN_10Y,Bond,-0.04508309,0.121736,36
2024-10-01,US_BREAKEVEN_10Y,Bond,-0.03815977,0.090837,36
2024-11-01,US_BREAKEVEN_10Y,Bond,-0.03877816,0.09245,36
2024-12-01,US_BREAKEVEN_10Y,Bond,-0.03765826,0.081701,36
2025-01-01,US_BREAKEVEN_10Y,Bond,-0.0376796,0.087434,36
2025-02-01,US_BREAKEVEN_10Y,Bond,-0.03741414,0.088094,36
2025-03-01,US_BREAKEVEN_10Y,Bond,-0.04834842,0.099058,36
2025-04-01,US_BREAKEVEN_10Y,Bond,-0.04497262,0.09563,36
2025-05-01,US_BREAKEVEN_10Y,Bond,-0.0540839,0.127116,36
2025-06-01,US_BREAKEVEN_10Y,Bond,-0.05938832,0.160855,36
2025-07-01,US_BREAKEVEN_10Y,Bond,-0.05256317,0.107905,36
2025-08-01,US_BREAKEVEN_10Y,Bond,-0.05664169,0.113197,36
2025-09-01,US_BREAKEVEN_10Y,Bond,-0.08483381,0.301388,36
2025-10-01,US_BREAKEVEN_10Y,Bond,-0.07894931,0.300859,36
2025-11-01,US_BREAKEVEN_10Y,Bond,-0.07254852,0.253682,36
2025-12-01,US_BREAKEVEN_10Y,Bond,-0.06279232,0.200429,36
2026-01-01,US_BREAKEVEN_10Y,Bond,-0.06306341,0.206539,36
2026-02-01,US_BREAKEVEN_10Y,Bond,-0.06503807,0.205852,36
2026-03-01,US_BREAKEVEN_10Y,Bond,-0.06610276,0.210688,36
2026-04-01,US_BREAKEVEN_10Y,Bond,-0.06399789,0.201991,36
2026-05-01,US_BREAKEVEN_10Y,Bond,-0.07158794,0.230461,36
2026-06-01,US_BREAKEVEN_10Y,Bond,-0.06007112,0.190411,36
2026-07-01,US_BREAKEVEN_10Y,Bond,-0.06139539,0.190414,35
2013-12-01,US_BREAKEVEN_10Y,Gold,-0.03435161,0.009765,35
2014-01-01,US_BREAKEVEN_10Y,Gold,-0.04007137,0.013012,36
2014-02-01,US_BREAKEVEN_10Y,Gold,-0.04236825,0.014667,36
2014-03-01,US_BREAKEVEN_10Y,Gold,-0.04432757,0.015037,36
2014-04-01,US_BREAKEVEN_10Y,Gold,-0.06049727,0.026956,36
2014-05-01,US_BREAKEVEN_10Y,Gold,-0.04818166,0.015931,36
2014-06-01,US_BREAKEVEN_10Y,Gold,-0.04510713,0.013141,36
2014-07-01,US_BREAKEVEN_10Y,Gold,-0.04703733,0.012799,36
2014-08-01,US_BREAKEVEN_10Y,Gold,-0.02689122,0.003775,36
2014-09-01,US_BREAKEVEN_10Y,Gold,0.10589253,0.062376,36
2014-10-01,US_BREAKEVEN_10Y,Gold,0.11475203,0.077184,36
2014-11-01,US_BREAKEVEN_10Y,Gold,0.12834705,0.097901,36
2014-12-01,US_BREAKEVEN_10Y,Gold,0.08747791,0.051808,36
2015-01-01,US_BREAKEVEN_10Y,Gold,0.09403312,0.062559,36
2015-02-01,US_BREAKEVEN_10Y,Gold,0.10763826,0.075647,36
2015-03-01,US_BREAKEVEN_10Y,Gold,0.08074661,0.043295,36
2015-04-01,US_BREAKEVEN_10Y,Gold,0.08006208,0.044904,36
2015-05-01,US_BREAKEVEN_10Y,Gold,0.0808275,0.043837,36
2015-06-01,US_BREAKEVEN_10Y,Gold,0.07951004,0.043244,36
2015-07-01,US_BREAKEVEN_10Y,Gold,0.07921915,0.043295,36
2015-08-01,US_BREAKEVEN_10Y,Gold,0.11050494,0.082235,36
2015-09-01,US_BREAKEVEN_10Y,Gold,0.08949698,0.046555,36
2015-10-01,US_BREAKEVEN_10Y,Gold,0.06496799,0.027776,36
2015-11-01,US_BREAKEVEN_10Y,Gold,0.05900268,0.023511,36
2015-12-01,US_BREAKEVEN_10Y,Gold,0.06466096,0.027009,36
2016-01-01,US_BREAKEVEN_10Y,Gold,0.05731402,0.020372,36
2016-02-01,US_BREAKEVEN_10Y,Gold,0.04015933,0.009433,36
2016-03-01,US_BREAKEVEN_10Y,Gold,0.11590198,0.082127,36
2016-04-01,US_BREAKEVEN_10Y,Gold,0.11086075,0.07458,36
2016-05-01,US_BREAKEVEN_10Y,Gold,0.09497288,0.053935,36
2016-06-01,US_BREAKEVEN_10Y,Gold,0.0903407,0.043153,36
2016-07-01,US_BREAKEVEN_10Y,Gold,0.11466089,0.056821,36
2016-08-01,US_BREAKEVEN_10Y,Gold,0.12911621,0.072348,36
2016-09-01,US_BREAKEVEN_10Y,Gold,0.12804953,0.074465,36
2016-10-01,US_BREAKEVEN_10Y,Gold,0.09057647,0.03905,36
2016-11-01,US_BREAKEVEN_10Y,Gold,0.09000101,0.04232,36
2016-12-01,US_BREAKEVEN_10Y,Gold,0.05262868,0.013355,36
2017-01-01,US_BREAKEVEN_10Y,Gold,0.06044735,0.018176,36
2017-02-01,US_BREAKEVEN_10Y,Gold,0.06607463,0.021188,36
2017-03-01,US_BREAKEVEN_10Y,Gold,0.06262563,0.019363,36
2017-04-01,US_BREAKEVEN_10Y,Gold,0.05915799,0.017795,36
2017-05-01,US_BREAKEVEN_10Y,Gold,0.06261728,0.020278,36
2017-06-01,US_BREAKEVEN_10Y,Gold,0.06001207,0.019264,36
2017-07-01,US_BREAKEVEN_10Y,Gold,0.04486103,0.011027,36
2017-08-01,US_BREAKEVEN_10Y,Gold,0.04455246,0.010612,36
2017-09-01,US_BREAKEVEN_10Y,Gold,0.04822621,0.011694,36
2017-10-01,US_BREAKEVEN_10Y,Gold,0.02497565,0.002906,36
2017-11-01,US_BREAKEVEN_10Y,Gold,0.01931305,0.00179,36
2017-12-01,US_BREAKEVEN_10Y,Gold,0.041121,0.00741,36
2018-01-01,US_BREAKEVEN_10Y,Gold,0.06009032,0.015938,36
2018-02-01,US_BREAKEVEN_10Y,Gold,0.05013107,0.011041,36
2018-03-01,US_BREAKEVEN_10Y,Gold,0.05644866,0.014476,36
2018-04-01,US_BREAKEVEN_10Y,Gold,0.05712971,0.01448,36
2018-05-01,US_BREAKEVEN_10Y,Gold,0.05661215,0.014199,36
2018-06-01,US_BREAKEVEN_10Y,Gold,0.05771586,0.014779,36
2018-07-01,US_BREAKEVEN_10Y,Gold,0.05658096,0.01386,36
2018-08-01,US_BREAKEVEN_10Y,Gold,0.00555978,0.000119,36
2018-09-01,US_BREAKEVEN_10Y,Gold,0.02119288,0.001673,36
2018-10-01,US_BREAKEVEN_10Y,Gold,0.02298247,0.001963,36
2018-11-01,US_BREAKEVEN_10Y,Gold,0.01943448,0.001489,36
2018-12-01,US_BREAKEVEN_10Y,Gold,0.00043096,1e-06,36
2019-01-01,US_BREAKEVEN_10Y,Gold,0.00572025,0.000147,36
2019-02-01,US_BREAKEVEN_10Y,Gold,0.03054713,0.004109,36
2019-03-01,US_BREAKEVEN_10Y,Gold,-0.06985303,0.019765,36
2019-04-01,US_BREAKEVEN_10Y,Gold,-0.06698501,0.01801,36
2019-05-01,US_BREAKEVEN_10Y,Gold,-0.05165347,0.011862,36
2019-06-01,US_BREAKEVEN_10Y,Gold,-0.10917696,0.055052,36
2019-07-01,US_BREAKEVEN_10Y,Gold,-0.09200015,0.050466,36
2019-08-01,US_BREAKEVEN_10Y,Gold,-0.12345352,0.094018,36
2019-09-01,US_BREAKEVEN_10Y,Gold,-0.12221627,0.089998,36
2019-10-01,US_BREAKEVEN_10Y,Gold,-0.0937497,0.05061,36
2019-11-01,US_BREAKEVEN_10Y,Gold,-0.11357097,0.068093,36
2019-12-01,US_BREAKEVEN_10Y,Gold,-0.06186724,0.026549,36
2020-01-01,US_BREAKEVEN_10Y,Gold,-0.05807902,0.021845,36
2020-02-01,US_BREAKEVEN_10Y,Gold,-0.06592529,0.030054,36
2020-03-01,US_BREAKEVEN_10Y,Gold,-0.06474128,0.08108,36
2020-04-01,US_BREAKEVEN_10Y,Gold,-0.06950202,0.093713,36
2020-05-01,US_BREAKEVEN_10Y,Gold,-0.06805235,0.083552,36
2020-06-01,US_BREAKEVEN_10Y,Gold,-0.06352017,0.076344,36
2020-07-01,US_BREAKEVEN_10Y,Gold,-0.04755794,0.048926,36
2020-08-01,US_BREAKEVEN_10Y,Gold,-0.00620536,0.000591,36
2020-09-01,US_BREAKEVEN_10Y,Gold,-0.01040591,0.001661,36
2020-10-01,US_BREAKEVEN_10Y,Gold,-0.01003441,0.001657,36
2020-11-01,US_BREAKEVEN_10Y,Gold,-0.01015213,0.001699,36
2020-12-01,US_BREAKEVEN_10Y,Gold,-0.02660177,0.011347,36
2021-01-01,US_BREAKEVEN_10Y,Gold,-0.02177219,0.00746,36
2021-02-01,US_BREAKEVEN_10Y,Gold,-0.02916745,0.012533,36
2021-03-01,US_BREAKEVEN_10Y,Gold,-0.03740474,0.019078,36
2021-04-01,US_BREAKEVEN_10Y,Gold,-0.03646175,0.018204,36
2021-05-01,US_BREAKEVEN_10Y,Gold,-0.03142627,0.01372,36
2021-06-01,US_BREAKEVEN_10Y,Gold,-0.03779366,0.019962,36
2021-07-01,US_BREAKEVEN_10Y,Gold,-0.03678147,0.018518,36
2021-08-01,US_BREAKEVEN_10Y,Gold,-0.03812168,0.02037,36
2021-09-01,US_BREAKEVEN_10Y,Gold,-0.03735563,0.019845,36
2021-10-01,US_BREAKEVEN_10Y,Gold,-0.04535346,0.029621,36
2021-11-01,US_BREAKEVEN_10Y,Gold,-0.04391095,0.027451,36
2021-12-01,US_BREAKEVEN_10Y,Gold,-0.04149701,0.02408,36
2022-01-01,US_BREAKEVEN_10Y,Gold,-0.04037277,0.02299,36
2022-02-01,US_BREAKEVEN_10Y,Gold,-0.04170815,0.02444,36
2022-03-01,US_BREAKEVEN_10Y,Gold,-0.01183241,0.002203,36
2022-04-01,US_BREAKEVEN_10Y,Gold,-0.0119604,0.002255,36
2022-05-01,US_BREAKEVEN_10Y,Gold,-0.00468289,0.000349,36
2022-06-01,US_BREAKEVEN_10Y,Gold,0.00226407,8.1e-05,36
2022-07-01,US_BREAKEVEN_10Y,Gold,0.01767454,0.00514,36
2022-08-01,US_BREAKEVEN_10Y,Gold,0.02896755,0.014264,36
2022-09-01,US_BREAKEVEN_10Y,Gold,0.03498337,0.020939,36
2022-10-01,US_BREAKEVEN_10Y,Gold,0.03381079,0.019747,36
2022-11-01,US_BREAKEVEN_10Y,Gold,0.03576795,0.021672,36
2022-12-01,US_BREAKEVEN_10Y,Gold,0.02650053,0.011006,36
2023-01-01,US_BREAKEVEN_10Y,Gold,0.02578325,0.010471,36
2023-02-01,US_BREAKEVEN_10Y,Gold,0.03059068,0.014473,36
2023-03-01,US_BREAKEVEN_10Y,Gold,0.10547484,0.098127,36
2023-04-01,US_BREAKEVEN_10Y,Gold,0.09850044,0.076705,36
2023-05-01,US_BREAKEVEN_10Y,Gold,0.09957781,0.0822,36
2023-06-01,US_BREAKEVEN_10Y,Gold,0.10405068,0.086434,36
2023-07-01,US_BREAKEVEN_10Y,Gold,0.09531444,0.070254,36
2023-08-01,US_BREAKEVEN_10Y,Gold,0.05392861,0.028305,36
2023-09-01,US_BREAKEVEN_10Y,Gold,0.05282614,0.027553,36
2023-10-01,US_BREAKEVEN_10Y,Gold,0.05172014,0.025442,36
2023-11-01,US_BREAKEVEN_10Y,Gold,0.03407029,0.009829,36
2023-12-01,US_BREAKEVEN_10Y,Gold,0.05248851,0.023542,36
2024-01-01,US_BREAKEVEN_10Y,Gold,0.03800038,0.012479,36
2024-02-01,US_BREAKEVEN_10Y,Gold,0.04869165,0.021083,36
2024-03-01,US_BREAKEVEN_10Y,Gold,0.06509875,0.03827,36
2024-04-01,US_BREAKEVEN_10Y,Gold,0.07347014,0.046095,36
2024-05-01,US_BREAKEVEN_10Y,Gold,0.0669382,0.037992,36
2024-06-01,US_BREAKEVEN_10Y,Gold,0.07786304,0.051836,36
2024-07-01,US_BREAKEVEN_10Y,Gold,0.07608429,0.052134,36
2024-08-01,US_BREAKEVEN_10Y,Gold,0.06589008,0.041018,36
2024-09-01,US_BREAKEVEN_10Y,Gold,0.06615271,0.040724,36
2024-10-01,US_BREAKEVEN_10Y,Gold,0.10319508,0.096314,36
2024-11-01,US_BREAKEVEN_10Y,Gold,0.1045058,0.097412,36
2024-12-01,US_BREAKEVEN_10Y,Gold,0.10572295,0.093001,36
2025-01-01,US_BREAKEVEN_10Y,Gold,0.10240997,0.089183,36
2025-02-01,US_BREAKEVEN_10Y,Gold,0.10731397,0.086323,36
2025-03-01,US_BREAKEVEN_10Y,Gold,0.08308982,0.036203,36
2025-04-01,US_BREAKEVEN_10Y,Gold,0.06624809,0.021431,36
2025-05-01,US_BREAKEVEN_10Y,Gold,0.05051077,0.011703,36
2025-06-01,US_BREAKEVEN_10Y,Gold,0.04471403,0.009174,36
2025-07-01,US_BREAKEVEN_10Y,Gold,-0.03961702,0.006153,36
2025-08-01,US_BREAKEVEN_10Y,Gold,-0.03637855,0.004692,36
2025-09-01,US_BREAKEVEN_10Y,Gold,-0.07905972,0.020817,36
2025-10-01,US_BREAKEVEN_10Y,Gold,-0.10593035,0.03388,36
2025-11-01,US_BREAKEVEN_10Y,Gold,-0.10973001,0.038383,36
2025-12-01,US_BREAKEVEN_10Y,Gold,-0.08360576,0.022045,36
2026-01-01,US_BREAKEVEN_10Y,Gold,-0.06283205,0.012079,36
2026-02-01,US_BREAKEVEN_10Y,Gold,-0.07259121,0.015174,36
2026-03-01,US_BREAKEVEN_10Y,Gold,-0.09415908,0.027054,36
2026-04-01,US_BREAKEVEN_10Y,Gold,-0.0931795,0.027273,36
2026-05-01,US_BREAKEVEN_10Y,Gold,-0.11029648,0.037927,36
2026-06-01,US_BREAKEVEN_10Y,Gold,-0.04602895,0.007209,36
2026-07-01,US_BREAKEVEN_10Y,Gold,0.00540181,7.7e-05,36
2013-12-01,USDKRW,Domestic_Equity,-1.34969237,0.359716,35
2014-01-01,USDKRW,Domestic_Equity,-1.35278151,0.364399,36
2014-02-01,USDKRW,Domestic_Equity,-1.35281976,0.375703,36
2014-03-01,USDKRW,Domestic_Equity,-1.35176822,0.374677,36
2014-04-01,USDKRW,Domestic_Equity,-1.19610957,0.321047,36
2014-05-01,USDKRW,Domestic_Equity,-1.16272138,0.312606,36
2014-06-01,USDKRW,Domestic_Equity,-1.16776088,0.319541,36
2014-07-01,USDKRW,Domestic_Equity,-1.13249768,0.29625,36
2014-08-01,USDKRW,Domestic_Equity,-0.9050042,0.330328,36
2014-09-01,USDKRW,Domestic_Equity,-0.90085327,0.274405,36
2014-10-01,USDKRW,Domestic_Equity,-1.17010175,0.406445,36
2014-11-01,USDKRW,Domestic_Equity,-0.93912946,0.3118,36
2014-12-01,USDKRW,Domestic_Equity,-0.9663665,0.321483,36
2015-01-01,USDKRW,Domestic_Equity,-0.92191155,0.299258,36
2015-02-01,USDKRW,Domestic_Equity,-0.78622944,0.246675,36
2015-03-01,USDKRW,Domestic_Equity,-0.74456593,0.217569,36
2015-04-01,USDKRW,Domestic_Equity,-0.81727267,0.255725,36
2015-05-01,USDKRW,Domestic_Equity,-0.70582967,0.214396,36
2015-06-01,USDKRW,Domestic_Equity,-0.7239437,0.232698,36
2015-07-01,USDKRW,Domestic_Equity,-0.72228409,0.251061,36
2015-08-01,USDKRW,Domestic_Equity,-0.77149654,0.300374,36
2015-09-01,USDKRW,Domestic_Equity,-0.76017804,0.295348,36
2015-10-01,USDKRW,Domestic_Equity,-0.83974148,0.366904,36
2015-11-01,USDKRW,Domestic_Equity,-0.90848963,0.428305,36
2015-12-01,USDKRW,Domestic_Equity,-0.88593318,0.428075,36
2016-01-01,USDKRW,Domestic_Equity,-0.92453113,0.4574,36
2016-02-01,USDKRW,Domestic_Equity,-0.93499395,0.458881,36
2016-03-01,USDKRW,Domestic_Equity,-0.976358,0.505719,36
2016-04-01,USDKRW,Domestic_Equity,-0.90763946,0.480957,36
2016-05-01,USDKRW,Domestic_Equity,-0.88904311,0.480543,36
2016-06-01,USDKRW,Domestic_Equity,-0.84333965,0.465486,36
2016-07-01,USDKRW,Domestic_Equity,-0.84463531,0.480959,36
2016-08-01,USDKRW,Domestic_Equity,-0.82551212,0.481574,36
2016-09-01,USDKRW,Domestic_Equity,-0.77559322,0.443737,36
2016-10-01,USDKRW,Domestic_Equity,-0.75090053,0.425421,36
2016-11-01,USDKRW,Domestic_Equity,-0.76920919,0.45587,36
2016-12-01,USDKRW,Domestic_Equity,-0.7464262,0.426325,36
2017-01-01,USDKRW,Domestic_Equity,-0.74463096,0.425426,36
2017-02-01,USDKRW,Domestic_Equity,-0.69813938,0.408995,36
2017-03-01,USDKRW,Domestic_Equity,-0.70637402,0.409216,36
2017-04-01,USDKRW,Domestic_Equity,-0.71292977,0.398975,36
2017-05-01,USDKRW,Domestic_Equity,-0.77832842,0.393533,36
2017-06-01,USDKRW,Domestic_Equity,-0.77872031,0.375009,36
2017-07-01,USDKRW,Domestic_Equity,-0.78000337,0.374968,36
2017-08-01,USDKRW,Domestic_Equity,-0.77240112,0.363515,36
2017-09-01,USDKRW,Domestic_Equity,-0.7678859,0.359938,36
2017-10-01,USDKRW,Domestic_Equity,-0.71330345,0.329083,36
2017-11-01,USDKRW,Domestic_Equity,-0.78671156,0.379103,36
2017-12-01,USDKRW,Domestic_Equity,-0.72793402,0.316996,36
2018-01-01,USDKRW,Domestic_Equity,-0.75754304,0.3475,36
2018-02-01,USDKRW,Domestic_Equity,-0.80912541,0.372689,36
2018-03-01,USDKRW,Domestic_Equity,-0.83036141,0.397519,36
2018-04-01,USDKRW,Domestic_Equity,-0.78721136,0.369119,36
2018-05-01,USDKRW,Domestic_Equity,-0.78827806,0.370378,36
2018-06-01,USDKRW,Domestic_Equity,-0.7879413,0.367814,36
2018-07-01,USDKRW,Domestic_Equity,-0.90201822,0.416741,36
2018-08-01,USDKRW,Domestic_Equity,-0.82825674,0.374983,36
2018-09-01,USDKRW,Domestic_Equity,-0.82370159,0.370969,36
2018-10-01,USDKRW,Domestic_Equity,-0.85558832,0.314963,36
2018-11-01,USDKRW,Domestic_Equity,-0.83229339,0.278726,36
2018-12-01,USDKRW,Domestic_Equity,-0.82059703,0.267899,36
2019-01-01,USDKRW,Domestic_Equity,-0.76944519,0.227215,36
2019-02-01,USDKRW,Domestic_Equity,-0.76268493,0.19927,36
2019-03-01,USDKRW,Domestic_Equity,-0.74062387,0.178365,36
2019-04-01,USDKRW,Domestic_Equity,-0.7620506,0.168457,36
2019-05-01,USDKRW,Domestic_Equity,-0.89052547,0.226718,36
2019-06-01,USDKRW,Domestic_Equity,-0.88814083,0.225753,36
2019-07-01,USDKRW,Domestic_Equity,-0.91491441,0.225456,36
2019-08-01,USDKRW,Domestic_Equity,-1.09719938,0.279027,36
2019-09-01,USDKRW,Domestic_Equity,-1.17147658,0.302264,36
2019-10-01,USDKRW,Domestic_Equity,-1.20317852,0.312359,36
2019-11-01,USDKRW,Domestic_Equity,-1.26171483,0.311772,36
2019-12-01,USDKRW,Domestic_Equity,-1.35207292,0.34668,36
2020-01-01,USDKRW,Domestic_Equity,-1.3592981,0.349595,36
2020-02-01,USDKRW,Domestic_Equity,-1.52453337,0.397866,36
2020-03-01,USDKRW,Domestic_Equity,-1.91572198,0.355042,36
2020-04-01,USDKRW,Domestic_Equity,-1.89836475,0.340944,36
2020-05-01,USDKRW,Domestic_Equity,-1.80650553,0.30544,36
2020-06-01,USDKRW,Domestic_Equity,-1.99148537,0.356384,36
2020-07-01,USDKRW,Domestic_Equity,-2.00607033,0.362923,36
2020-08-01,USDKRW,Domestic_Equity,-2.09810039,0.379312,36
2020-09-01,USDKRW,Domestic_Equity,-2.07783618,0.37706,36
2020-10-01,USDKRW,Domestic_Equity,-1.82304082,0.330962,36
2020-11-01,USDKRW,Domestic_Equity,-1.9576832,0.359214,36
2020-12-01,USDKRW,Domestic_Equity,-2.2429845,0.431938,36
2021-01-01,USDKRW,Domestic_Equity,-2.23845871,0.367899,36
2021-02-01,USDKRW,Domestic_Equity,-2.18127959,0.355223,36
2021-03-01,USDKRW,Domestic_Equity,-2.19690934,0.364801,36
2021-04-01,USDKRW,Domestic_Equity,-2.21604025,0.373507,36
2021-05-01,USDKRW,Domestic_Equity,-2.22313357,0.374356,36
2021-06-01,USDKRW,Domestic_Equity,-2.22596393,0.366952,36
2021-07-01,USDKRW,Domestic_Equity,-2.1174044,0.334642,36
2021-08-01,USDKRW,Domestic_Equity,-2.13618012,0.343465,36
2021-09-01,USDKRW,Domestic_Equity,-2.14117156,0.346809,36
2021-10-01,USDKRW,Domestic_Equity,-2.11260073,0.342743,36
2021-11-01,USDKRW,Domestic_Equity,-2.17305018,0.36776,36
2021-12-01,USDKRW,Domestic_Equity,-2.18704194,0.373129,36
2022-01-01,USDKRW,Domestic_Equity,-2.23048994,0.379152,36
2022-02-01,USDKRW,Domestic_Equity,-2.23189144,0.37455,36
2022-03-01,USDKRW,Domestic_Equity,-2.17818708,0.368994,36
2022-04-01,USDKRW,Domestic_Equity,-2.18638137,0.37451,36
2022-05-01,USDKRW,Domestic_Equity,-2.17902154,0.356576,36
2022-06-01,USDKRW,Domestic_Equity,-2.24623766,0.361587,36
2022-07-01,USDKRW,Domestic_Equity,-2.27470773,0.382484,36
2022-08-01,USDKRW,Domestic_Equity,-2.1745292,0.33187,36
2022-09-01,USDKRW,Domestic_Equity,-1.84783566,0.326703,36
2022-10-01,USDKRW,Domestic_Equity,-1.91479561,0.344364,36
2022-11-01,USDKRW,Domestic_Equity,-1.86719625,0.378423,36
2022-12-01,USDKRW,Domestic_Equity,-1.39389865,0.259952,36
2023-01-01,USDKRW,Domestic_Equity,-1.24359394,0.230969,36
2023-02-01,USDKRW,Domestic_Equity,-1.16062078,0.201452,36
2023-03-01,USDKRW,Domestic_Equity,-0.98842102,0.210646,36
2023-04-01,USDKRW,Domestic_Equity,-0.96532414,0.201112,36
2023-05-01,USDKRW,Domestic_Equity,-0.97109521,0.209697,36
2023-06-01,USDKRW,Domestic_Equity,-0.8972212,0.197564,36
2023-07-01,USDKRW,Domestic_Equity,-0.87326757,0.189544,36
2023-08-01,USDKRW,Domestic_Equity,-0.82160338,0.185244,36
2023-09-01,USDKRW,Domestic_Equity,-0.82818154,0.186644,36
2023-10-01,USDKRW,Domestic_Equity,-0.92018307,0.207828,36
2023-11-01,USDKRW,Domestic_Equity,-0.83979228,0.187387,36
2023-12-01,USDKRW,Domestic_Equity,-0.73236956,0.160229,36
2024-01-01,USDKRW,Domestic_Equity,-0.72561201,0.209884,36
2024-02-01,USDKRW,Domestic_Equity,-0.7349383,0.204832,36
2024-03-01,USDKRW,Domestic_Equity,-0.73654381,0.201818,36
2024-04-01,USDKRW,Domestic_Equity,-0.68733457,0.187298,36
2024-05-01,USDKRW,Domestic_Equity,-0.69234706,0.189676,36
2024-06-01,USDKRW,Domestic_Equity,-0.67547509,0.183575,36
2024-07-01,USDKRW,Domestic_Equity,-0.69270077,0.187203,36
2024-08-01,USDKRW,Domestic_Equity,-0.57397267,0.126269,36
2024-09-01,USDKRW,Domestic_Equity,-0.54149708,0.114051,36
2024-10-01,USDKRW,Domestic_Equity,-0.51509097,0.1101,36
2024-11-01,USDKRW,Domestic_Equity,-0.53822295,0.12008,36
2024-12-01,USDKRW,Domestic_Equity,-0.54397169,0.126552,36
2025-01-01,USDKRW,Domestic_Equity,-0.53038546,0.122179,36
2025-02-01,USDKRW,Domestic_Equity,-0.55208754,0.136732,36
2025-03-01,USDKRW,Domestic_Equity,-0.55073188,0.135182,36
2025-04-01,USDKRW,Domestic_Equity,-0.5065839,0.11144,36
2025-05-01,USDKRW,Domestic_Equity,-0.56066087,0.134589,36
2025-06-01,USDKRW,Domestic_Equity,-0.66250358,0.155244,36
2025-07-01,USDKRW,Domestic_Equity,-0.57885766,0.112438,36
2025-08-01,USDKRW,Domestic_Equity,-0.59469378,0.122101,36
2025-09-01,USDKRW,Domestic_Equity,-0.47827059,0.069217,36
2025-10-01,USDKRW,Domestic_Equity,-0.26713885,0.019044,36
2025-11-01,USDKRW,Domestic_Equity,0.00478916,6e-06,36
2025-12-01,USDKRW,Domestic_Equity,-0.16765652,0.005925,36
2026-01-01,USDKRW,Domestic_Equity,-0.40071617,0.021308,36
2026-02-01,USDKRW,Domestic_Equity,-0.57540516,0.034085,36
2026-03-01,USDKRW,Domestic_Equity,-0.55239336,0.032478,36
2026-04-01,USDKRW,Domestic_Equity,-0.61732637,0.039001,36
2026-05-01,USDKRW,Domestic_Equity,-0.62053942,0.026482,36
2026-06-01,USDKRW,Domestic_Equity,-0.46541776,0.014111,36
2026-07-01,USDKRW,Domestic_Equity,-0.53878381,0.018588,35
2013-12-01,USDKRW,Foreign_Equity,-0.88900287,0.216576,35
2014-01-01,USDKRW,Foreign_Equity,-0.87196321,0.211656,36
2014-02-01,USDKRW,Foreign_Equity,-0.8760005,0.217792,36
2014-03-01,USDKRW,Foreign_Equity,-0.8711028,0.215486,36
2014-04-01,USDKRW,Foreign_Equity,-0.85352264,0.200984,36
2014-05-01,USDKRW,Foreign_Equity,-0.83808522,0.199931,36
2014-06-01,USDKRW,Foreign_Equity,-0.85434376,0.219198,36
2014-07-01,USDKRW,Foreign_Equity,-0.8602134,0.214327,36
2014-08-01,USDKRW,Foreign_Equity,-0.6620549,0.236706,36
2014-09-01,USDKRW,Foreign_Equity,-0.56295701,0.150015,36
2014-10-01,USDKRW,Foreign_Equity,-0.81780649,0.261082,36
2014-11-01,USDKRW,Foreign_Equity,-0.54762621,0.130035,36
2014-12-01,USDKRW,Foreign_Equity,-0.57163337,0.135817,36
2015-01-01,USDKRW,Foreign_Equity,-0.50460189,0.110503,36
2015-02-01,USDKRW,Foreign_Equity,-0.40841459,0.076296,36
2015-03-01,USDKRW,Foreign_Equity,-0.42292307,0.082041,36
2015-04-01,USDKRW,Foreign_Equity,-0.39198702,0.077599,36
2015-05-01,USDKRW,Foreign_Equity,-0.28197719,0.045921,36
2015-06-01,USDKRW,Foreign_Equity,-0.29817361,0.055112,36
2015-07-01,USDKRW,Foreign_Equity,-0.32356701,0.068513,36
2015-08-01,USDKRW,Foreign_Equity,-0.38751741,0.097841,36
2015-09-01,USDKRW,Foreign_Equity,-0.39076019,0.081456,36
2015-10-01,USDKRW,Foreign_Equity,-0.46585334,0.121413,36
2015-11-01,USDKRW,Foreign_Equity,-0.52098429,0.153267,36
2015-12-01,USDKRW,Foreign_Equity,-0.5259432,0.153797,36
2016-01-01,USDKRW,Foreign_Equity,-0.62480267,0.193527,36
2016-02-01,USDKRW,Foreign_Equity,-0.66864745,0.217968,36
2016-03-01,USDKRW,Foreign_Equity,-0.80979575,0.291092,36
2016-04-01,USDKRW,Foreign_Equity,-0.82363883,0.314469,36
2016-05-01,USDKRW,Foreign_Equity,-0.77456932,0.30199,36
2016-06-01,USDKRW,Foreign_Equity,-0.75173233,0.286239,36
2016-07-01,USDKRW,Foreign_Equity,-0.74908384,0.293551,36
2016-08-01,USDKRW,Foreign_Equity,-0.7241531,0.288392,36
2016-09-01,USDKRW,Foreign_Equity,-0.75284625,0.289565,36
2016-10-01,USDKRW,Foreign_Equity,-0.74568197,0.286312,36
2016-11-01,USDKRW,Foreign_Equity,-0.67802533,0.257376,36
2016-12-01,USDKRW,Foreign_Equity,-0.62902371,0.2112,36
2017-01-01,USDKRW,Foreign_Equity,-0.63776426,0.216571,36
2017-02-01,USDKRW,Foreign_Equity,-0.61985397,0.222215,36
2017-03-01,USDKRW,Foreign_Equity,-0.61644714,0.223738,36
2017-04-01,USDKRW,Foreign_Equity,-0.63734344,0.226105,36
2017-05-01,USDKRW,Foreign_Equity,-0.64152266,0.2249,36
2017-06-01,USDKRW,Foreign_Equity,-0.6290602,0.217974,36
2017-07-01,USDKRW,Foreign_Equity,-0.63007055,0.218235,36
2017-08-01,USDKRW,Foreign_Equity,-0.62719217,0.218543,36
2017-09-01,USDKRW,Foreign_Equity,-0.63536419,0.221609,36
2017-10-01,USDKRW,Foreign_Equity,-0.58638517,0.196146,36
2017-11-01,USDKRW,Foreign_Equity,-0.70303331,0.292992,36
2017-12-01,USDKRW,Foreign_Equity,-0.71352117,0.302185,36
2018-01-01,USDKRW,Foreign_Equity,-0.7729639,0.339402,36
2018-02-01,USDKRW,Foreign_Equity,-0.83614724,0.373351,36
2018-03-01,USDKRW,Foreign_Equity,-0.82338508,0.357569,36
2018-04-01,USDKRW,Foreign_Equity,-0.84018817,0.35518,36
2018-05-01,USDKRW,Foreign_Equity,-0.83775022,0.353268,36
2018-06-01,USDKRW,Foreign_Equity,-0.82043148,0.340265,36
2018-07-01,USDKRW,Foreign_Equity,-0.7838366,0.308053,36
2018-08-01,USDKRW,Foreign_Equity,-0.75075826,0.277213,36
2018-09-01,USDKRW,Foreign_Equity,-0.71699013,0.302951,36
2018-10-01,USDKRW,Foreign_Equity,-0.73903615,0.274457,36
2018-11-01,USDKRW,Foreign_Equity,-0.73665129,0.265287,36
2018-12-01,USDKRW,Foreign_Equity,-0.70179476,0.202766,36
2019-01-01,USDKRW,Foreign_Equity,-0.53258045,0.1331,36
2019-02-01,USDKRW,Foreign_Equity,-0.49744905,0.103782,36
2019-03-01,USDKRW,Foreign_Equity,-0.33460422,0.052761,36
2019-04-01,USDKRW,Foreign_Equity,-0.26081328,0.029266,36
2019-05-01,USDKRW,Foreign_Equity,-0.33516429,0.05087,36
2019-06-01,USDKRW,Foreign_Equity,-0.34076679,0.052491,36
2019-07-01,USDKRW,Foreign_Equity,-0.30021615,0.038268,36
2019-08-01,USDKRW,Foreign_Equity,-0.45278855,0.07619,36
2019-09-01,USDKRW,Foreign_Equity,-0.49531802,0.092163,36
2019-10-01,USDKRW,Foreign_Equity,-0.45416291,0.076891,36
2019-11-01,USDKRW,Foreign_Equity,-0.57219093,0.106023,36
2019-12-01,USDKRW,Foreign_Equity,-0.67008174,0.146066,36
2020-01-01,USDKRW,Foreign_Equity,-0.67614033,0.148395,36
2020-02-01,USDKRW,Foreign_Equity,-0.75806614,0.167477,36
2020-03-01,USDKRW,Foreign_Equity,-1.33451015,0.160417,36
2020-04-01,USDKRW,Foreign_Equity,-1.33144112,0.159279,36
2020-05-01,USDKRW,Foreign_Equity,-1.32582786,0.152461,36
2020-06-01,USDKRW,Foreign_Equity,-1.46397203,0.184804,36
2020-07-01,USDKRW,Foreign_Equity,-1.46573029,0.187019,36
2020-08-01,USDKRW,Foreign_Equity,-1.51788119,0.198931,36
2020-09-01,USDKRW,Foreign_Equity,-1.48153499,0.192385,36
2020-10-01,USDKRW,Foreign_Equity,-1.3606404,0.182828,36
2020-11-01,USDKRW,Foreign_Equity,-1.56648326,0.228761,36
2020-12-01,USDKRW,Foreign_Equity,-1.60634806,0.241323,36
2021-01-01,USDKRW,Foreign_Equity,-1.56345708,0.222932,36
2021-02-01,USDKRW,Foreign_Equity,-1.4660988,0.199882,36
2021-03-01,USDKRW,Foreign_Equity,-1.43537436,0.195921,36
2021-04-01,USDKRW,Foreign_Equity,-1.46123075,0.205187,36
2021-05-01,USDKRW,Foreign_Equity,-1.45989149,0.203568,36
2021-06-01,USDKRW,Foreign_Equity,-1.49352054,0.206684,36
2021-07-01,USDKRW,Foreign_Equity,-1.56250278,0.220034,36
2021-08-01,USDKRW,Foreign_Equity,-1.52667203,0.214012,36
2021-09-01,USDKRW,Foreign_Equity,-1.53206797,0.216931,36
2021-10-01,USDKRW,Foreign_Equity,-1.47925962,0.206983,36
2021-11-01,USDKRW,Foreign_Equity,-1.51272346,0.216625,36
2021-12-01,USDKRW,Foreign_Equity,-1.54851933,0.239112,36
2022-01-01,USDKRW,Foreign_Equity,-1.53811952,0.238066,36
2022-02-01,USDKRW,Foreign_Equity,-1.5369476,0.241654,36
2022-03-01,USDKRW,Foreign_Equity,-1.54387134,0.248927,36
2022-04-01,USDKRW,Foreign_Equity,-1.55476482,0.254517,36
2022-05-01,USDKRW,Foreign_Equity,-1.76985582,0.293398,36
2022-06-01,USDKRW,Foreign_Equity,-1.80451848,0.296087,36
2022-07-01,USDKRW,Foreign_Equity,-1.75602242,0.298415,36
2022-08-01,USDKRW,Foreign_Equity,-1.7005342,0.258376,36
2022-09-01,USDKRW,Foreign_Equity,-1.56818658,0.290445,36
2022-10-01,USDKRW,Foreign_Equity,-1.61194528,0.306708,36
2022-11-01,USDKRW,Foreign_Equity,-1.57288386,0.339489,36
2022-12-01,USDKRW,Foreign_Equity,-1.28070391,0.280495,36
2023-01-01,USDKRW,Foreign_Equity,-1.20125002,0.273308,36
2023-02-01,USDKRW,Foreign_Equity,-1.16027482,0.257889,36
2023-03-01,USDKRW,Foreign_Equity,-0.98863905,0.432208,36
2023-04-01,USDKRW,Foreign_Equity,-0.97232211,0.416854,36
2023-05-01,USDKRW,Foreign_Equity,-0.9780271,0.421696,36
2023-06-01,USDKRW,Foreign_Equity,-0.91438623,0.414406,36
2023-07-01,USDKRW,Foreign_Equity,-0.92459027,0.41918,36
2023-08-01,USDKRW,Foreign_Equity,-0.88566684,0.416291,36
2023-09-01,USDKRW,Foreign_Equity,-0.90626108,0.43169,36
2023-10-01,USDKRW,Foreign_Equity,-0.96632971,0.4363,36
2023-11-01,USDKRW,Foreign_Equity,-0.91333546,0.422917,36
2023-12-01,USDKRW,Foreign_Equity,-0.9006243,0.390585,36
2024-01-01,USDKRW,Foreign_Equity,-0.88400033,0.385823,36
2024-02-01,USDKRW,Foreign_Equity,-0.89750277,0.392617,36
2024-03-01,USDKRW,Foreign_Equity,-0.92253886,0.402018,36
2024-04-01,USDKRW,Foreign_Equity,-0.89770523,0.395244,36
2024-05-01,USDKRW,Foreign_Equity,-0.89931951,0.400385,36
2024-06-01,USDKRW,Foreign_Equity,-0.89939022,0.400015,36
2024-07-01,USDKRW,Foreign_Equity,-0.91004278,0.400584,36
2024-08-01,USDKRW,Foreign_Equity,-0.89331458,0.401353,36
2024-09-01,USDKRW,Foreign_Equity,-0.90088653,0.409879,36
2024-10-01,USDKRW,Foreign_Equity,-0.86612345,0.384726,36
2024-11-01,USDKRW,Foreign_Equity,-0.83600942,0.367101,36
2024-12-01,USDKRW,Foreign_Equity,-0.83734843,0.383368,36
2025-01-01,USDKRW,Foreign_Equity,-0.83899226,0.384062,36
2025-02-01,USDKRW,Foreign_Equity,-0.84949027,0.39705,36
2025-03-01,USDKRW,Foreign_Equity,-0.84994391,0.384757,36
2025-04-01,USDKRW,Foreign_Equity,-0.78871279,0.310284,36
2025-05-01,USDKRW,Foreign_Equity,-0.78069613,0.327967,36
2025-06-01,USDKRW,Foreign_Equity,-0.77187031,0.340346,36
2025-07-01,USDKRW,Foreign_Equity,-0.75109362,0.318065,36
2025-08-01,USDKRW,Foreign_Equity,-0.76616573,0.345635,36
2025-09-01,USDKRW,Foreign_Equity,-0.66519926,0.255645,36
2025-10-01,USDKRW,Foreign_Equity,-0.62313208,0.234439,36
2025-11-01,USDKRW,Foreign_Equity,-0.51600923,0.170529,36
2025-12-01,USDKRW,Foreign_Equity,-0.64052349,0.213107,36
2026-01-01,USDKRW,Foreign_Equity,-0.69981096,0.217602,36
2026-02-01,USDKRW,Foreign_Equity,-0.73621945,0.229591,36
2026-03-01,USDKRW,Foreign_Equity,-0.73775056,0.242106,36
2026-04-01,USDKRW,Foreign_Equity,-0.76150849,0.259504,36
2026-05-01,USDKRW,Foreign_Equity,-0.75944664,0.268257,36
2026-06-01,USDKRW,Foreign_Equity,-0.72668564,0.242857,36
2026-07-01,USDKRW,Foreign_Equity,-0.71027207,0.230993,35
2013-12-01,USDKRW,Bond,0.00275411,2.6e-05,35
2014-01-01,USDKRW,Bond,0.00092177,3e-06,36
2014-02-01,USDKRW,Bond,0.00378927,5e-05,36
2014-03-01,USDKRW,Bond,-0.00033266,0.0,36
2014-04-01,USDKRW,Bond,0.00694352,0.000175,36
2014-05-01,USDKRW,Bond,-0.00643993,0.000155,36
2014-06-01,USDKRW,Bond,-0.00775433,0.000225,36
2014-07-01,USDKRW,Bond,-0.00481961,7.9e-05,36
2014-08-01,USDKRW,Bond,-0.03547434,0.004525,36
2014-09-01,USDKRW,Bond,-0.12037251,0.042562,36
2014-10-01,USDKRW,Bond,-0.04080204,0.004611,36
2014-11-01,USDKRW,Bond,-0.02030686,0.001343,36
2014-12-01,USDKRW,Bond,-0.01817811,0.001054,36
2015-01-01,USDKRW,Bond,-0.03924189,0.004646,36
2015-02-01,USDKRW,Bond,-0.0425167,0.005434,36
2015-03-01,USDKRW,Bond,-0.03624452,0.00418,36
2015-04-01,USDKRW,Bond,-0.04159928,0.005869,36
2015-05-01,USDKRW,Bond,-0.0850563,0.020018,36
2015-06-01,USDKRW,Bond,-0.08926822,0.023235,36
2015-07-01,USDKRW,Bond,-0.05043601,0.00905,36
2015-08-01,USDKRW,Bond,-0.01691601,0.001126,36
2015-09-01,USDKRW,Bond,-0.01456041,0.000825,36
2015-10-01,USDKRW,Bond,-0.02672424,0.003046,36
2015-11-01,USDKRW,Bond,-0.04071459,0.006526,36
2015-12-01,USDKRW,Bond,-0.05024815,0.010273,36
2016-01-01,USDKRW,Bond,-0.02772501,0.003238,36
2016-02-01,USDKRW,Bond,-0.02007584,0.001612,36
2016-03-01,USDKRW,Bond,-0.0126618,0.000696,36
2016-04-01,USDKRW,Bond,-0.01510668,0.001061,36
2016-05-01,USDKRW,Bond,-0.02091957,0.00213,36
2016-06-01,USDKRW,Bond,0.01671055,0.001784,36
2016-07-01,USDKRW,Bond,-0.00799639,0.000437,36
2016-08-01,USDKRW,Bond,-0.00326776,8.1e-05,36
2016-09-01,USDKRW,Bond,0.00320388,6.9e-05,36
2016-10-01,USDKRW,Bond,-0.00499528,0.00016,36
2016-11-01,USDKRW,Bond,-0.06496329,0.02245,36
2016-12-01,USDKRW,Bond,-0.08387554,0.035246,36
2017-01-01,USDKRW,Bond,-0.08338221,0.034804,36
2017-02-01,USDKRW,Bond,-0.06306279,0.021783,36
2017-03-01,USDKRW,Bond,-0.06021807,0.019725,36
2017-04-01,USDKRW,Bond,-0.06574192,0.022252,36
2017-05-01,USDKRW,Bond,-0.05134797,0.013343,36
2017-06-01,USDKRW,Bond,-0.04711048,0.011268,36
2017-07-01,USDKRW,Bond,-0.04514356,0.010856,36
2017-08-01,USDKRW,Bond,-0.0439324,0.010273,36
2017-09-01,USDKRW,Bond,-0.0464351,0.011485,36
2017-10-01,USDKRW,Bond,-0.06912192,0.025517,36
2017-11-01,USDKRW,Bond,-0.07221724,0.027037,36
2017-12-01,USDKRW,Bond,-0.07619529,0.030405,36
2018-01-01,USDKRW,Bond,-0.04882175,0.01361,36
2018-02-01,USDKRW,Bond,-0.06100634,0.020922,36
2018-03-01,USDKRW,Bond,-0.06849027,0.026243,36
2018-04-01,USDKRW,Bond,-0.05859429,0.018512,36
2018-05-01,USDKRW,Bond,-0.05078288,0.016052,36
2018-06-01,USDKRW,Bond,-0.04465433,0.012066,36
2018-07-01,USDKRW,Bond,-0.03443763,0.006856,36
2018-08-01,USDKRW,Bond,-0.06013176,0.019925,36
2018-09-01,USDKRW,Bond,-0.0631832,0.021414,36
2018-10-01,USDKRW,Bond,-0.04375342,0.009614,36
2018-11-01,USDKRW,Bond,-0.03900333,0.00772,36
2018-12-01,USDKRW,Bond,-0.04878973,0.010993,36
2019-01-01,USDKRW,Bond,-0.08455019,0.031229,36
2019-02-01,USDKRW,Bond,-0.10326646,0.049228,36
2019-03-01,USDKRW,Bond,-0.11416089,0.055878,36
2019-04-01,USDKRW,Bond,-0.11111303,0.047613,36
2019-05-01,USDKRW,Bond,-0.08975133,0.033721,36
2019-06-01,USDKRW,Bond,-0.09265506,0.034981,36
2019-07-01,USDKRW,Bond,-0.06060876,0.015012,36
2019-08-01,USDKRW,Bond,-0.01666506,0.001003,36
2019-09-01,USDKRW,Bond,0.00307361,3.4e-05,36
2019-10-01,USDKRW,Bond,0.02972395,0.003015,36
2019-11-01,USDKRW,Bond,0.15520223,0.09123,36
2019-12-01,USDKRW,Bond,0.19898692,0.155371,36
2020-01-01,USDKRW,Bond,0.20049201,0.158568,36
2020-02-01,USDKRW,Bond,0.21877308,0.170945,36
2020-03-01,USDKRW,Bond,0.20933808,0.164652,36
2020-04-01,USDKRW,Bond,0.20882908,0.163218,36
2020-05-01,USDKRW,Bond,0.20413733,0.15427,36
2020-06-01,USDKRW,Bond,0.19611427,0.152294,36
2020-07-01,USDKRW,Bond,0.19295841,0.153033,36
2020-08-01,USDKRW,Bond,0.19283534,0.155982,36
2020-09-01,USDKRW,Bond,0.20374325,0.1672,36
2020-10-01,USDKRW,Bond,0.18805018,0.172276,36
2020-11-01,USDKRW,Bond,0.19578696,0.179467,36
2020-12-01,USDKRW,Bond,0.21291243,0.214094,36
2021-01-01,USDKRW,Bond,0.19541311,0.183044,36
2021-02-01,USDKRW,Bond,0.19643474,0.187445,36
2021-03-01,USDKRW,Bond,0.17003716,0.12968,36
2021-04-01,USDKRW,Bond,0.16960495,0.132044,36
2021-05-01,USDKRW,Bond,0.17279861,0.136739,36
2021-06-01,USDKRW,Bond,0.16582229,0.124596,36
2021-07-01,USDKRW,Bond,0.16865329,0.124828,36
2021-08-01,USDKRW,Bond,0.1729107,0.134816,36
2021-09-01,USDKRW,Bond,0.16129394,0.116669,36
2021-10-01,USDKRW,Bond,0.14621888,0.076643,36
2021-11-01,USDKRW,Bond,0.15528574,0.088416,36
2021-12-01,USDKRW,Bond,0.16078703,0.097977,36
2022-01-01,USDKRW,Bond,0.14002535,0.064874,36
2022-02-01,USDKRW,Bond,0.13924413,0.061323,36
2022-03-01,USDKRW,Bond,0.12472458,0.050604,36
2022-04-01,USDKRW,Bond,0.0897924,0.021599,36
2022-05-01,USDKRW,Bond,0.06404482,0.010406,36
2022-06-01,USDKRW,Bond,0.0759633,0.014295,36
2022-07-01,USDKRW,Bond,0.14148574,0.044474,36
2022-08-01,USDKRW,Bond,0.09084295,0.018566,36
2022-09-01,USDKRW,Bond,-0.11478364,0.032498,36
2022-10-01,USDKRW,Bond,-0.14945941,0.052373,36
2022-11-01,USDKRW,Bond,-0.24613052,0.149082,36
2022-12-01,USDKRW,Bond,-0.29874505,0.239942,36
2023-01-01,USDKRW,Bond,-0.29759941,0.258236,36
2023-02-01,USDKRW,Bond,-0.30598849,0.278933,36
2023-03-01,USDKRW,Bond,-0.3029069,0.277273,36
2023-04-01,USDKRW,Bond,-0.2943109,0.256952,36
2023-05-01,USDKRW,Bond,-0.29532507,0.262391,36
2023-06-01,USDKRW,Bond,-0.27576051,0.229596,36
2023-07-01,USDKRW,Bond,-0.27191609,0.225496,36
2023-08-01,USDKRW,Bond,-0.27002808,0.229361,36
2023-09-01,USDKRW,Bond,-0.27487461,0.237145,36
2023-10-01,USDKRW,Bond,-0.29270884,0.245768,36
2023-11-01,USDKRW,Bond,-0.34962994,0.318335,36
2023-12-01,USDKRW,Bond,-0.37905146,0.311931,36
2024-01-01,USDKRW,Bond,-0.37180919,0.300612,36
2024-02-01,USDKRW,Bond,-0.37053606,0.298684,36
2024-03-01,USDKRW,Bond,-0.36730603,0.294628,36
2024-04-01,USDKRW,Bond,-0.3716972,0.303079,36
2024-05-01,USDKRW,Bond,-0.37286909,0.305704,36
2024-06-01,USDKRW,Bond,-0.36835286,0.291001,36
2024-07-01,USDKRW,Bond,-0.38401249,0.309267,36
2024-08-01,USDKRW,Bond,-0.39033601,0.327452,36
2024-09-01,USDKRW,Bond,-0.38054408,0.320449,36
2024-10-01,USDKRW,Bond,-0.37111632,0.327437,36
2024-11-01,USDKRW,Bond,-0.35825607,0.310861,36
2024-12-01,USDKRW,Bond,-0.32138462,0.255797,36
2025-01-01,USDKRW,Bond,-0.31757658,0.26097,36
2025-02-01,USDKRW,Bond,-0.31739203,0.267522,36
2025-03-01,USDKRW,Bond,-0.31536726,0.263356,36
2025-04-01,USDKRW,Bond,-0.30807363,0.281412,36
2025-05-01,USDKRW,Bond,-0.28000788,0.242878,36
2025-06-01,USDKRW,Bond,-0.25912856,0.226171,36
2025-07-01,USDKRW,Bond,-0.28629646,0.288575,36
2025-08-01,USDKRW,Bond,-0.28576698,0.287452,36
2025-09-01,USDKRW,Bond,-0.22019024,0.183417,36
2025-10-01,USDKRW,Bond,-0.19984024,0.170595,36
2025-11-01,USDKRW,Bond,-0.19228582,0.142781,36
2025-12-01,USDKRW,Bond,-0.14188075,0.071351,36
2026-01-01,USDKRW,Bond,-0.12592144,0.048587,36
2026-02-01,USDKRW,Bond,-0.11961046,0.041711,36
2026-03-01,USDKRW,Bond,-0.13312894,0.052447,36
2026-04-01,USDKRW,Bond,-0.14045044,0.059497,36
2026-05-01,USDKRW,Bond,-0.13973521,0.05369,36
2026-06-01,USDKRW,Bond,-0.18129575,0.091544,36
2026-07-01,USDKRW,Bond,-0.19096025,0.099184,35
2013-12-01,USDKRW,Gold,0.24562782,0.010364,35
2014-01-01,USDKRW,Gold,0.1885974,0.00602,36
2014-02-01,USDKRW,Gold,0.19916373,0.006726,36
2014-03-01,USDKRW,Gold,0.19827728,0.006432,36
2014-04-01,USDKRW,Gold,0.26601769,0.01131,36
2014-05-01,USDKRW,Gold,0.29284602,0.014329,36
2014-06-01,USDKRW,Gold,0.31546785,0.016439,36
2014-07-01,USDKRW,Gold,0.38907968,0.022487,36
2014-08-01,USDKRW,Gold,0.32805905,0.015816,36
2014-09-01,USDKRW,Gold,-0.43294627,0.027981,36
2014-10-01,USDKRW,Gold,-0.6303447,0.057068,36
2014-11-01,USDKRW,Gold,-0.78478521,0.105852,36
2014-12-01,USDKRW,Gold,-0.87002065,0.130135,36
2015-01-01,USDKRW,Gold,-0.92252823,0.154889,36
2015-02-01,USDKRW,Gold,-0.81709774,0.115724,36
2015-03-01,USDKRW,Gold,-0.88302168,0.143009,36
2015-04-01,USDKRW,Gold,-0.84161516,0.14101,36
2015-05-01,USDKRW,Gold,-0.86984137,0.14447,36
2015-06-01,USDKRW,Gold,-0.80174385,0.130499,36
2015-07-01,USDKRW,Gold,-0.7367338,0.118937,36
2015-08-01,USDKRW,Gold,-0.84714832,0.155116,36
2015-09-01,USDKRW,Gold,-0.80415721,0.134631,36
2015-10-01,USDKRW,Gold,-0.66808456,0.119522,36
2015-11-01,USDKRW,Gold,-0.67736261,0.119326,36
2015-12-01,USDKRW,Gold,-0.72095515,0.131376,36
2016-01-01,USDKRW,Gold,-0.60121849,0.092662,36
2016-02-01,USDKRW,Gold,-0.57724757,0.078357,36
2016-03-01,USDKRW,Gold,-0.79859893,0.131541,36
2016-04-01,USDKRW,Gold,-0.71346197,0.112512,36
2016-05-01,USDKRW,Gold,-0.64284565,0.096599,36
2016-06-01,USDKRW,Gold,-0.55018535,0.06853,36
2016-07-01,USDKRW,Gold,-0.76521711,0.114877,36
2016-08-01,USDKRW,Gold,-0.74483112,0.11766,36
2016-09-01,USDKRW,Gold,-0.68665813,0.096053,36
2016-10-01,USDKRW,Gold,-0.75449537,0.111577,36
2016-11-01,USDKRW,Gold,-0.69069857,0.099762,36
2016-12-01,USDKRW,Gold,-0.80471742,0.120853,36
2017-01-01,USDKRW,Gold,-0.78052499,0.116486,36
2017-02-01,USDKRW,Gold,-0.80400723,0.133234,36
2017-03-01,USDKRW,Gold,-0.80807019,0.137349,36
2017-04-01,USDKRW,Gold,-0.80057232,0.128738,36
2017-05-01,USDKRW,Gold,-0.85194151,0.144344,36
2017-06-01,USDKRW,Gold,-0.87940383,0.155234,36
2017-07-01,USDKRW,Gold,-0.86782291,0.154474,36
2017-08-01,USDKRW,Gold,-0.87793364,0.155599,36
2017-09-01,USDKRW,Gold,-0.87316531,0.147478,36
2017-10-01,USDKRW,Gold,-0.81490248,0.122536,36
2017-11-01,USDKRW,Gold,-0.70410752,0.092062,36
2017-12-01,USDKRW,Gold,-0.69034219,0.091339,36
2018-01-01,USDKRW,Gold,-0.72496792,0.099195,36
2018-02-01,USDKRW,Gold,-0.75774199,0.110449,36
2018-03-01,USDKRW,Gold,-0.71918477,0.102642,36
2018-04-01,USDKRW,Gold,-0.74924431,0.10612,36
2018-05-01,USDKRW,Gold,-0.75136953,0.106654,36
2018-06-01,USDKRW,Gold,-0.76230363,0.108915,36
2018-07-01,USDKRW,Gold,-0.81449229,0.119736,36
2018-08-01,USDKRW,Gold,-0.68980174,0.085423,36
2018-09-01,USDKRW,Gold,-0.71494463,0.092677,36
2018-10-01,USDKRW,Gold,-0.75608692,0.094223,36
2018-11-01,USDKRW,Gold,-0.74211701,0.091076,36
2018-12-01,USDKRW,Gold,-0.68427582,0.07883,36
2019-01-01,USDKRW,Gold,-0.82919748,0.104542,36
2019-02-01,USDKRW,Gold,-0.89196955,0.121195,36
2019-03-01,USDKRW,Gold,-0.68037836,0.076261,36
2019-04-01,USDKRW,Gold,-0.81456502,0.099157,36
2019-05-01,USDKRW,Gold,-0.92032926,0.143519,36
2019-06-01,USDKRW,Gold,-1.00955992,0.179097,36
2019-07-01,USDKRW,Gold,-0.74206541,0.116719,36
2019-08-01,USDKRW,Gold,-0.5580504,0.058936,36
2019-09-01,USDKRW,Gold,-0.60592091,0.070557,36
2019-10-01,USDKRW,Gold,-0.46136806,0.042356,36
2019-11-01,USDKRW,Gold,-0.53199395,0.051281,36
2019-12-01,USDKRW,Gold,-0.29933771,0.021286,36
2020-01-01,USDKRW,Gold,-0.33194944,0.02543,36
2020-02-01,USDKRW,Gold,-0.14396398,0.004455,36
2020-03-01,USDKRW,Gold,-0.00553479,7e-06,36
2020-04-01,USDKRW,Gold,-0.01360081,3.9e-05,36
2020-05-01,USDKRW,Gold,-0.02451991,0.000116,36
2020-06-01,USDKRW,Gold,-0.02323307,0.000111,36
2020-07-01,USDKRW,Gold,-0.06495045,0.00095,36
2020-08-01,USDKRW,Gold,-0.26334179,0.010557,36
2020-09-01,USDKRW,Gold,-0.19646315,0.005985,36
2020-10-01,USDKRW,Gold,-0.05221536,0.000508,36
2020-11-01,USDKRW,Gold,-0.06912535,0.000871,36
2020-12-01,USDKRW,Gold,0.06145431,0.000646,36
2021-01-01,USDKRW,Gold,0.15438242,0.003829,36
2021-02-01,USDKRW,Gold,0.06869185,0.000704,36
2021-03-01,USDKRW,Gold,-0.07866852,0.000863,36
2021-04-01,USDKRW,Gold,-0.08974321,0.001143,36
2021-05-01,USDKRW,Gold,-0.05209685,0.000383,36
2021-06-01,USDKRW,Gold,-0.02053581,5.7e-05,36
2021-07-01,USDKRW,Gold,-0.02887222,0.000107,36
2021-08-01,USDKRW,Gold,-0.06202215,0.000516,36
2021-09-01,USDKRW,Gold,-0.07766403,0.000829,36
2021-10-01,USDKRW,Gold,-0.10131618,0.001363,36
2021-11-01,USDKRW,Gold,-0.09174329,0.001112,36
2021-12-01,USDKRW,Gold,-0.08890344,0.001038,36
2022-01-01,USDKRW,Gold,-0.07550426,0.000762,36
2022-02-01,USDKRW,Gold,-0.07531786,0.00076,36
2022-03-01,USDKRW,Gold,0.07153348,0.000673,36
2022-04-01,USDKRW,Gold,0.0724741,0.000696,36
2022-05-01,USDKRW,Gold,0.02495662,7.5e-05,36
2022-06-01,USDKRW,Gold,0.05023114,0.000303,36
2022-07-01,USDKRW,Gold,-0.12610485,0.001964,36
2022-08-01,USDKRW,Gold,-0.33930527,0.013773,36
2022-09-01,USDKRW,Gold,-0.42614911,0.029774,36
2022-10-01,USDKRW,Gold,-0.4803007,0.038572,36
2022-11-01,USDKRW,Gold,-0.26431611,0.014006,36
2022-12-01,USDKRW,Gold,-0.48884224,0.054364,36
2023-01-01,USDKRW,Gold,-0.496522,0.062567,36
2023-02-01,USDKRW,Gold,-0.47232965,0.056407,36
2023-03-01,USDKRW,Gold,-0.57424087,0.083472,36
2023-04-01,USDKRW,Gold,-0.51503129,0.060722,36
2023-05-01,USDKRW,Gold,-0.52054716,0.064297,36
2023-06-01,USDKRW,Gold,-0.46947336,0.052452,36
2023-07-01,USDKRW,Gold,-0.42849401,0.044134,36
2023-08-01,USDKRW,Gold,-0.29442122,0.028952,36
2023-09-01,USDKRW,Gold,-0.32195744,0.034942,36
2023-10-01,USDKRW,Gold,-0.41405641,0.052613,36
2023-11-01,USDKRW,Gold,-0.58354906,0.094138,36
2023-12-01,USDKRW,Gold,-0.69224484,0.134299,36
2024-01-01,USDKRW,Gold,-0.67739808,0.136305,36
2024-02-01,USDKRW,Gold,-0.656341,0.133706,36
2024-03-01,USDKRW,Gold,-0.63009809,0.126414,36
2024-04-01,USDKRW,Gold,-0.54103197,0.089012,36
2024-05-01,USDKRW,Gold,-0.53978229,0.090387,36
2024-06-01,USDKRW,Gold,-0.52280601,0.087115,36
2024-07-01,USDKRW,Gold,-0.48081522,0.076522,36
2024-08-01,USDKRW,Gold,-0.48902777,0.081862,36
2024-09-01,USDKRW,Gold,-0.50902578,0.089082,36
2024-10-01,USDKRW,Gold,-0.43457245,0.065096,36
2024-11-01,USDKRW,Gold,-0.41588917,0.060776,36
2024-12-01,USDKRW,Gold,-0.45475938,0.07397,36
2025-01-01,USDKRW,Gold,-0.45579544,0.074227,36
2025-02-01,USDKRW,Gold,-0.50347786,0.08018,36
2025-03-01,USDKRW,Gold,-0.53958855,0.095402,36
2025-04-01,USDKRW,Gold,-0.5932581,0.107773,36
2025-05-01,USDKRW,Gold,-0.56375307,0.103914,36
2025-06-01,USDKRW,Gold,-0.53421788,0.09671,36
2025-07-01,USDKRW,Gold,-0.4836732,0.082675,36
2025-08-01,USDKRW,Gold,-0.48056267,0.081683,36
2025-09-01,USDKRW,Gold,-0.37657196,0.042663,36
2025-10-01,USDKRW,Gold,-0.22459407,0.013478,36
2025-11-01,USDKRW,Gold,-0.42707298,0.046585,36
2025-12-01,USDKRW,Gold,-0.28918569,0.018391,36
2026-01-01,USDKRW,Gold,-0.35258576,0.022443,36
2026-02-01,USDKRW,Gold,-0.41067313,0.029094,36
2026-03-01,USDKRW,Gold,-0.36891767,0.025488,36
2026-04-01,USDKRW,Gold,-0.38199287,0.028031,36
2026-05-01,USDKRW,Gold,-0.37977734,0.027494,36
2026-06-01,USDKRW,Gold,-0.66166965,0.078627,36
2026-07-01,USDKRW,Gold,-0.30326242,0.014246,36
2013-12-01,DXY,Domestic_Equity,-1.90420258,0.294925,35
2014-01-01,DXY,Domestic_Equity,-1.90938554,0.3001,36
2014-02-01,DXY,Domestic_Equity,-2.04411367,0.345664,36
2014-03-01,DXY,Domestic_Equity,-2.14276817,0.367133,36
2014-04-01,DXY,Domestic_Equity,-1.94946806,0.313281,36
2014-05-01,DXY,Domestic_Equity,-1.94060328,0.314049,36
2014-06-01,DXY,Domestic_Equity,-1.95816622,0.323081,36
2014-07-01,DXY,Domestic_Equity,-1.91443537,0.311383,36
2014-08-01,DXY,Domestic_Equity,-1.67159355,0.432474,36
2014-09-01,DXY,Domestic_Equity,-1.70186473,0.381673,36
2014-10-01,DXY,Domestic_Equity,-1.91450155,0.443306,36
2014-11-01,DXY,Domestic_Equity,-1.7861475,0.419296,36
2014-12-01,DXY,Domestic_Equity,-1.65139535,0.402687,36
2015-01-01,DXY,Domestic_Equity,-1.5297192,0.380505,36
2015-02-01,DXY,Domestic_Equity,-1.26952272,0.265059,36
2015-03-01,DXY,Domestic_Equity,-1.05381797,0.191822,36
2015-04-01,DXY,Domestic_Equity,-1.17927023,0.231798,36
2015-05-01,DXY,Domestic_Equity,-0.97485981,0.18358,36
2015-06-01,DXY,Domestic_Equity,-0.95556401,0.168952,36
2015-07-01,DXY,Domestic_Equity,-0.97989049,0.185939,36
2015-08-01,DXY,Domestic_Equity,-0.98418916,0.182409,36
2015-09-01,DXY,Domestic_Equity,-0.99363364,0.164753,36
2015-10-01,DXY,Domestic_Equity,-1.14796981,0.211153,36
2015-11-01,DXY,Domestic_Equity,-1.12039345,0.212812,36
2015-12-01,DXY,Domestic_Equity,-1.05066167,0.189104,36
2016-01-01,DXY,Domestic_Equity,-1.14844486,0.223029,36
2016-02-01,DXY,Domestic_Equity,-1.09419584,0.215096,36
2016-03-01,DXY,Domestic_Equity,-1.15502849,0.267788,36
2016-04-01,DXY,Domestic_Equity,-1.15841401,0.303007,36
2016-05-01,DXY,Domestic_Equity,-1.16820822,0.311354,36
2016-06-01,DXY,Domestic_Equity,-1.14264447,0.32844,36
2016-07-01,DXY,Domestic_Equity,-1.13074399,0.322091,36
2016-08-01,DXY,Domestic_Equity,-1.12217322,0.326223,36
2016-09-01,DXY,Domestic_Equity,-1.06360032,0.32533,36
2016-10-01,DXY,Domestic_Equity,-1.05049504,0.309345,36
2016-11-01,DXY,Domestic_Equity,-1.07780497,0.332576,36
2016-12-01,DXY,Domestic_Equity,-1.03713926,0.30659,36
2017-01-01,DXY,Domestic_Equity,-1.04200383,0.313303,36
2017-02-01,DXY,Domestic_Equity,-1.00048423,0.311491,36
2017-03-01,DXY,Domestic_Equity,-1.0268272,0.321452,36
2017-04-01,DXY,Domestic_Equity,-1.00444081,0.315159,36
2017-05-01,DXY,Domestic_Equity,-1.11189843,0.327253,36
2017-06-01,DXY,Domestic_Equity,-1.14725109,0.353259,36
2017-07-01,DXY,Domestic_Equity,-1.11236013,0.350519,36
2017-08-01,DXY,Domestic_Equity,-1.0410124,0.312309,36
2017-09-01,DXY,Domestic_Equity,-1.00394749,0.293728,36
2017-10-01,DXY,Domestic_Equity,-0.83089512,0.224725,36
2017-11-01,DXY,Domestic_Equity,-0.85953177,0.227531,36
2017-12-01,DXY,Domestic_Equity,-0.82747486,0.19003,36
2018-01-01,DXY,Domestic_Equity,-0.79907273,0.183335,36
2018-02-01,DXY,Domestic_Equity,-0.79219926,0.166691,36
2018-03-01,DXY,Domestic_Equity,-0.9232088,0.214857,36
2018-04-01,DXY,Domestic_Equity,-0.8651637,0.201187,36
2018-05-01,DXY,Domestic_Equity,-0.7810898,0.183784,36
2018-06-01,DXY,Domestic_Equity,-0.80086605,0.198758,36
2018-07-01,DXY,Domestic_Equity,-0.82255295,0.177242,36
2018-08-01,DXY,Domestic_Equity,-0.71063259,0.145863,36
2018-09-01,DXY,Domestic_Equity,-0.70024119,0.141065,36
2018-10-01,DXY,Domestic_Equity,-0.70898881,0.124023,36
2018-11-01,DXY,Domestic_Equity,-0.77318354,0.135944,36
2018-12-01,DXY,Domestic_Equity,-0.75306286,0.128664,36
2019-01-01,DXY,Domestic_Equity,-0.66115693,0.101347,36
2019-02-01,DXY,Domestic_Equity,-0.67359892,0.094307,36
2019-03-01,DXY,Domestic_Equity,-0.60256435,0.07057,36
2019-04-01,DXY,Domestic_Equity,-0.61364341,0.067578,36
2019-05-01,DXY,Domestic_Equity,-0.67889993,0.074381,36
2019-06-01,DXY,Domestic_Equity,-0.67812931,0.074648,36
2019-07-01,DXY,Domestic_Equity,-0.6904655,0.076571,36
2019-08-01,DXY,Domestic_Equity,-0.85908265,0.107619,36
2019-09-01,DXY,Domestic_Equity,-0.86046184,0.098567,36
2019-10-01,DXY,Domestic_Equity,-0.87842822,0.101445,36
2019-11-01,DXY,Domestic_Equity,-0.84535741,0.083296,36
2019-12-01,DXY,Domestic_Equity,-0.97593341,0.105963,36
2020-01-01,DXY,Domestic_Equity,-0.99736756,0.110672,36
2020-02-01,DXY,Domestic_Equity,-1.04580972,0.119357,36
2020-03-01,DXY,Domestic_Equity,-1.98692682,0.312067,36
2020-04-01,DXY,Domestic_Equity,-1.7533384,0.246875,36
2020-05-01,DXY,Domestic_Equity,-1.75600313,0.249689,36
2020-06-01,DXY,Domestic_Equity,-1.93010473,0.295868,36
2020-07-01,DXY,Domestic_Equity,-1.99099966,0.302485,36
2020-08-01,DXY,Domestic_Equity,-2.19166796,0.351523,36
2020-09-01,DXY,Domestic_Equity,-2.2318597,0.35918,36
2020-10-01,DXY,Domestic_Equity,-2.442443,0.417853,36
2020-11-01,DXY,Domestic_Equity,-2.51766681,0.446525,36
2020-12-01,DXY,Domestic_Equity,-2.70424996,0.492962,36
2021-01-01,DXY,Domestic_Equity,-2.98163528,0.484481,36
2021-02-01,DXY,Domestic_Equity,-3.06212115,0.515028,36
2021-03-01,DXY,Domestic_Equity,-3.05431359,0.518547,36
2021-04-01,DXY,Domestic_Equity,-3.07400322,0.523771,36
2021-05-01,DXY,Domestic_Equity,-3.39432286,0.569132,36
2021-06-01,DXY,Domestic_Equity,-3.44227321,0.560377,36
2021-07-01,DXY,Domestic_Equity,-3.32846625,0.562029,36
2021-08-01,DXY,Domestic_Equity,-3.35802772,0.562096,36
2021-09-01,DXY,Domestic_Equity,-3.36449874,0.560722,36
2021-10-01,DXY,Domestic_Equity,-3.3392875,0.562424,36
2021-11-01,DXY,Domestic_Equity,-3.30295998,0.553503,36
2021-12-01,DXY,Domestic_Equity,-3.27096949,0.55065,36
2022-01-01,DXY,Domestic_Equity,-3.31032775,0.525272,36
2022-02-01,DXY,Domestic_Equity,-3.29919102,0.51477,36
2022-03-01,DXY,Domestic_Equity,-3.24132071,0.511464,36
2022-04-01,DXY,Domestic_Equity,-3.21633665,0.50989,36
2022-05-01,DXY,Domestic_Equity,-3.03308352,0.499477,36
2022-06-01,DXY,Domestic_Equity,-3.07343142,0.492137,36
2022-07-01,DXY,Domestic_Equity,-3.07141954,0.516276,36
2022-08-01,DXY,Domestic_Equity,-3.03057273,0.49777,36
2022-09-01,DXY,Domestic_Equity,-2.98290723,0.52812,36
2022-10-01,DXY,Domestic_Equity,-3.03235141,0.541445,36
2022-11-01,DXY,Domestic_Equity,-3.06448157,0.566972,36
2022-12-01,DXY,Domestic_Equity,-2.76034462,0.488358,36
2023-01-01,DXY,Domestic_Equity,-2.59246137,0.457321,36
2023-02-01,DXY,Domestic_Equity,-2.58680763,0.446002,36
2023-03-01,DXY,Domestic_Equity,-2.05982822,0.330841,36
2023-04-01,DXY,Domestic_Equity,-2.30059355,0.395824,36
2023-05-01,DXY,Domestic_Equity,-2.2698366,0.39657,36
2023-06-01,DXY,Domestic_Equity,-2.15372288,0.351409,36
2023-07-01,DXY,Domestic_Equity,-2.08617331,0.33446,36
2023-08-01,DXY,Domestic_Equity,-1.94444473,0.309253,36
2023-09-01,DXY,Domestic_Equity,-1.91821096,0.308996,36
2023-10-01,DXY,Domestic_Equity,-2.01375183,0.333717,36
2023-11-01,DXY,Domestic_Equity,-1.87235758,0.310613,36
2023-12-01,DXY,Domestic_Equity,-1.6652027,0.272096,36
2024-01-01,DXY,Domestic_Equity,-1.55310846,0.311712,36
2024-02-01,DXY,Domestic_Equity,-1.51255091,0.282888,36
2024-03-01,DXY,Domestic_Equity,-1.52982451,0.28232,36
2024-04-01,DXY,Domestic_Equity,-1.45592985,0.270876,36
2024-05-01,DXY,Domestic_Equity,-1.51366749,0.280159,36
2024-06-01,DXY,Domestic_Equity,-1.4335042,0.263372,36
2024-07-01,DXY,Domestic_Equity,-1.48841346,0.274758,36
2024-08-01,DXY,Domestic_Equity,-1.38019726,0.226182,36
2024-09-01,DXY,Domestic_Equity,-1.34185872,0.215236,36
2024-10-01,DXY,Domestic_Equity,-1.27318646,0.20722,36
2024-11-01,DXY,Domestic_Equity,-1.29615517,0.223346,36
2024-12-01,DXY,Domestic_Equity,-1.32302182,0.232656,36
2025-01-01,DXY,Domestic_Equity,-1.3638035,0.249316,36
2025-02-01,DXY,Domestic_Equity,-1.42331136,0.283678,36
2025-03-01,DXY,Domestic_Equity,-1.38079594,0.274715,36
2025-04-01,DXY,Domestic_Equity,-1.19578176,0.208246,36
2025-05-01,DXY,Domestic_Equity,-1.28527753,0.221467,36
2025-06-01,DXY,Domestic_Equity,-1.49363999,0.24977,36
2025-07-01,DXY,Domestic_Equity,-1.44075472,0.207435,36
2025-08-01,DXY,Domestic_Equity,-1.41913912,0.207573,36
2025-09-01,DXY,Domestic_Equity,-1.30076571,0.16006,36
2025-10-01,DXY,Domestic_Equity,-1.00399492,0.080645,36
2025-11-01,DXY,Domestic_Equity,-0.71082957,0.038964,36
2025-12-01,DXY,Domestic_Equity,-0.96483373,0.068735,36
2026-01-01,DXY,Domestic_Equity,-1.39267426,0.096957,36
2026-02-01,DXY,Domestic_Equity,-1.74066402,0.124737,36
2026-03-01,DXY,Domestic_Equity,-1.69653482,0.127595,36
2026-04-01,DXY,Domestic_Equity,-1.7923995,0.134013,36
2026-05-01,DXY,Domestic_Equity,-1.88252763,0.099199,36
2026-06-01,DXY,Domestic_Equity,-1.64615709,0.074826,36
2026-07-01,DXY,Domestic_Equity,-1.78549044,0.086481,35
2013-12-01,DXY,Foreign_Equity,-1.43101142,0.231145,35
2014-01-01,DXY,Foreign_Equity,-1.39819054,0.22497,36
2014-02-01,DXY,Foreign_Equity,-1.36543577,0.213233,36
2014-03-01,DXY,Foreign_Equity,-1.48608977,0.244563,36
2014-04-01,DXY,Foreign_Equity,-1.54301722,0.241295,36
2014-05-01,DXY,Foreign_Equity,-1.54799384,0.245992,36
2014-06-01,DXY,Foreign_Equity,-1.58091203,0.269885,36
2014-07-01,DXY,Foreign_Equity,-1.57075321,0.262851,36
2014-08-01,DXY,Foreign_Equity,-1.44258555,0.43128,36
2014-09-01,DXY,Foreign_Equity,-1.35121144,0.336812,36
2014-10-01,DXY,Foreign_Equity,-1.57125697,0.392654,36
2014-11-01,DXY,Foreign_Equity,-1.30002019,0.272428,36
2014-12-01,DXY,Foreign_Equity,-1.27479481,0.28973,36
2015-01-01,DXY,Foreign_Equity,-1.20984422,0.293364,36
2015-02-01,DXY,Foreign_Equity,-1.0544903,0.209614,36
2015-03-01,DXY,Foreign_Equity,-1.0399331,0.21832,36
2015-04-01,DXY,Foreign_Equity,-1.01869981,0.228163,36
2015-05-01,DXY,Foreign_Equity,-0.80714974,0.168895,36
2015-06-01,DXY,Foreign_Equity,-0.75980953,0.149134,36
2015-07-01,DXY,Foreign_Equity,-0.78391553,0.161821,36
2015-08-01,DXY,Foreign_Equity,-0.84196743,0.172355,36
2015-09-01,DXY,Foreign_Equity,-0.84690078,0.124923,36
2015-10-01,DXY,Foreign_Equity,-0.95536396,0.157246,36
2015-11-01,DXY,Foreign_Equity,-0.8956255,0.147977,36
2015-12-01,DXY,Foreign_Equity,-0.87938719,0.135048,36
2016-01-01,DXY,Foreign_Equity,-1.06457345,0.177539,36
2016-02-01,DXY,Foreign_Equity,-0.95511009,0.152218,36
2016-03-01,DXY,Foreign_Equity,-1.21132463,0.246442,36
2016-04-01,DXY,Foreign_Equity,-1.21876265,0.26631,36
2016-05-01,DXY,Foreign_Equity,-1.21668921,0.279614,36
2016-06-01,DXY,Foreign_Equity,-1.20150839,0.281053,36
2016-07-01,DXY,Foreign_Equity,-1.19103867,0.277303,36
2016-08-01,DXY,Foreign_Equity,-1.17048401,0.276206,36
2016-09-01,DXY,Foreign_Equity,-1.17437068,0.274697,36
2016-10-01,DXY,Foreign_Equity,-1.17908014,0.265963,36
2016-11-01,DXY,Foreign_Equity,-1.10743646,0.255136,36
2016-12-01,DXY,Foreign_Equity,-1.02245295,0.207856,36
2017-01-01,DXY,Foreign_Equity,-1.0311647,0.212921,36
2017-02-01,DXY,Foreign_Equity,-1.02158598,0.223839,36
2017-03-01,DXY,Foreign_Equity,-0.99511727,0.216737,36
2017-04-01,DXY,Foreign_Equity,-0.95153122,0.200556,36
2017-05-01,DXY,Foreign_Equity,-0.94549991,0.199061,36
2017-06-01,DXY,Foreign_Equity,-0.91559402,0.200412,36
2017-07-01,DXY,Foreign_Equity,-0.88756616,0.199053,36
2017-08-01,DXY,Foreign_Equity,-0.83587754,0.183593,36
2017-09-01,DXY,Foreign_Equity,-0.87267783,0.19959,36
2017-10-01,DXY,Foreign_Equity,-0.73787131,0.156306,36
2017-11-01,DXY,Foreign_Equity,-0.84162542,0.211122,36
2017-12-01,DXY,Foreign_Equity,-0.87310108,0.209909,36
2018-01-01,DXY,Foreign_Equity,-0.93917872,0.237588,36
2018-02-01,DXY,Foreign_Equity,-0.94505693,0.222534,36
2018-03-01,DXY,Foreign_Equity,-0.98602659,0.224212,36
2018-04-01,DXY,Foreign_Equity,-0.98195506,0.218927,36
2018-05-01,DXY,Foreign_Equity,-0.85605252,0.186421,36
2018-06-01,DXY,Foreign_Equity,-0.82143862,0.178422,36
2018-07-01,DXY,Foreign_Equity,-0.80753178,0.167223,36
2018-08-01,DXY,Foreign_Equity,-0.73319168,0.139708,36
2018-09-01,DXY,Foreign_Equity,-0.66494077,0.1371,36
2018-10-01,DXY,Foreign_Equity,-0.66540665,0.127588,36
2018-11-01,DXY,Foreign_Equity,-0.73076893,0.147544,36
2018-12-01,DXY,Foreign_Equity,-0.69240296,0.112558,36
2019-01-01,DXY,Foreign_Equity,-0.48532,0.066771,36
2019-02-01,DXY,Foreign_Equity,-0.5219949,0.069334,36
2019-03-01,DXY,Foreign_Equity,-0.3055856,0.026304,36
2019-04-01,DXY,Foreign_Equity,-0.24254594,0.015658,36
2019-05-01,DXY,Foreign_Equity,-0.27660745,0.019558,36
2019-06-01,DXY,Foreign_Equity,-0.28436379,0.020732,36
2019-07-01,DXY,Foreign_Equity,-0.33635658,0.028644,36
2019-08-01,DXY,Foreign_Equity,-0.479119,0.05367,36
2019-09-01,DXY,Foreign_Equity,-0.46195748,0.048455,36
2019-10-01,DXY,Foreign_Equity,-0.41960271,0.03999,36
2019-11-01,DXY,Foreign_Equity,-0.49787843,0.047774,36
2019-12-01,DXY,Foreign_Equity,-0.6807833,0.088449,36
2020-01-01,DXY,Foreign_Equity,-0.69142952,0.09125,36
2020-02-01,DXY,Foreign_Equity,-0.7267057,0.098116,36
2020-03-01,DXY,Foreign_Equity,-2.09982981,0.32452,36
2020-04-01,DXY,Foreign_Equity,-1.98416125,0.300254,36
2020-05-01,DXY,Foreign_Equity,-2.01926883,0.305966,36
2020-06-01,DXY,Foreign_Equity,-2.14291807,0.349968,36
2020-07-01,DXY,Foreign_Equity,-2.21184471,0.360351,36
2020-08-01,DXY,Foreign_Equity,-2.30541581,0.389749,36
2020-09-01,DXY,Foreign_Equity,-2.29718021,0.381882,36
2020-10-01,DXY,Foreign_Equity,-2.48670905,0.429533,36
2020-11-01,DXY,Foreign_Equity,-2.52548658,0.446891,36
2020-12-01,DXY,Foreign_Equity,-2.50153462,0.459497,36
2021-01-01,DXY,Foreign_Equity,-2.59546787,0.456006,36
2021-02-01,DXY,Foreign_Equity,-2.66231858,0.484926,36
2021-03-01,DXY,Foreign_Equity,-2.58372581,0.466844,36
2021-04-01,DXY,Foreign_Equity,-2.60082968,0.473724,36
2021-05-01,DXY,Foreign_Equity,-2.94915755,0.541773,36
2021-06-01,DXY,Foreign_Equity,-3.08321994,0.562485,36
2021-07-01,DXY,Foreign_Equity,-3.00408109,0.552801,36
2021-08-01,DXY,Foreign_Equity,-3.03373016,0.559675,36
2021-09-01,DXY,Foreign_Equity,-3.03822457,0.558632,36
2021-10-01,DXY,Foreign_Equity,-2.97776043,0.550868,36
2021-11-01,DXY,Foreign_Equity,-2.9410335,0.53343,36
2021-12-01,DXY,Foreign_Equity,-2.94297217,0.569794,36
2022-01-01,DXY,Foreign_Equity,-3.01725993,0.576198,36
2022-02-01,DXY,Foreign_Equity,-3.00948152,0.582766,36
2022-03-01,DXY,Foreign_Equity,-2.99378956,0.585915,36
2022-04-01,DXY,Foreign_Equity,-2.97061521,0.58455,36
2022-05-01,DXY,Foreign_Equity,-2.98805366,0.60461,36
2022-06-01,DXY,Foreign_Equity,-3.00987768,0.598868,36
2022-07-01,DXY,Foreign_Equity,-2.84013833,0.577938,36
2022-08-01,DXY,Foreign_Equity,-2.86265215,0.565404,36
2022-09-01,DXY,Foreign_Equity,-2.84873101,0.594562,36
2022-10-01,DXY,Foreign_Equity,-2.86216533,0.606229,36
2022-11-01,DXY,Foreign_Equity,-2.87340378,0.630196,36
2022-12-01,DXY,Foreign_Equity,-2.67853195,0.587763,36
2023-01-01,DXY,Foreign_Equity,-2.58443108,0.576387,36
2023-02-01,DXY,Foreign_Equity,-2.59126897,0.573265,36
2023-03-01,DXY,Foreign_Equity,-1.81624472,0.52754,36
2023-04-01,DXY,Foreign_Equity,-1.93298418,0.570888,36
2023-05-01,DXY,Foreign_Equity,-1.9316129,0.569377,36
2023-06-01,DXY,Foreign_Equity,-1.85937162,0.528962,36
2023-07-01,DXY,Foreign_Equity,-1.88153132,0.536726,36
2023-08-01,DXY,Foreign_Equity,-1.80687018,0.516433,36
2023-09-01,DXY,Foreign_Equity,-1.81637262,0.535146,36
2023-10-01,DXY,Foreign_Equity,-1.8733133,0.549752,36
2023-11-01,DXY,Foreign_Equity,-1.78360477,0.537822,36
2023-12-01,DXY,Foreign_Equity,-1.82283378,0.52557,36
2024-01-01,DXY,Foreign_Equity,-1.80185885,0.519641,36
2024-02-01,DXY,Foreign_Equity,-1.78179146,0.504556,36
2024-03-01,DXY,Foreign_Equity,-1.86141773,0.530713,36
2024-04-01,DXY,Foreign_Equity,-1.82590283,0.527042,36
2024-05-01,DXY,Foreign_Equity,-1.85581217,0.526861,36
2024-06-01,DXY,Foreign_Equity,-1.82085129,0.522282,36
2024-07-01,DXY,Foreign_Equity,-1.85612379,0.529743,36
2024-08-01,DXY,Foreign_Equity,-1.84691372,0.531463,36
2024-09-01,DXY,Foreign_Equity,-1.87010293,0.542801,36
2024-10-01,DXY,Foreign_Equity,-1.7969529,0.510143,36
2024-11-01,DXY,Foreign_Equity,-1.67267933,0.47131,36
2024-12-01,DXY,Foreign_Equity,-1.67020733,0.474032,36
2025-01-01,DXY,Foreign_Equity,-1.69101162,0.481518,36
2025-02-01,DXY,Foreign_Equity,-1.71274075,0.503829,36
2025-03-01,DXY,Foreign_Equity,-1.54768652,0.412438,36
2025-04-01,DXY,Foreign_Equity,-1.31451874,0.289062,36
2025-05-01,DXY,Foreign_Equity,-1.27467757,0.273761,36
2025-06-01,DXY,Foreign_Equity,-1.25494123,0.284767,36
2025-07-01,DXY,Foreign_Equity,-1.27700559,0.273808,36
2025-08-01,DXY,Foreign_Equity,-1.2565556,0.27754,36
2025-09-01,DXY,Foreign_Equity,-1.06504011,0.204872,36
2025-10-01,DXY,Foreign_Equity,-0.99908819,0.18068,36
2025-11-01,DXY,Foreign_Equity,-0.82408828,0.133742,36
2025-12-01,DXY,Foreign_Equity,-0.92678814,0.156279,36
2026-01-01,DXY,Foreign_Equity,-0.96200269,0.154905,36
2026-02-01,DXY,Foreign_Equity,-0.98105344,0.163033,36
2026-03-01,DXY,Foreign_Equity,-1.07653333,0.214709,36
2026-04-01,DXY,Foreign_Equity,-1.07130527,0.209341,36
2026-05-01,DXY,Foreign_Equity,-1.05077531,0.209023,36
2026-06-01,DXY,Foreign_Equity,-1.00105445,0.19535,36
2026-07-01,DXY,Foreign_Equity,-0.97276429,0.183554,35
2013-12-01,DXY,Bond,-0.03073759,0.001343,35
2014-01-01,DXY,Bond,-0.03322294,0.001598,36
2014-02-01,DXY,Bond,-0.04619933,0.003016,36
2014-03-01,DXY,Bond,0.00093029,1e-06,36
2014-04-01,DXY,Bond,0.00973194,0.000126,36
2014-05-01,DXY,Bond,0.00273715,1e-05,36
2014-06-01,DXY,Bond,0.00533831,3.8e-05,36
2014-07-01,DXY,Bond,-0.01255177,0.000197,36
2014-08-01,DXY,Bond,-0.04122255,0.002345,36
2014-09-01,DXY,Bond,-0.17151339,0.033676,36
2014-10-01,DXY,Bond,-0.08947367,0.009034,36
2014-11-01,DXY,Bond,-0.07542498,0.006888,36
2014-12-01,DXY,Bond,-0.07296623,0.007287,36
2015-01-01,DXY,Bond,0.00332682,1.5e-05,36
2015-02-01,DXY,Bond,-0.01087465,0.000147,36
2015-03-01,DXY,Bond,-0.00148688,3e-06,36
2015-04-01,DXY,Bond,-0.01010632,0.000151,36
2015-05-01,DXY,Bond,0.04041084,0.002028,36
2015-06-01,DXY,Bond,0.02183398,0.000579,36
2015-07-01,DXY,Bond,0.06184993,0.005477,36
2015-08-01,DXY,Bond,0.12987559,0.024775,36
2015-09-01,DXY,Bond,0.1603828,0.032665,36
2015-10-01,DXY,Bond,0.13809287,0.025049,36
2015-11-01,DXY,Bond,0.09694191,0.012087,36
2015-12-01,DXY,Bond,0.06670424,0.005686,36
2016-01-01,DXY,Bond,0.10154705,0.013725,36
2016-02-01,DXY,Bond,0.05828552,0.00465,36
2016-03-01,DXY,Bond,0.07122653,0.008331,36
2016-04-01,DXY,Bond,0.06974521,0.008744,36
2016-05-01,DXY,Bond,0.06817075,0.008487,36
2016-06-01,DXY,Bond,0.08348802,0.017111,36
2016-07-01,DXY,Bond,0.09239707,0.0218,36
2016-08-01,DXY,Bond,0.0902677,0.02267,36
2016-09-01,DXY,Bond,0.0885237,0.020424,36
2016-10-01,DXY,Bond,0.09349995,0.020882,36
2016-11-01,DXY,Bond,0.00547606,5.9e-05,36
2016-12-01,DXY,Bond,-0.0268206,0.001342,36
2017-01-01,DXY,Bond,-0.02596607,0.001269,36
2017-02-01,DXY,Bond,0.00191272,7e-06,36
2017-03-01,DXY,Bond,0.00873775,0.000154,36
2017-04-01,DXY,Bond,0.00662147,9e-05,36
2017-05-01,DXY,Bond,0.03058435,0.001929,36
2017-06-01,DXY,Bond,0.02121018,0.000991,36
2017-07-01,DXY,Bond,0.05775844,0.008168,36
2017-08-01,DXY,Bond,0.0661444,0.011014,36
2017-09-01,DXY,Bond,0.0605997,0.009338,36
2017-10-01,DXY,Bond,0.01224806,0.000403,36
2017-11-01,DXY,Bond,0.00319124,2.7e-05,36
2017-12-01,DXY,Bond,-0.00327126,2.6e-05,36
2018-01-01,DXY,Bond,-0.0232195,0.00146,36
2018-02-01,DXY,Bond,-0.02424721,0.001542,36
2018-03-01,DXY,Bond,-0.04243452,0.004405,36
2018-04-01,DXY,Bond,-0.03145679,0.002408,36
2018-05-01,DXY,Bond,-0.07958245,0.019922,36
2018-06-01,DXY,Bond,-0.06335705,0.012706,36
2018-07-01,DXY,Bond,-0.07016327,0.014556,36
2018-08-01,DXY,Bond,-0.09133929,0.024293,36
2018-09-01,DXY,Bond,-0.0971936,0.026662,36
2018-10-01,DXY,Bond,-0.08583633,0.021219,36
2018-11-01,DXY,Bond,-0.04667088,0.006247,36
2018-12-01,DXY,Bond,-0.0554949,0.008111,36
2019-01-01,DXY,Bond,-0.09318343,0.022916,36
2019-02-01,DXY,Bond,-0.07585073,0.016114,36
2019-03-01,DXY,Bond,-0.08929005,0.020432,36
2019-04-01,DXY,Bond,-0.0856489,0.017502,36
2019-05-01,DXY,Bond,-0.0821522,0.015948,36
2019-06-01,DXY,Bond,-0.10286789,0.024455,36
2019-07-01,DXY,Bond,-0.12972168,0.041008,36
2019-08-01,DXY,Bond,-0.07766879,0.013707,36
2019-09-01,DXY,Bond,-0.0704588,0.010776,36
2019-10-01,DXY,Bond,-0.04652634,0.0045,36
2019-11-01,DXY,Bond,0.08027235,0.014525,36
2019-12-01,DXY,Bond,0.12798196,0.037705,36
2020-01-01,DXY,Bond,0.12926104,0.038757,36
2020-02-01,DXY,Bond,0.13422619,0.041023,36
2020-03-01,DXY,Bond,0.10811102,0.035882,36
2020-04-01,DXY,Bond,0.097198,0.030014,36
2020-05-01,DXY,Bond,0.08332141,0.022236,36
2020-06-01,DXY,Bond,0.09618407,0.032377,36
2020-07-01,DXY,Bond,0.07975486,0.022121,36
2020-08-01,DXY,Bond,0.0789341,0.022197,36
2020-09-01,DXY,Bond,0.08966237,0.026735,36
2020-10-01,DXY,Bond,0.13236899,0.06004,36
2020-11-01,DXY,Bond,0.15072257,0.079938,36
2020-12-01,DXY,Bond,0.16124196,0.096407,36
2021-01-01,DXY,Bond,0.13735512,0.067124,36
2021-02-01,DXY,Bond,0.11945807,0.051001,36
2021-03-01,DXY,Bond,0.09179788,0.027796,36
2021-04-01,DXY,Bond,0.09288628,0.028863,36
2021-05-01,DXY,Bond,0.15695944,0.073576,36
2021-06-01,DXY,Bond,0.14593995,0.061629,36
2021-07-01,DXY,Bond,0.1570902,0.073607,36
2021-08-01,DXY,Bond,0.15323229,0.070119,36
2021-09-01,DXY,Bond,0.14864479,0.064884,36
2021-10-01,DXY,Bond,0.12751793,0.038285,36
2021-11-01,DXY,Bond,0.11452744,0.031331,36
2021-12-01,DXY,Bond,0.12804463,0.040994,36
2022-01-01,DXY,Bond,0.16094047,0.053904,36
2022-02-01,DXY,Bond,0.16228686,0.052392,36
2022-03-01,DXY,Bond,0.14812034,0.044674,36
2022-04-01,DXY,Bond,0.11180988,0.02107,36
2022-05-01,DXY,Bond,0.08997082,0.014847,36
2022-06-01,DXY,Bond,0.10187979,0.018693,36
2022-07-01,DXY,Bond,0.19670699,0.063645,36
2022-08-01,DXY,Bond,0.14871911,0.038424,36
2022-09-01,DXY,Bond,0.0089972,0.000124,36
2022-10-01,DXY,Bond,-0.03207588,0.001512,36
2022-11-01,DXY,Bond,-0.12670952,0.021977,36
2022-12-01,DXY,Bond,-0.19678147,0.049872,36
2023-01-01,DXY,Bond,-0.21773403,0.06298,36
2023-02-01,DXY,Bond,-0.23515402,0.07342,36
2023-03-01,DXY,Bond,-0.31943988,0.111521,36
2023-04-01,DXY,Bond,-0.35962676,0.132946,36
2023-05-01,DXY,Bond,-0.35356343,0.13018,36
2023-06-01,DXY,Bond,-0.37477809,0.13091,36
2023-07-01,DXY,Bond,-0.3654446,0.125933,36
2023-08-01,DXY,Bond,-0.37614215,0.132651,36
2023-09-01,DXY,Bond,-0.37146831,0.133655,36
2023-10-01,DXY,Bond,-0.39288104,0.148453,36
2023-11-01,DXY,Bond,-0.49164113,0.209899,36
2023-12-01,DXY,Bond,-0.60170602,0.258189,36
2024-01-01,DXY,Bond,-0.60543594,0.258393,36
2024-02-01,DXY,Bond,-0.60260377,0.257581,36
2024-03-01,DXY,Bond,-0.59643839,0.251909,36
2024-04-01,DXY,Bond,-0.60539631,0.259149,36
2024-05-01,DXY,Bond,-0.64508743,0.282751,36
2024-06-01,DXY,Bond,-0.59496537,0.241839,36
2024-07-01,DXY,Bond,-0.63392392,0.267916,36
2024-08-01,DXY,Bond,-0.64526604,0.277211,36
2024-09-01,DXY,Bond,-0.64184282,0.280157,36
2024-10-01,DXY,Bond,-0.62037677,0.281867,36
2024-11-01,DXY,Bond,-0.57120093,0.253439,36
2024-12-01,DXY,Bond,-0.55729872,0.239048,36
2025-01-01,DXY,Bond,-0.59509511,0.282814,36
2025-02-01,DXY,Bond,-0.59113424,0.289675,36
2025-03-01,DXY,Bond,-0.5710496,0.279154,36
2025-04-01,DXY,Bond,-0.54078282,0.290813,36
2025-05-01,DXY,Bond,-0.52527816,0.267628,36
2025-06-01,DXY,Bond,-0.47868575,0.244297,36
2025-07-01,DXY,Bond,-0.59249612,0.368071,36
2025-08-01,DXY,Bond,-0.59259546,0.369018,36
2025-09-01,DXY,Bond,-0.48665164,0.28009,36
2025-10-01,DXY,Bond,-0.44148491,0.249611,36
2025-11-01,DXY,Bond,-0.41815784,0.207632,36
2025-12-01,DXY,Bond,-0.32888702,0.134295,36
2026-01-01,DXY,Bond,-0.30331143,0.106196,36
2026-02-01,DXY,Bond,-0.2754237,0.088443,36
2026-03-01,DXY,Bond,-0.2828116,0.098577,36
2026-04-01,DXY,Bond,-0.26597424,0.086968,36
2026-05-01,DXY,Bond,-0.25420094,0.072319,36
2026-06-01,DXY,Bond,-0.266496,0.083845,36
2026-07-01,DXY,Bond,-0.28125893,0.091152,35
2013-12-01,DXY,Gold,0.2383722,0.004021,35
2014-01-01,DXY,Gold,0.14229537,0.001417,36
2014-02-01,DXY,Gold,0.09714511,0.000645,36
2014-03-01,DXY,Gold,0.08085248,0.000417,36
2014-04-01,DXY,Gold,0.26559681,0.004142,36
2014-05-01,DXY,Gold,0.32898951,0.006522,36
2014-06-01,DXY,Gold,0.35080709,0.007309,36
2014-07-01,DXY,Gold,0.31566175,0.005444,36
2014-08-01,DXY,Gold,0.23667,0.003159,36
2014-09-01,DXY,Gold,-1.17750793,0.080664,36
2014-10-01,DXY,Gold,-1.33354149,0.10406,36
2014-11-01,DXY,Gold,-1.34945765,0.116353,36
2014-12-01,DXY,Gold,-1.03242118,0.078603,36
2015-01-01,DXY,Gold,-0.95743559,0.077046,36
2015-02-01,DXY,Gold,-0.81957904,0.047984,36
2015-03-01,DXY,Gold,-0.96082302,0.074522,36
2015-04-01,DXY,Gold,-0.97990268,0.083221,36
2015-05-01,DXY,Gold,-0.94256971,0.076147,36
2015-06-01,DXY,Gold,-0.87575704,0.064888,36
2015-07-01,DXY,Gold,-0.83110021,0.060905,36
2015-08-01,DXY,Gold,-1.02358883,0.084506,36
2015-09-01,DXY,Gold,-0.91722323,0.057186,36
2015-10-01,DXY,Gold,-0.77147716,0.04908,36
2015-11-01,DXY,Gold,-0.80636395,0.055246,36
2015-12-01,DXY,Gold,-0.89147317,0.063092,36
2016-01-01,DXY,Gold,-0.68272304,0.037758,36
2016-02-01,DXY,Gold,-0.86231841,0.059848,36
2016-03-01,DXY,Gold,-1.34490324,0.141157,36
2016-04-01,DXY,Gold,-1.23099635,0.129543,36
2016-05-01,DXY,Gold,-1.16918841,0.11991,36
2016-06-01,DXY,Gold,-1.12723557,0.110567,36
2016-07-01,DXY,Gold,-1.03665659,0.078779,36
2016-08-01,DXY,Gold,-1.04855418,0.085482,36
2016-09-01,DXY,Gold,-0.99417374,0.078499,36
2016-10-01,DXY,Gold,-1.10111144,0.088292,36
2016-11-01,DXY,Gold,-0.9695159,0.073039,36
2016-12-01,DXY,Gold,-1.15805205,0.093228,36
2017-01-01,DXY,Gold,-1.1161952,0.089591,36
2017-02-01,DXY,Gold,-1.15649345,0.102228,36
2017-03-01,DXY,Gold,-1.13582852,0.100877,36
2017-04-01,DXY,Gold,-1.09260394,0.095424,36
2017-05-01,DXY,Gold,-1.12291049,0.10218,36
2017-06-01,DXY,Gold,-1.17097723,0.119455,36
2017-07-01,DXY,Gold,-0.88731771,0.074229,36
2017-08-01,DXY,Gold,-0.93386985,0.083271,36
2017-09-01,DXY,Gold,-0.99951128,0.092257,36
2017-10-01,DXY,Gold,-1.03710122,0.099884,36
2017-11-01,DXY,Gold,-0.96249863,0.086495,36
2017-12-01,DXY,Gold,-1.13096202,0.113728,36
2018-01-01,DXY,Gold,-1.2844024,0.147634,36
2018-02-01,DXY,Gold,-1.3856524,0.172328,36
2018-03-01,DXY,Gold,-1.30916155,0.148716,36
2018-04-01,DXY,Gold,-1.32664621,0.150134,36
2018-05-01,DXY,Gold,-1.30918854,0.163642,36
2018-06-01,DXY,Gold,-1.29638758,0.164765,36
2018-07-01,DXY,Gold,-1.31269548,0.159068,36
2018-08-01,DXY,Gold,-1.19886734,0.136346,36
2018-09-01,DXY,Gold,-1.25545915,0.150369,36
2018-10-01,DXY,Gold,-1.25346513,0.148502,36
2018-11-01,DXY,Gold,-1.16316193,0.126447,36
2018-12-01,DXY,Gold,-1.10236474,0.116671,36
2019-01-01,DXY,Gold,-1.31725663,0.159381,36
2019-02-01,DXY,Gold,-1.27513289,0.150275,36
2019-03-01,DXY,Gold,-1.00041082,0.09855,36
2019-04-01,DXY,Gold,-1.12696624,0.11742,36
2019-05-01,DXY,Gold,-1.23437391,0.145738,36
2019-06-01,DXY,Gold,-1.24213418,0.153774,36
2019-07-01,DXY,Gold,-1.47405255,0.274638,36
2019-08-01,DXY,Gold,-1.2190531,0.176938,36
2019-09-01,DXY,Gold,-1.20784241,0.169465,36
2019-10-01,DXY,Gold,-1.0747163,0.140034,36
2019-11-01,DXY,Gold,-1.25916411,0.170977,36
2019-12-01,DXY,Gold,-0.89499574,0.111635,36
2020-01-01,DXY,Gold,-0.93143257,0.117733,36
2020-02-01,DXY,Gold,-0.78421489,0.084269,36
2020-03-01,DXY,Gold,-0.29330329,0.015122,36
2020-04-01,DXY,Gold,-0.36723098,0.024024,36
2020-05-01,DXY,Gold,-0.45231121,0.034048,36
2020-06-01,DXY,Gold,-0.35729476,0.023251,36
2020-07-01,DXY,Gold,-0.58131819,0.064421,36
2020-08-01,DXY,Gold,-0.87613434,0.099239,36
2020-09-01,DXY,Gold,-0.74131754,0.070357,36
2020-10-01,DXY,Gold,-0.52801466,0.03652,36
2020-11-01,DXY,Gold,-0.48522913,0.032255,36
2020-12-01,DXY,Gold,-0.25478037,0.008719,36
2021-01-01,DXY,Gold,-0.18493556,0.004079,36
2021-02-01,DXY,Gold,-0.23350194,0.005988,36
2021-03-01,DXY,Gold,-0.35533662,0.012943,36
2021-04-01,DXY,Gold,-0.36205167,0.013559,36
2021-05-01,DXY,Gold,-0.33166319,0.010123,36
2021-06-01,DXY,Gold,-0.25311512,0.005511,36
2021-07-01,DXY,Gold,-0.37794693,0.012472,36
2021-08-01,DXY,Gold,-0.33463194,0.009939,36
2021-09-01,DXY,Gold,-0.32218855,0.009342,36
2021-10-01,DXY,Gold,-0.35651093,0.011082,36
2021-11-01,DXY,Gold,-0.37910098,0.012367,36
2021-12-01,DXY,Gold,-0.39600317,0.013591,36
2022-01-01,DXY,Gold,-0.3369001,0.009547,36
2022-02-01,DXY,Gold,-0.33407205,0.009402,36
2022-03-01,DXY,Gold,-0.17762392,0.002598,36
2022-04-01,DXY,Gold,-0.18609677,0.002885,36
2022-05-01,DXY,Gold,-0.30815652,0.00831,36
2022-06-01,DXY,Gold,-0.28666158,0.007183,36
2022-07-01,DXY,Gold,-0.46373914,0.019664,36
2022-08-01,DXY,Gold,-0.65269801,0.039357,36
2022-09-01,DXY,Gold,-0.7551646,0.058,36
2022-10-01,DXY,Gold,-0.79615095,0.066445,36
2022-11-01,DXY,Gold,-0.62341434,0.04334,36
2022-12-01,DXY,Gold,-0.84523875,0.077861,36
2023-01-01,DXY,Gold,-0.85254007,0.084042,36
2023-02-01,DXY,Gold,-0.88088511,0.087438,36
2023-03-01,DXY,Gold,-1.35189652,0.167312,36
2023-04-01,DXY,Gold,-1.50623744,0.179969,36
2023-05-01,DXY,Gold,-1.4694094,0.177345,36
2023-06-01,DXY,Gold,-1.60580304,0.189432,36
2023-07-01,DXY,Gold,-1.49207633,0.165459,36
2023-08-01,DXY,Gold,-1.06623519,0.113174,36
2023-09-01,DXY,Gold,-1.10624717,0.127307,36
2023-10-01,DXY,Gold,-1.22891367,0.155392,36
2023-11-01,DXY,Gold,-1.49776629,0.206797,36
2023-12-01,DXY,Gold,-1.81967431,0.304823,36
2024-01-01,DXY,Gold,-1.77024355,0.301764,36
2024-02-01,DXY,Gold,-1.7521694,0.310701,36
2024-03-01,DXY,Gold,-1.70649279,0.300666,36
2024-04-01,DXY,Gold,-1.57635928,0.243559,36
2024-05-01,DXY,Gold,-1.55484547,0.231751,36
2024-06-01,DXY,Gold,-1.49846098,0.227971,36
2024-07-01,DXY,Gold,-1.41362807,0.210271,36
2024-08-01,DXY,Gold,-1.42514218,0.215374,36
2024-09-01,DXY,Gold,-1.45241944,0.22289,36
2024-10-01,DXY,Gold,-1.28746036,0.176004,36
2024-11-01,DXY,Gold,-1.18682469,0.158734,36
2024-12-01,DXY,Gold,-1.21243005,0.163406,36
2025-01-01,DXY,Gold,-1.22664438,0.165918,36
2025-02-01,DXY,Gold,-1.36712218,0.184541,36
2025-03-01,DXY,Gold,-1.46000686,0.225803,36
2025-04-01,DXY,Gold,-1.5841095,0.257709,36
2025-05-01,DXY,Gold,-1.54265578,0.243635,36
2025-06-01,DXY,Gold,-1.458607,0.228204,36
2025-07-01,DXY,Gold,-1.28668178,0.174238,36
2025-08-01,DXY,Gold,-1.29003833,0.175723,36
2025-09-01,DXY,Gold,-1.21096717,0.137923,36
2025-10-01,DXY,Gold,-1.03318486,0.085511,36
2025-11-01,DXY,Gold,-1.34860747,0.142838,36
2025-12-01,DXY,Gold,-1.20057669,0.111028,36
2026-01-01,DXY,Gold,-1.35343442,0.124576,36
2026-02-01,DXY,Gold,-1.39907353,0.135036,36
2026-03-01,DXY,Gold,-1.41223927,0.155562,36
2026-04-01,DXY,Gold,-1.15443032,0.104352,36
2026-05-01,DXY,Gold,-1.12521051,0.098235,36
2026-06-01,DXY,Gold,-1.29690943,0.128041,36
2026-07-01,DXY,Gold,-1.55472652,0.143756,36
2013-12-01,VIX,Domestic_Equity,-0.14245269,0.513619,35
2014-01-01,VIX,Domestic_Equity,-0.14237051,0.509191,36
2014-02-01,VIX,Domestic_Equity,-0.14212095,0.524296,36
2014-03-01,VIX,Domestic_Equity,-0.14515547,0.5328,36
2014-04-01,VIX,Domestic_Equity,-0.13684083,0.516375,36
2014-05-01,VIX,Domestic_Equity,-0.134735,0.50901,36
2014-06-01,VIX,Domestic_Equity,-0.13378981,0.502777,36
2014-07-01,VIX,Domestic_Equity,-0.13260929,0.510046,36
2014-08-01,VIX,Domestic_Equity,-0.0834146,0.145495,36
2014-09-01,VIX,Domestic_Equity,-0.07860997,0.138891,36
2014-10-01,VIX,Domestic_Equity,-0.09199154,0.21445,36
2014-11-01,VIX,Domestic_Equity,-0.08494892,0.204619,36
2014-12-01,VIX,Domestic_Equity,-0.08793827,0.220572,36
2015-01-01,VIX,Domestic_Equity,-0.08679137,0.213748,36
2015-02-01,VIX,Domestic_Equity,-0.08130222,0.220998,36
2015-03-01,VIX,Domestic_Equity,-0.08367776,0.223435,36
2015-04-01,VIX,Domestic_Equity,-0.08823126,0.226483,36
2015-05-01,VIX,Domestic_Equity,-0.07613275,0.187584,36
2015-06-01,VIX,Domestic_Equity,-0.07869198,0.200317,36
2015-07-01,VIX,Domestic_Equity,-0.08660841,0.233338,36
2015-08-01,VIX,Domestic_Equity,-0.09145557,0.301435,36
2015-09-01,VIX,Domestic_Equity,-0.08601959,0.293118,36
2015-10-01,VIX,Domestic_Equity,-0.0906934,0.342867,36
2015-11-01,VIX,Domestic_Equity,-0.08964281,0.343628,36
2015-12-01,VIX,Domestic_Equity,-0.09182606,0.383896,36
2016-01-01,VIX,Domestic_Equity,-0.09958896,0.43594,36
2016-02-01,VIX,Domestic_Equity,-0.09921187,0.435361,36
2016-03-01,VIX,Domestic_Equity,-0.10137505,0.469696,36
2016-04-01,VIX,Domestic_Equity,-0.10003829,0.476004,36
2016-05-01,VIX,Domestic_Equity,-0.09969054,0.474096,36
2016-06-01,VIX,Domestic_Equity,-0.09045827,0.415008,36
2016-07-01,VIX,Domestic_Equity,-0.09260642,0.449675,36
2016-08-01,VIX,Domestic_Equity,-0.09328585,0.456334,36
2016-09-01,VIX,Domestic_Equity,-0.09289766,0.516608,36
2016-10-01,VIX,Domestic_Equity,-0.09369391,0.536793,36
2016-11-01,VIX,Domestic_Equity,-0.09893593,0.55866,36
2016-12-01,VIX,Domestic_Equity,-0.09889565,0.566291,36
2017-01-01,VIX,Domestic_Equity,-0.09992606,0.584003,36
2017-02-01,VIX,Domestic_Equity,-0.09995904,0.5816,36
2017-03-01,VIX,Domestic_Equity,-0.09933777,0.558466,36
2017-04-01,VIX,Domestic_Equity,-0.09697199,0.541586,36
2017-05-01,VIX,Domestic_Equity,-0.10617092,0.557082,36
2017-06-01,VIX,Domestic_Equity,-0.10815979,0.550413,36
2017-07-01,VIX,Domestic_Equity,-0.10917908,0.557752,36
2017-08-01,VIX,Domestic_Equity,-0.11196245,0.58863,36
2017-09-01,VIX,Domestic_Equity,-0.10962168,0.578351,36
2017-10-01,VIX,Domestic_Equity,-0.10462265,0.515646,36
2017-11-01,VIX,Domestic_Equity,-0.11124132,0.528612,36
2017-12-01,VIX,Domestic_Equity,-0.1117229,0.48647,36
2018-01-01,VIX,Domestic_Equity,-0.10988806,0.459656,36
2018-02-01,VIX,Domestic_Equity,-0.06994663,0.390362,36
2018-03-01,VIX,Domestic_Equity,-0.06791626,0.379586,36
2018-04-01,VIX,Domestic_Equity,-0.06550816,0.381137,36
2018-05-01,VIX,Domestic_Equity,-0.06304421,0.364929,36
2018-06-01,VIX,Domestic_Equity,-0.06135684,0.345626,36
2018-07-01,VIX,Domestic_Equity,-0.05972077,0.289966,36
2018-08-01,VIX,Domestic_Equity,-0.05294997,0.245376,36
2018-09-01,VIX,Domestic_Equity,-0.05298141,0.238107,36
2018-10-01,VIX,Domestic_Equity,-0.06030142,0.287817,36
2018-11-01,VIX,Domestic_Equity,-0.06019504,0.269388,36
2018-12-01,VIX,Domestic_Equity,-0.05866682,0.26719,36
2019-01-01,VIX,Domestic_Equity,-0.05496803,0.245223,36
2019-02-01,VIX,Domestic_Equity,-0.05943,0.267299,36
2019-03-01,VIX,Domestic_Equity,-0.05593152,0.230264,36
2019-04-01,VIX,Domestic_Equity,-0.05667661,0.233755,36
2019-05-01,VIX,Domestic_Equity,-0.06210884,0.263452,36
2019-06-01,VIX,Domestic_Equity,-0.06326264,0.269732,36
2019-07-01,VIX,Domestic_Equity,-0.06191227,0.251622,36
2019-08-01,VIX,Domestic_Equity,-0.0695546,0.301124,36
2019-09-01,VIX,Domestic_Equity,-0.07392062,0.317976,36
2019-10-01,VIX,Domestic_Equity,-0.07400434,0.318257,36
2019-11-01,VIX,Domestic_Equity,-0.0751512,0.334395,36
2019-12-01,VIX,Domestic_Equity,-0.07434254,0.324105,36
2020-01-01,VIX,Domestic_Equity,-0.07394754,0.3173,36
2020-02-01,VIX,Domestic_Equity,-0.07252345,0.322966,36
2020-03-01,VIX,Domestic_Equity,-0.08499679,0.631936,36
2020-04-01,VIX,Domestic_Equity,-0.08569429,0.643058,36
2020-05-01,VIX,Domestic_Equity,-0.08570725,0.652324,36
2020-06-01,VIX,Domestic_Equity,-0.08620784,0.597106,36
2020-07-01,VIX,Domestic_Equity,-0.08646446,0.599713,36
2020-08-01,VIX,Domestic_Equity,-0.08826329,0.590256,36
2020-09-01,VIX,Domestic_Equity,-0.0884628,0.590468,36
2020-10-01,VIX,Domestic_Equity,-0.08796084,0.59223,36
2020-11-01,VIX,Domestic_Equity,-0.08941147,0.594298,36
2020-12-01,VIX,Domestic_Equity,-0.09256593,0.572813,36
2021-01-01,VIX,Domestic_Equity,-0.09181141,0.499202,36
2021-02-01,VIX,Domestic_Equity,-0.1009806,0.518041,36
2021-03-01,VIX,Domestic_Equity,-0.1011026,0.512428,36
2021-04-01,VIX,Domestic_Equity,-0.10186124,0.519046,36
2021-05-01,VIX,Domestic_Equity,-0.10367625,0.530605,36
2021-06-01,VIX,Domestic_Equity,-0.10435304,0.545229,36
2021-07-01,VIX,Domestic_Equity,-0.10551108,0.575783,36
2021-08-01,VIX,Domestic_Equity,-0.10547534,0.56904,36
2021-09-01,VIX,Domestic_Equity,-0.10570967,0.569249,36
2021-10-01,VIX,Domestic_Equity,-0.10108865,0.512021,36
2021-11-01,VIX,Domestic_Equity,-0.10146066,0.526361,36
2021-12-01,VIX,Domestic_Equity,-0.10159935,0.524349,36
2022-01-01,VIX,Domestic_Equity,-0.1032512,0.518007,36
2022-02-01,VIX,Domestic_Equity,-0.10301501,0.501406,36
2022-03-01,VIX,Domestic_Equity,-0.10384298,0.511157,36
2022-04-01,VIX,Domestic_Equity,-0.10324469,0.506047,36
2022-05-01,VIX,Domestic_Equity,-0.10205307,0.502945,36
2022-06-01,VIX,Domestic_Equity,-0.10106298,0.475625,36
2022-07-01,VIX,Domestic_Equity,-0.10010944,0.450978,36
2022-08-01,VIX,Domestic_Equity,-0.09823533,0.436892,36
2022-09-01,VIX,Domestic_Equity,-0.09898809,0.433077,36
2022-10-01,VIX,Domestic_Equity,-0.0994913,0.425983,36
2022-11-01,VIX,Domestic_Equity,-0.10264093,0.430778,36
2022-12-01,VIX,Domestic_Equity,-0.1016797,0.420414,36
2023-01-01,VIX,Domestic_Equity,-0.10122125,0.419735,36
2023-02-01,VIX,Domestic_Equity,-0.10275065,0.417734,36
2023-03-01,VIX,Domestic_Equity,-0.15231464,0.191102,36
2023-04-01,VIX,Domestic_Equity,-0.16042591,0.196157,36
2023-05-01,VIX,Domestic_Equity,-0.15606486,0.172199,36
2023-06-01,VIX,Domestic_Equity,-0.15612347,0.20067,36
2023-07-01,VIX,Domestic_Equity,-0.15551101,0.194905,36
2023-08-01,VIX,Domestic_Equity,-0.14265733,0.174934,36
2023-09-01,VIX,Domestic_Equity,-0.15575269,0.191493,36
2023-10-01,VIX,Domestic_Equity,-0.16362577,0.224649,36
2023-11-01,VIX,Domestic_Equity,-0.14751949,0.205956,36
2023-12-01,VIX,Domestic_Equity,-0.13730705,0.206583,36
2024-01-01,VIX,Domestic_Equity,-0.16462039,0.386248,36
2024-02-01,VIX,Domestic_Equity,-0.16013105,0.347801,36
2024-03-01,VIX,Domestic_Equity,-0.16268106,0.352986,36
2024-04-01,VIX,Domestic_Equity,-0.15101585,0.313265,36
2024-05-01,VIX,Domestic_Equity,-0.1524919,0.328113,36
2024-06-01,VIX,Domestic_Equity,-0.15043484,0.314928,36
2024-07-01,VIX,Domestic_Equity,-0.14045484,0.277415,36
2024-08-01,VIX,Domestic_Equity,-0.14385653,0.326276,36
2024-09-01,VIX,Domestic_Equity,-0.14149782,0.311231,36
2024-10-01,VIX,Domestic_Equity,-0.14680386,0.351296,36
2024-11-01,VIX,Domestic_Equity,-0.12980013,0.284845,36
2024-12-01,VIX,Domestic_Equity,-0.13597996,0.301519,36
2025-01-01,VIX,Domestic_Equity,-0.12979109,0.277613,36
2025-02-01,VIX,Domestic_Equity,-0.12423548,0.256894,36
2025-03-01,VIX,Domestic_Equity,-0.11042537,0.22584,36
2025-04-01,VIX,Domestic_Equity,-0.10766482,0.25615,36
2025-05-01,VIX,Domestic_Equity,-0.11250398,0.29198,36
2025-06-01,VIX,Domestic_Equity,-0.12499154,0.293661,36
2025-07-01,VIX,Domestic_Equity,-0.13917662,0.352045,36
2025-08-01,VIX,Domestic_Equity,-0.13604925,0.342688,36
2025-09-01,VIX,Domestic_Equity,-0.12805658,0.302215,36
2025-10-01,VIX,Domestic_Equity,-0.1060239,0.184591,36
2025-11-01,VIX,Domestic_Equity,-0.08980861,0.131011,36
2025-12-01,VIX,Domestic_Equity,-0.08992943,0.140948,36
2026-01-01,VIX,Domestic_Equity,-0.08661397,0.095051,36
2026-02-01,VIX,Domestic_Equity,-0.0605053,0.038427,36
2026-03-01,VIX,Domestic_Equity,-0.06063864,0.042403,36
2026-04-01,VIX,Domestic_Equity,-0.07004309,0.055467,36
2026-05-01,VIX,Domestic_Equity,-0.0973958,0.073349,36
2026-06-01,VIX,Domestic_Equity,-0.10114422,0.072911,36
2026-07-01,VIX,Domestic_Equity,-0.10213863,0.07497,35
2013-12-01,VIX,Foreign_Equity,-0.14265086,0.714764,35
2014-01-01,VIX,Foreign_Equity,-0.1426577,0.714732,36
2014-02-01,VIX,Foreign_Equity,-0.14272035,0.730973,36
2014-03-01,VIX,Foreign_Equity,-0.1443833,0.730062,36
2014-04-01,VIX,Foreign_Equity,-0.14716256,0.734231,36
2014-05-01,VIX,Foreign_Equity,-0.14547912,0.730508,36
2014-06-01,VIX,Foreign_Equity,-0.14293147,0.735423,36
2014-07-01,VIX,Foreign_Equity,-0.14251314,0.738671,36
2014-08-01,VIX,Foreign_Equity,-0.13355936,0.499449,36
2014-09-01,VIX,Foreign_Equity,-0.12864831,0.520745,36
2014-10-01,VIX,Foreign_Equity,-0.13371038,0.595777,36
2014-11-01,VIX,Foreign_Equity,-0.13337031,0.618606,36
2014-12-01,VIX,Foreign_Equity,-0.13895833,0.664984,36
2015-01-01,VIX,Foreign_Equity,-0.13704736,0.656903,36
2015-02-01,VIX,Foreign_Equity,-0.13200277,0.667766,36
2015-03-01,VIX,Foreign_Equity,-0.1320624,0.650438,36
2015-04-01,VIX,Foreign_Equity,-0.12963606,0.64493,36
2015-05-01,VIX,Foreign_Equity,-0.12104527,0.636376,36
2015-06-01,VIX,Foreign_Equity,-0.12226671,0.675144,36
2015-07-01,VIX,Foreign_Equity,-0.12286903,0.638606,36
2015-08-01,VIX,Foreign_Equity,-0.11972752,0.666969,36
2015-09-01,VIX,Foreign_Equity,-0.12909177,0.689039,36
2015-10-01,VIX,Foreign_Equity,-0.12493757,0.699626,36
2015-11-01,VIX,Foreign_Equity,-0.12438753,0.719943,36
2015-12-01,VIX,Foreign_Equity,-0.12694194,0.747902,36
2016-01-01,VIX,Foreign_Equity,-0.13513658,0.743621,36
2016-02-01,VIX,Foreign_Equity,-0.13340227,0.731081,36
2016-03-01,VIX,Foreign_Equity,-0.14055853,0.755539,36
2016-04-01,VIX,Foreign_Equity,-0.14204869,0.762039,36
2016-05-01,VIX,Foreign_Equity,-0.14067186,0.781552,36
2016-06-01,VIX,Foreign_Equity,-0.13757888,0.74296,36
2016-07-01,VIX,Foreign_Equity,-0.13426755,0.733521,36
2016-08-01,VIX,Foreign_Equity,-0.13410132,0.733879,36
2016-09-01,VIX,Foreign_Equity,-0.13352101,0.739142,36
2016-10-01,VIX,Foreign_Equity,-0.13455694,0.75557,36
2016-11-01,VIX,Foreign_Equity,-0.13407059,0.745469,36
2016-12-01,VIX,Foreign_Equity,-0.13738908,0.762398,36
2017-01-01,VIX,Foreign_Equity,-0.13717759,0.763767,36
2017-02-01,VIX,Foreign_Equity,-0.13745678,0.758007,36
2017-03-01,VIX,Foreign_Equity,-0.13665758,0.75875,36
2017-04-01,VIX,Foreign_Equity,-0.13623019,0.757934,36
2017-05-01,VIX,Foreign_Equity,-0.13412906,0.747934,36
2017-06-01,VIX,Foreign_Equity,-0.13353423,0.747281,36
2017-07-01,VIX,Foreign_Equity,-0.13433017,0.753104,36
2017-08-01,VIX,Foreign_Equity,-0.13155536,0.740993,36
2017-09-01,VIX,Foreign_Equity,-0.13101089,0.742886,36
2017-10-01,VIX,Foreign_Equity,-0.13092914,0.712243,36
2017-11-01,VIX,Foreign_Equity,-0.12946575,0.692935,36
2017-12-01,VIX,Foreign_Equity,-0.13377606,0.692017,36
2018-01-01,VIX,Foreign_Equity,-0.13010294,0.604453,36
2018-02-01,VIX,Foreign_Equity,-0.08068428,0.487248,36
2018-03-01,VIX,Foreign_Equity,-0.0785546,0.464554,36
2018-04-01,VIX,Foreign_Equity,-0.07784457,0.454631,36
2018-05-01,VIX,Foreign_Equity,-0.07577145,0.445162,36
2018-06-01,VIX,Foreign_Equity,-0.07528123,0.443963,36
2018-07-01,VIX,Foreign_Equity,-0.07544326,0.452977,36
2018-08-01,VIX,Foreign_Equity,-0.07373364,0.428119,36
2018-09-01,VIX,Foreign_Equity,-0.06739208,0.415232,36
2018-10-01,VIX,Foreign_Equity,-0.06943275,0.44566,36
2018-11-01,VIX,Foreign_Equity,-0.06913837,0.431779,36
2018-12-01,VIX,Foreign_Equity,-0.07437111,0.444331,36
2019-01-01,VIX,Foreign_Equity,-0.06653295,0.439279,36
2019-02-01,VIX,Foreign_Equity,-0.07108821,0.468224,36
2019-03-01,VIX,Foreign_Equity,-0.06459463,0.445086,36
2019-04-01,VIX,Foreign_Equity,-0.06430508,0.446293,36
2019-05-01,VIX,Foreign_Equity,-0.06546415,0.463609,36
2019-06-01,VIX,Foreign_Equity,-0.06672671,0.473957,36
2019-07-01,VIX,Foreign_Equity,-0.06749606,0.471427,36
2019-08-01,VIX,Foreign_Equity,-0.07153795,0.510736,36
2019-09-01,VIX,Foreign_Equity,-0.07220965,0.517514,36
2019-10-01,VIX,Foreign_Equity,-0.07202688,0.520846,36
2019-11-01,VIX,Foreign_Equity,-0.07368049,0.531493,36
2019-12-01,VIX,Foreign_Equity,-0.07106805,0.508071,36
2020-01-01,VIX,Foreign_Equity,-0.07121546,0.504873,36
2020-02-01,VIX,Foreign_Equity,-0.07035883,0.517505,36
2020-03-01,VIX,Foreign_Equity,-0.09990616,0.81291,36
2020-04-01,VIX,Foreign_Equity,-0.09846238,0.806262,36
2020-05-01,VIX,Foreign_Equity,-0.09936569,0.812525,36
2020-06-01,VIX,Foreign_Equity,-0.10009461,0.772434,36
2020-07-01,VIX,Foreign_Equity,-0.09986819,0.772286,36
2020-08-01,VIX,Foreign_Equity,-0.10080584,0.771495,36
2020-09-01,VIX,Foreign_Equity,-0.10094478,0.771618,36
2020-10-01,VIX,Foreign_Equity,-0.10076821,0.77078,36
2020-11-01,VIX,Foreign_Equity,-0.10192231,0.7681,36
2020-12-01,VIX,Foreign_Equity,-0.1025224,0.765416,36
2021-01-01,VIX,Foreign_Equity,-0.10234418,0.770513,36
2021-02-01,VIX,Foreign_Equity,-0.11332912,0.812719,36
2021-03-01,VIX,Foreign_Equity,-0.11493229,0.833125,36
2021-04-01,VIX,Foreign_Equity,-0.11534941,0.840984,36
2021-05-01,VIX,Foreign_Equity,-0.11667445,0.84738,36
2021-06-01,VIX,Foreign_Equity,-0.1161749,0.845485,36
2021-07-01,VIX,Foreign_Equity,-0.11633793,0.845241,36
2021-08-01,VIX,Foreign_Equity,-0.1163932,0.845348,36
2021-09-01,VIX,Foreign_Equity,-0.11653713,0.845241,36
2021-10-01,VIX,Foreign_Equity,-0.11655423,0.8384,36
2021-11-01,VIX,Foreign_Equity,-0.11677895,0.847581,36
2021-12-01,VIX,Foreign_Equity,-0.11500512,0.858808,36
2022-01-01,VIX,Foreign_Equity,-0.11599465,0.863227,36
2022-02-01,VIX,Foreign_Equity,-0.11550538,0.857641,36
2022-03-01,VIX,Foreign_Equity,-0.11572633,0.852482,36
2022-04-01,VIX,Foreign_Equity,-0.11515033,0.845981,36
2022-05-01,VIX,Foreign_Equity,-0.11677709,0.821364,36
2022-06-01,VIX,Foreign_Equity,-0.11595368,0.794409,36
2022-07-01,VIX,Foreign_Equity,-0.11459142,0.773584,36
2022-08-01,VIX,Foreign_Equity,-0.11518216,0.764631,36
2022-09-01,VIX,Foreign_Equity,-0.11725419,0.750063,36
2022-10-01,VIX,Foreign_Equity,-0.11765907,0.74873,36
2022-11-01,VIX,Foreign_Equity,-0.11987364,0.742838,36
2022-12-01,VIX,Foreign_Equity,-0.11984124,0.74648,36
2023-01-01,VIX,Foreign_Equity,-0.11997539,0.747831,36
2023-02-01,VIX,Foreign_Equity,-0.12184472,0.75243,36
2023-03-01,VIX,Foreign_Equity,-0.15265335,0.39368,36
2023-04-01,VIX,Foreign_Equity,-0.16774759,0.438166,36
2023-05-01,VIX,Foreign_Equity,-0.17355775,0.422219,36
2023-06-01,VIX,Foreign_Equity,-0.16936674,0.476937,36
2023-07-01,VIX,Foreign_Equity,-0.17172474,0.468869,36
2023-08-01,VIX,Foreign_Equity,-0.16481394,0.451555,36
2023-09-01,VIX,Foreign_Equity,-0.17200323,0.451085,36
2023-10-01,VIX,Foreign_Equity,-0.17620609,0.495932,36
2023-11-01,VIX,Foreign_Equity,-0.16385804,0.484852,36
2023-12-01,VIX,Foreign_Equity,-0.16447689,0.477823,36
2024-01-01,VIX,Foreign_Equity,-0.17180232,0.521037,36
2024-02-01,VIX,Foreign_Equity,-0.16755169,0.489417,36
2024-03-01,VIX,Foreign_Equity,-0.16755243,0.475443,36
2024-04-01,VIX,Foreign_Equity,-0.1639161,0.456574,36
2024-05-01,VIX,Foreign_Equity,-0.16644582,0.489059,36
2024-06-01,VIX,Foreign_Equity,-0.16950468,0.49143,36
2024-07-01,VIX,Foreign_Equity,-0.16049407,0.449079,36
2024-08-01,VIX,Foreign_Equity,-0.13049819,0.352322,36
2024-09-01,VIX,Foreign_Equity,-0.13293008,0.356647,36
2024-10-01,VIX,Foreign_Equity,-0.12875968,0.333987,36
2024-11-01,VIX,Foreign_Equity,-0.12475919,0.333442,36
2024-12-01,VIX,Foreign_Equity,-0.12391994,0.320135,36
2025-01-01,VIX,Foreign_Equity,-0.12516671,0.32434,36
2025-02-01,VIX,Foreign_Equity,-0.1233505,0.310612,36
2025-03-01,VIX,Foreign_Equity,-0.12278528,0.333676,36
2025-04-01,VIX,Foreign_Equity,-0.12385943,0.389395,36
2025-05-01,VIX,Foreign_Equity,-0.11944754,0.413645,36
2025-06-01,VIX,Foreign_Equity,-0.12146245,0.447881,36
2025-07-01,VIX,Foreign_Equity,-0.12638589,0.487777,36
2025-08-01,VIX,Foreign_Equity,-0.12339386,0.480767,36
2025-09-01,VIX,Foreign_Equity,-0.11337939,0.45232,36
2025-10-01,VIX,Foreign_Equity,-0.10906718,0.441959,36
2025-11-01,VIX,Foreign_Equity,-0.10045131,0.418567,36
2025-12-01,VIX,Foreign_Equity,-0.09941006,0.424405,36
2026-01-01,VIX,Foreign_Equity,-0.09797351,0.407222,36
2026-02-01,VIX,Foreign_Equity,-0.0923388,0.368255,36
2026-03-01,VIX,Foreign_Equity,-0.09640351,0.447887,36
2026-04-01,VIX,Foreign_Equity,-0.09417581,0.438461,36
2026-05-01,VIX,Foreign_Equity,-0.093385,0.456054,36
2026-06-01,VIX,Foreign_Equity,-0.09505752,0.454645,36
2026-07-01,VIX,Foreign_Equity,-0.09458188,0.459688,35
2013-12-01,VIX,Bond,0.00937584,0.038878,35
2014-01-01,VIX,Bond,0.00938146,0.038898,36
2014-02-01,VIX,Bond,0.00968114,0.04156,36
2014-03-01,VIX,Bond,0.00787886,0.02884,36
2014-04-01,VIX,Bond,0.00846849,0.031968,36
2014-05-01,VIX,Bond,0.00737369,0.02469,36
2014-06-01,VIX,Bond,0.00649792,0.01897,36
2014-07-01,VIX,Bond,0.00716274,0.021917,36
2014-08-01,VIX,Bond,-0.01067281,0.021238,36
2014-09-01,VIX,Bond,-0.01227897,0.029439,36
2014-10-01,VIX,Bond,-0.00297699,0.002095,36
2014-11-01,VIX,Bond,-0.00352744,0.00325,36
2014-12-01,VIX,Bond,-0.00477851,0.006037,36
2015-01-01,VIX,Bond,-0.00154709,0.000582,36
2015-02-01,VIX,Bond,-0.00214767,0.001162,36
2015-03-01,VIX,Bond,-0.0043882,0.004982,36
2015-04-01,VIX,Bond,-0.00485752,0.006081,36
2015-05-01,VIX,Bond,-0.00686667,0.009812,36
2015-06-01,VIX,Bond,-0.00704204,0.010534,36
2015-07-01,VIX,Bond,-0.00201994,0.000938,36
2015-08-01,VIX,Bond,0.00353432,0.003511,36
2015-09-01,VIX,Bond,0.00447896,0.006048,36
2015-10-01,VIX,Bond,0.00156542,0.000837,36
2015-11-01,VIX,Bond,0.00225976,0.001657,36
2015-12-01,VIX,Bond,0.00278862,0.002641,36
2016-01-01,VIX,Bond,0.00594014,0.012208,36
2016-02-01,VIX,Bond,0.00511774,0.008825,36
2016-03-01,VIX,Bond,0.00666178,0.016594,36
2016-04-01,VIX,Bond,0.00644737,0.015739,36
2016-05-01,VIX,Bond,0.00616498,0.014514,36
2016-06-01,VIX,Bond,0.01514036,0.113456,36
2016-07-01,VIX,Bond,0.00967435,0.049745,36
2016-08-01,VIX,Bond,0.01007934,0.057214,36
2016-09-01,VIX,Bond,0.00849537,0.039153,36
2016-10-01,VIX,Bond,0.00828433,0.03576,36
2016-11-01,VIX,Bond,0.00584073,0.013443,36
2016-12-01,VIX,Bond,0.00896999,0.030503,36
2017-01-01,VIX,Bond,0.00889909,0.03022,36
2017-02-01,VIX,Bond,0.00855375,0.0278,36
2017-03-01,VIX,Bond,0.00830456,0.025887,36
2017-04-01,VIX,Bond,0.00820445,0.025428,36
2017-05-01,VIX,Bond,0.01019057,0.039981,36
2017-06-01,VIX,Bond,0.01059673,0.043374,36
2017-07-01,VIX,Bond,0.01014626,0.041635,36
2017-08-01,VIX,Bond,0.00967674,0.038409,36
2017-09-01,VIX,Bond,0.00969055,0.039436,36
2017-10-01,VIX,Bond,0.00607901,0.014375,36
2017-11-01,VIX,Bond,0.00769103,0.021386,36
2017-12-01,VIX,Bond,0.00774424,0.020462,36
2018-01-01,VIX,Bond,0.00356053,0.00455,36
2018-02-01,VIX,Bond,-0.00221179,0.003854,36
2018-03-01,VIX,Bond,-0.00240493,0.004618,36
2018-04-01,VIX,Bond,-0.00214516,0.0037,36
2018-05-01,VIX,Bond,-0.00175522,0.002954,36
2018-06-01,VIX,Bond,-0.00200482,0.003769,36
2018-07-01,VIX,Bond,-0.0022024,0.004451,36
2018-08-01,VIX,Bond,-0.00424629,0.015909,36
2018-09-01,VIX,Bond,-0.00511847,0.021802,36
2018-10-01,VIX,Bond,-0.00361372,0.012065,36
2018-11-01,VIX,Bond,-0.00403005,0.015229,36
2018-12-01,VIX,Bond,-0.00234729,0.004965,36
2019-01-01,VIX,Bond,-0.00377781,0.013185,36
2019-02-01,VIX,Bond,-0.00330517,0.011141,36
2019-03-01,VIX,Bond,-0.003839,0.014303,36
2019-04-01,VIX,Bond,-0.00393174,0.014955,36
2019-05-01,VIX,Bond,-0.00329641,0.010867,36
2019-06-01,VIX,Bond,-0.00474228,0.021579,36
2019-07-01,VIX,Bond,-0.00357725,0.012746,36
2019-08-01,VIX,Bond,-0.00047235,0.000216,36
2019-09-01,VIX,Bond,0.00104319,0.001033,36
2019-10-01,VIX,Bond,0.00119638,0.001315,36
2019-11-01,VIX,Bond,0.00256674,0.007544,36
2019-12-01,VIX,Bond,0.00156633,0.002977,36
2020-01-01,VIX,Bond,0.00167829,0.003408,36
2020-02-01,VIX,Bond,0.00247434,0.007844,36
2020-03-01,VIX,Bond,0.00146641,0.007305,36
2020-04-01,VIX,Bond,0.00160849,0.008963,36
2020-05-01,VIX,Bond,0.00107557,0.004063,36
2020-06-01,VIX,Bond,0.00118041,0.004933,36
2020-07-01,VIX,Bond,0.00106196,0.004123,36
2020-08-01,VIX,Bond,0.00121468,0.005442,36
2020-09-01,VIX,Bond,0.0009616,0.003218,36
2020-10-01,VIX,Bond,0.00076124,0.00217,36
2020-11-01,VIX,Bond,0.00102771,0.003922,36
2020-12-01,VIX,Bond,0.00124304,0.005682,36
2021-01-01,VIX,Bond,0.00121775,0.005733,36
2021-02-01,VIX,Bond,0.0034966,0.040415,36
2021-03-01,VIX,Bond,0.00389901,0.045224,36
2021-04-01,VIX,Bond,0.00395059,0.047121,36
2021-05-01,VIX,Bond,0.00354043,0.037409,36
2021-06-01,VIX,Bond,0.00357661,0.039189,36
2021-07-01,VIX,Bond,0.00367523,0.041075,36
2021-08-01,VIX,Bond,0.00373807,0.042818,36
2021-09-01,VIX,Bond,0.00361003,0.039357,36
2021-10-01,VIX,Bond,0.00444661,0.046246,36
2021-11-01,VIX,Bond,0.00450787,0.048919,36
2021-12-01,VIX,Bond,0.00410581,0.041602,36
2022-01-01,VIX,Bond,0.00403218,0.034298,36
2022-02-01,VIX,Bond,0.00403042,0.032284,36
2022-03-01,VIX,Bond,0.00412203,0.033688,36
2022-04-01,VIX,Bond,0.00508531,0.041979,36
2022-05-01,VIX,Bond,0.00477753,0.037237,36
2022-06-01,VIX,Bond,0.00545618,0.04792,36
2022-07-01,VIX,Bond,0.00500955,0.033941,36
2022-08-01,VIX,Bond,0.00351325,0.017912,36
2022-09-01,VIX,Bond,0.00193053,0.004246,36
2022-10-01,VIX,Bond,0.00169061,0.00307,36
2022-11-01,VIX,Bond,-0.00034721,0.000112,36
2022-12-01,VIX,Bond,-0.00113933,0.001061,36
2023-01-01,VIX,Bond,-0.00143753,0.001653,36
2023-02-01,VIX,Bond,-0.00229305,0.004144,36
2023-03-01,VIX,Bond,-0.0328861,0.124861,36
2023-04-01,VIX,Bond,-0.03800023,0.151278,36
2023-05-01,VIX,Bond,-0.03813032,0.139072,36
2023-06-01,VIX,Bond,-0.03287236,0.109446,36
2023-07-01,VIX,Bond,-0.03273522,0.10597,36
2023-08-01,VIX,Bond,-0.03366255,0.111651,36
2023-09-01,VIX,Bond,-0.0346149,0.109092,36
2023-10-01,VIX,Bond,-0.03764603,0.138976,36
2023-11-01,VIX,Bond,-0.04739594,0.208367,36
2023-12-01,VIX,Bond,-0.05240702,0.218711,36
2024-01-01,VIX,Bond,-0.05234144,0.213003,36
2024-02-01,VIX,Bond,-0.0531727,0.219995,36
2024-03-01,VIX,Bond,-0.05436035,0.231367,36
2024-04-01,VIX,Bond,-0.05737289,0.250185,36
2024-05-01,VIX,Bond,-0.05631987,0.248701,36
2024-06-01,VIX,Bond,-0.05810938,0.250483,36
2024-07-01,VIX,Bond,-0.05437642,0.223511,36
2024-08-01,VIX,Bond,-0.03997183,0.141251,36
2024-09-01,VIX,Bond,-0.03888015,0.133685,36
2024-10-01,VIX,Bond,-0.04219778,0.166289,36
2024-11-01,VIX,Bond,-0.04121672,0.167818,36
2024-12-01,VIX,Bond,-0.04486465,0.190065,36
2025-01-01,VIX,Bond,-0.04317341,0.183006,36
2025-02-01,VIX,Bond,-0.04201285,0.173916,36
2025-03-01,VIX,Bond,-0.0368218,0.149192,36
2025-04-01,VIX,Bond,-0.0293434,0.129916,36
2025-05-01,VIX,Bond,-0.02396271,0.095835,36
2025-06-01,VIX,Bond,-0.02365706,0.100178,36
2025-07-01,VIX,Bond,-0.02143162,0.087586,36
2025-08-01,VIX,Bond,-0.02191408,0.090649,36
2025-09-01,VIX,Bond,-0.01500875,0.051901,36
2025-10-01,VIX,Bond,-0.0136519,0.04899,36
2025-11-01,VIX,Bond,-0.01147,0.032906,36
2025-12-01,VIX,Bond,-0.00779609,0.017811,36
2026-01-01,VIX,Bond,-0.00745094,0.016243,36
2026-02-01,VIX,Bond,-0.00845598,0.021256,36
2026-03-01,VIX,Bond,-0.00949891,0.028928,36
2026-04-01,VIX,Bond,-0.00800563,0.021355,36
2026-05-01,VIX,Bond,-0.00563576,0.009819,36
2026-06-01,VIX,Bond,-0.00818633,0.020421,36
2026-07-01,VIX,Bond,-0.00826564,0.020855,35
2013-12-01,VIX,Gold,0.02004166,0.008844,35
2014-01-01,VIX,Gold,0.02021403,0.008724,36
2014-02-01,VIX,Gold,0.02144743,0.009862,36
2014-03-01,VIX,Gold,0.01875333,0.007095,36
2014-04-01,VIX,Gold,0.0261336,0.013414,36
2014-05-01,VIX,Gold,0.02745569,0.015273,36
2014-06-01,VIX,Gold,0.0273268,0.014786,36
2014-07-01,VIX,Gold,0.03083114,0.01773,36
2014-08-01,VIX,Gold,0.01002814,0.000766,36
2014-09-01,VIX,Gold,-0.00749259,0.000557,36
2014-10-01,VIX,Gold,-0.02556346,0.008012,36
2014-11-01,VIX,Gold,-0.01012943,0.001414,36
2014-12-01,VIX,Gold,0.02420249,0.008344,36
2015-01-01,VIX,Gold,0.01526527,0.003418,36
2015-02-01,VIX,Gold,0.00477352,0.000331,36
2015-03-01,VIX,Gold,0.02079454,0.006449,36
2015-04-01,VIX,Gold,0.02327237,0.008193,36
2015-05-01,VIX,Gold,0.02635665,0.009975,36
2015-06-01,VIX,Gold,0.02698963,0.010775,36
2015-07-01,VIX,Gold,0.03247202,0.014935,36
2015-08-01,VIX,Gold,-0.00098547,1.5e-05,36
2015-09-01,VIX,Gold,0.01632703,0.004302,36
2015-10-01,VIX,Gold,0.00117799,3e-05,36
2015-11-01,VIX,Gold,0.00186259,7.4e-05,36
2015-12-01,VIX,Gold,-0.00189575,7.6e-05,36
2016-01-01,VIX,Gold,0.00908715,0.001739,36
2016-02-01,VIX,Gold,0.00433764,0.000373,36
2016-03-01,VIX,Gold,-0.03102287,0.017101,36
2016-04-01,VIX,Gold,-0.02918019,0.015333,36
2016-05-01,VIX,Gold,-0.03104259,0.017675,36
2016-06-01,VIX,Gold,-0.02890764,0.01466,36
2016-07-01,VIX,Gold,-0.06980898,0.074359,36
2016-08-01,VIX,Gold,-0.06898979,0.074907,36
2016-09-01,VIX,Gold,-0.07028059,0.081658,36
2016-10-01,VIX,Gold,-0.07091047,0.079875,36
2016-11-01,VIX,Gold,-0.07688314,0.091566,36
2016-12-01,VIX,Gold,-0.0537735,0.040834,36
2017-01-01,VIX,Gold,-0.05359881,0.041872,36
2017-02-01,VIX,Gold,-0.05594447,0.044746,36
2017-03-01,VIX,Gold,-0.05322333,0.041117,36
2017-04-01,VIX,Gold,-0.05066612,0.037832,36
2017-05-01,VIX,Gold,-0.05231356,0.041406,36
2017-06-01,VIX,Gold,-0.05719126,0.049951,36
2017-07-01,VIX,Gold,-0.05892768,0.054075,36
2017-08-01,VIX,Gold,-0.05110079,0.040626,36
2017-09-01,VIX,Gold,-0.05786794,0.051071,36
2017-10-01,VIX,Gold,-0.04639978,0.028935,36
2017-11-01,VIX,Gold,-0.06414438,0.053284,36
2017-12-01,VIX,Gold,-0.07562398,0.071408,36
2018-01-01,VIX,Gold,-0.07583407,0.068229,36
2018-02-01,VIX,Gold,-0.02855375,0.021982,36
2018-03-01,VIX,Gold,-0.03068629,0.026673,36
2018-04-01,VIX,Gold,-0.03073566,0.026628,36
2018-05-01,VIX,Gold,-0.0272402,0.021593,36
2018-06-01,VIX,Gold,-0.02663849,0.020611,36
2018-07-01,VIX,Gold,-0.02566221,0.018867,36
2018-08-01,VIX,Gold,-0.01267324,0.004617,36
2018-09-01,VIX,Gold,-0.01859405,0.009725,36
2018-10-01,VIX,Gold,-0.01565749,0.007433,36
2018-11-01,VIX,Gold,-0.01688491,0.008711,36
2018-12-01,VIX,Gold,-0.01328625,0.005799,36
2019-01-01,VIX,Gold,-0.02060345,0.013649,36
2019-02-01,VIX,Gold,-0.02118985,0.01511,36
2019-03-01,VIX,Gold,-0.00613953,0.001406,36
2019-04-01,VIX,Gold,-0.00691453,0.001792,36
2019-05-01,VIX,Gold,-0.00840617,0.00286,36
2019-06-01,VIX,Gold,-0.00482137,0.000962,36
2019-07-01,VIX,Gold,0.00713686,0.002631,36
2019-08-01,VIX,Gold,0.01844369,0.017288,36
2019-09-01,VIX,Gold,0.01604824,0.013077,36
2019-10-01,VIX,Gold,0.01651696,0.01462,36
2019-11-01,VIX,Gold,0.01689342,0.015633,36
2019-12-01,VIX,Gold,0.00647423,0.003079,36
2020-01-01,VIX,Gold,0.0058572,0.002428,36
2020-02-01,VIX,Gold,0.00881032,0.005985,36
2020-03-01,VIX,Gold,0.01639921,0.052313,36
2020-04-01,VIX,Gold,0.01773005,0.061064,36
2020-05-01,VIX,Gold,0.0141656,0.036624,36
2020-06-01,VIX,Gold,0.01456932,0.039109,36
2020-07-01,VIX,Gold,0.01259406,0.031786,36
2020-08-01,VIX,Gold,0.00752402,0.007577,36
2020-09-01,VIX,Gold,0.00810743,0.008806,36
2020-10-01,VIX,Gold,0.00701871,0.007052,36
2020-11-01,VIX,Gold,0.00714656,0.007384,36
2020-12-01,VIX,Gold,0.00869017,0.01006,36
2021-01-01,VIX,Gold,0.00898247,0.010457,36
2021-02-01,VIX,Gold,0.01302555,0.017233,36
2021-03-01,VIX,Gold,0.01418331,0.018598,36
2021-04-01,VIX,Gold,0.01365077,0.017396,36
2021-05-01,VIX,Gold,0.01287893,0.015254,36
2021-06-01,VIX,Gold,0.01110674,0.011234,36
2021-07-01,VIX,Gold,0.01047689,0.009771,36
2021-08-01,VIX,Gold,0.00989582,0.008919,36
2021-09-01,VIX,Gold,0.00962122,0.008567,36
2021-10-01,VIX,Gold,0.01212107,0.012725,36
2021-11-01,VIX,Gold,0.01219935,0.012907,36
2021-12-01,VIX,Gold,0.01199757,0.012313,36
2022-01-01,VIX,Gold,0.01342302,0.015362,36
2022-02-01,VIX,Gold,0.01431072,0.017236,36
2022-03-01,VIX,Gold,0.01367869,0.015002,36
2022-04-01,VIX,Gold,0.01352912,0.014687,36
2022-05-01,VIX,Gold,0.01331012,0.01379,36
2022-06-01,VIX,Gold,0.01442196,0.016249,36
2022-07-01,VIX,Gold,0.01861419,0.02605,36
2022-08-01,VIX,Gold,0.01428097,0.015739,36
2022-09-01,VIX,Gold,0.01398847,0.014819,36
2022-10-01,VIX,Gold,0.01352073,0.014006,36
2022-11-01,VIX,Gold,0.01512698,0.017282,36
2022-12-01,VIX,Gold,0.01329093,0.012214,36
2023-01-01,VIX,Gold,0.01271009,0.011246,36
2023-02-01,VIX,Gold,0.01129818,0.008539,36
2023-03-01,VIX,Gold,-0.05482373,0.029067,36
2023-04-01,VIX,Gold,-0.09430477,0.071897,36
2023-05-01,VIX,Gold,-0.0815318,0.050151,36
2023-06-01,VIX,Gold,-0.06637108,0.035167,36
2023-07-01,VIX,Gold,-0.06148492,0.029465,36
2023-08-01,VIX,Gold,-0.02325513,0.005658,36
2023-09-01,VIX,Gold,-0.01117401,0.001221,36
2023-10-01,VIX,Gold,-0.0293211,0.009019,36
2023-11-01,VIX,Gold,-0.06264424,0.038641,36
2023-12-01,VIX,Gold,-0.0737144,0.055858,36
2024-01-01,VIX,Gold,-0.08528882,0.077257,36
2024-02-01,VIX,Gold,-0.0922609,0.094495,36
2024-03-01,VIX,Gold,-0.09893868,0.111746,36
2024-04-01,VIX,Gold,-0.08187384,0.070626,36
2024-05-01,VIX,Gold,-0.08708704,0.083896,36
2024-06-01,VIX,Gold,-0.08069663,0.071786,36
2024-07-01,VIX,Gold,-0.0764276,0.069689,36
2024-08-01,VIX,Gold,-0.05515817,0.04284,36
2024-09-01,VIX,Gold,-0.05863378,0.047237,36
2024-10-01,VIX,Gold,-0.05590735,0.04232,36
2024-11-01,VIX,Gold,-0.05533623,0.043884,36
2024-12-01,VIX,Gold,-0.05332385,0.038778,36
2025-01-01,VIX,Gold,-0.05399682,0.039527,36
2025-02-01,VIX,Gold,-0.05116846,0.030727,36
2025-03-01,VIX,Gold,-0.04149175,0.023441,36
2025-04-01,VIX,Gold,-0.00202433,6.4e-05,36
2025-05-01,VIX,Gold,-0.0028638,0.000144,36
2025-06-01,VIX,Gold,-0.00300286,0.000162,36
2025-07-01,VIX,Gold,-0.00678159,0.00088,36
2025-08-01,VIX,Gold,-0.00797891,0.001208,36
2025-09-01,VIX,Gold,0.00433764,0.000345,36
2025-10-01,VIX,Gold,0.01970185,0.006382,36
2025-11-01,VIX,Gold,0.00710751,0.000836,36
2025-12-01,VIX,Gold,0.00979831,0.001746,36
2026-01-01,VIX,Gold,0.01234917,0.002629,36
2026-02-01,VIX,Gold,0.0163599,0.004708,36
2026-03-01,VIX,Gold,0.00702342,0.001001,36
2026-04-01,VIX,Gold,0.03013819,0.019276,36
2026-05-01,VIX,Gold,0.03279528,0.023052,36
2026-06-01,VIX,Gold,0.02374648,0.01108,36
2026-07-01,VIX,Gold,0.03016301,0.014347,36
2013-12-01,US_HY_SPREAD,Domestic_Equity,-0.16263283,0.268208,35
2014-01-01,US_HY_SPREAD,Domestic_Equity,-0.15101043,0.238818,36
2014-02-01,US_HY_SPREAD,Domestic_Equity,-0.16316522,0.281367,36
2014-03-01,US_HY_SPREAD,Domestic_Equity,-0.16353068,0.2818,36
2014-04-01,US_HY_SPREAD,Domestic_Equity,-0.15720059,0.305396,36
2014-05-01,US_HY_SPREAD,Domestic_Equity,-0.15680266,0.303112,36
2014-06-01,US_HY_SPREAD,Domestic_Equity,-0.15710284,0.294204,36
2014-07-01,US_HY_SPREAD,Domestic_Equity,-0.15876052,0.308763,36
2014-08-01,US_HY_SPREAD,Domestic_Equity,-0.08201962,0.119164,36
2014-09-01,US_HY_SPREAD,Domestic_Equity,-0.06527179,0.067367,36
2014-10-01,US_HY_SPREAD,Domestic_Equity,-0.08137158,0.098575,36
2014-11-01,US_HY_SPREAD,Domestic_Equity,-0.0750508,0.08588,36
2014-12-01,US_HY_SPREAD,Domestic_Equity,-0.082788,0.097846,36
2015-01-01,US_HY_SPREAD,Domestic_Equity,-0.08454979,0.104104,36
2015-02-01,US_HY_SPREAD,Domestic_Equity,-0.07501772,0.092188,36
2015-03-01,US_HY_SPREAD,Domestic_Equity,-0.07555576,0.088173,36
2015-04-01,US_HY_SPREAD,Domestic_Equity,-0.06165557,0.052832,36
2015-05-01,US_HY_SPREAD,Domestic_Equity,-0.03370345,0.01881,36
2015-06-01,US_HY_SPREAD,Domestic_Equity,-0.03113924,0.015142,36
2015-07-01,US_HY_SPREAD,Domestic_Equity,-0.03387409,0.019029,36
2015-08-01,US_HY_SPREAD,Domestic_Equity,-0.0413169,0.028856,36
2015-09-01,US_HY_SPREAD,Domestic_Equity,-0.03663572,0.023897,36
2015-10-01,US_HY_SPREAD,Domestic_Equity,-0.04051339,0.021029,36
2015-11-01,US_HY_SPREAD,Domestic_Equity,-0.0359995,0.017488,36
2015-12-01,US_HY_SPREAD,Domestic_Equity,-0.04273875,0.025783,36
2016-01-01,US_HY_SPREAD,Domestic_Equity,-0.0579549,0.045752,36
2016-02-01,US_HY_SPREAD,Domestic_Equity,-0.04963335,0.037372,36
2016-03-01,US_HY_SPREAD,Domestic_Equity,-0.06687857,0.085883,36
2016-04-01,US_HY_SPREAD,Domestic_Equity,-0.06727545,0.104295,36
2016-05-01,US_HY_SPREAD,Domestic_Equity,-0.06108507,0.08842,36
2016-06-01,US_HY_SPREAD,Domestic_Equity,-0.05366346,0.074103,36
2016-07-01,US_HY_SPREAD,Domestic_Equity,-0.05992083,0.093367,36
2016-08-01,US_HY_SPREAD,Domestic_Equity,-0.05980035,0.092208,36
2016-09-01,US_HY_SPREAD,Domestic_Equity,-0.05697603,0.093693,36
2016-10-01,US_HY_SPREAD,Domestic_Equity,-0.0579476,0.09977,36
2016-11-01,US_HY_SPREAD,Domestic_Equity,-0.05585082,0.089412,36
2016-12-01,US_HY_SPREAD,Domestic_Equity,-0.06614531,0.128159,36
2017-01-01,US_HY_SPREAD,Domestic_Equity,-0.07752803,0.173322,36
2017-02-01,US_HY_SPREAD,Domestic_Equity,-0.07709359,0.170397,36
2017-03-01,US_HY_SPREAD,Domestic_Equity,-0.07769105,0.16796,36
2017-04-01,US_HY_SPREAD,Domestic_Equity,-0.07356176,0.147888,36
2017-05-01,US_HY_SPREAD,Domestic_Equity,-0.07670348,0.135999,36
2017-06-01,US_HY_SPREAD,Domestic_Equity,-0.08005616,0.142958,36
2017-07-01,US_HY_SPREAD,Domestic_Equity,-0.08068594,0.148235,36
2017-08-01,US_HY_SPREAD,Domestic_Equity,-0.08554185,0.162643,36
2017-09-01,US_HY_SPREAD,Domestic_Equity,-0.08551921,0.163661,36
2017-10-01,US_HY_SPREAD,Domestic_Equity,-0.0801031,0.158463,36
2017-11-01,US_HY_SPREAD,Domestic_Equity,-0.08260645,0.161724,36
2017-12-01,US_HY_SPREAD,Domestic_Equity,-0.0745865,0.126137,36
2018-01-01,US_HY_SPREAD,Domestic_Equity,-0.07399348,0.127882,36
2018-02-01,US_HY_SPREAD,Domestic_Equity,-0.07375808,0.119441,36
2018-03-01,US_HY_SPREAD,Domestic_Equity,-0.06949618,0.114132,36
2018-04-01,US_HY_SPREAD,Domestic_Equity,-0.0760318,0.146823,36
2018-05-01,US_HY_SPREAD,Domestic_Equity,-0.0798276,0.155013,36
2018-06-01,US_HY_SPREAD,Domestic_Equity,-0.079942,0.155681,36
2018-07-01,US_HY_SPREAD,Domestic_Equity,-0.08185194,0.138632,36
2018-08-01,US_HY_SPREAD,Domestic_Equity,-0.0665053,0.098233,36
2018-09-01,US_HY_SPREAD,Domestic_Equity,-0.0655703,0.089237,36
2018-10-01,US_HY_SPREAD,Domestic_Equity,-0.09263448,0.149033,36
2018-11-01,US_HY_SPREAD,Domestic_Equity,-0.10291063,0.194312,36
2018-12-01,US_HY_SPREAD,Domestic_Equity,-0.09549819,0.186666,36
2019-01-01,US_HY_SPREAD,Domestic_Equity,-0.08043457,0.136736,36
2019-02-01,US_HY_SPREAD,Domestic_Equity,-0.09844294,0.170441,36
2019-03-01,US_HY_SPREAD,Domestic_Equity,-0.09560373,0.135149,36
2019-04-01,US_HY_SPREAD,Domestic_Equity,-0.10975386,0.150861,36
2019-05-01,US_HY_SPREAD,Domestic_Equity,-0.12916704,0.187898,36
2019-06-01,US_HY_SPREAD,Domestic_Equity,-0.11838137,0.17179,36
2019-07-01,US_HY_SPREAD,Domestic_Equity,-0.10768466,0.141879,36
2019-08-01,US_HY_SPREAD,Domestic_Equity,-0.11402369,0.139826,36
2019-09-01,US_HY_SPREAD,Domestic_Equity,-0.11691154,0.135542,36
2019-10-01,US_HY_SPREAD,Domestic_Equity,-0.11773364,0.136007,36
2019-11-01,US_HY_SPREAD,Domestic_Equity,-0.12562412,0.156643,36
2019-12-01,US_HY_SPREAD,Domestic_Equity,-0.13101427,0.152873,36
2020-01-01,US_HY_SPREAD,Domestic_Equity,-0.12875262,0.142019,36
2020-02-01,US_HY_SPREAD,Domestic_Equity,-0.13107724,0.150333,36
2020-03-01,US_HY_SPREAD,Domestic_Equity,-0.13358817,0.545203,36
2020-04-01,US_HY_SPREAD,Domestic_Equity,-0.13360145,0.532944,36
2020-05-01,US_HY_SPREAD,Domestic_Equity,-0.13541902,0.56332,36
2020-06-01,US_HY_SPREAD,Domestic_Equity,-0.14123469,0.594818,36
2020-07-01,US_HY_SPREAD,Domestic_Equity,-0.14078563,0.597741,36
2020-08-01,US_HY_SPREAD,Domestic_Equity,-0.14288787,0.579417,36
2020-09-01,US_HY_SPREAD,Domestic_Equity,-0.1426495,0.577678,36
2020-10-01,US_HY_SPREAD,Domestic_Equity,-0.14140148,0.570667,36
2020-11-01,US_HY_SPREAD,Domestic_Equity,-0.14384259,0.583112,36
2020-12-01,US_HY_SPREAD,Domestic_Equity,-0.15236357,0.594452,36
2021-01-01,US_HY_SPREAD,Domestic_Equity,-0.15641845,0.550135,36
2021-02-01,US_HY_SPREAD,Domestic_Equity,-0.15711643,0.563568,36
2021-03-01,US_HY_SPREAD,Domestic_Equity,-0.15760281,0.558661,36
2021-04-01,US_HY_SPREAD,Domestic_Equity,-0.15833431,0.563579,36
2021-05-01,US_HY_SPREAD,Domestic_Equity,-0.15838503,0.563504,36
2021-06-01,US_HY_SPREAD,Domestic_Equity,-0.15789311,0.56473,36
2021-07-01,US_HY_SPREAD,Domestic_Equity,-0.15845054,0.588253,36
2021-08-01,US_HY_SPREAD,Domestic_Equity,-0.15899996,0.586511,36
2021-09-01,US_HY_SPREAD,Domestic_Equity,-0.1572567,0.573276,36
2021-10-01,US_HY_SPREAD,Domestic_Equity,-0.15361854,0.559964,36
2021-11-01,US_HY_SPREAD,Domestic_Equity,-0.15161648,0.54735,36
2021-12-01,US_HY_SPREAD,Domestic_Equity,-0.15193882,0.544947,36
2022-01-01,US_HY_SPREAD,Domestic_Equity,-0.15320189,0.533492,36
2022-02-01,US_HY_SPREAD,Domestic_Equity,-0.1540849,0.54083,36
2022-03-01,US_HY_SPREAD,Domestic_Equity,-0.15377418,0.54614,36
2022-04-01,US_HY_SPREAD,Domestic_Equity,-0.14912274,0.527059,36
2022-05-01,US_HY_SPREAD,Domestic_Equity,-0.14620178,0.539788,36
2022-06-01,US_HY_SPREAD,Domestic_Equity,-0.14474051,0.507019,36
2022-07-01,US_HY_SPREAD,Domestic_Equity,-0.14992478,0.530114,36
2022-08-01,US_HY_SPREAD,Domestic_Equity,-0.15010467,0.549584,36
2022-09-01,US_HY_SPREAD,Domestic_Equity,-0.14705742,0.517846,36
2022-10-01,US_HY_SPREAD,Domestic_Equity,-0.14862219,0.517373,36
2022-11-01,US_HY_SPREAD,Domestic_Equity,-0.15092076,0.505486,36
2022-12-01,US_HY_SPREAD,Domestic_Equity,-0.14662951,0.478411,36
2023-01-01,US_HY_SPREAD,Domestic_Equity,-0.14662563,0.480512,36
2023-02-01,US_HY_SPREAD,Domestic_Equity,-0.14699729,0.481658,36
2023-03-01,US_HY_SPREAD,Domestic_Equity,-0.16732132,0.265323,36
2023-04-01,US_HY_SPREAD,Domestic_Equity,-0.16925757,0.268412,36
2023-05-01,US_HY_SPREAD,Domestic_Equity,-0.16059258,0.249263,36
2023-06-01,US_HY_SPREAD,Domestic_Equity,-0.14569501,0.195736,36
2023-07-01,US_HY_SPREAD,Domestic_Equity,-0.14133319,0.17956,36
2023-08-01,US_HY_SPREAD,Domestic_Equity,-0.13774096,0.181325,36
2023-09-01,US_HY_SPREAD,Domestic_Equity,-0.13828588,0.180965,36
2023-10-01,US_HY_SPREAD,Domestic_Equity,-0.14410894,0.189482,36
2023-11-01,US_HY_SPREAD,Domestic_Equity,-0.13350919,0.159183,36
2023-12-01,US_HY_SPREAD,Domestic_Equity,-0.11422204,0.133221,36
2024-01-01,US_HY_SPREAD,Domestic_Equity,-0.10425188,0.146353,36
2024-02-01,US_HY_SPREAD,Domestic_Equity,-0.10780119,0.149742,36
2024-03-01,US_HY_SPREAD,Domestic_Equity,-0.10812212,0.148702,36
2024-04-01,US_HY_SPREAD,Domestic_Equity,-0.09841703,0.125927,36
2024-05-01,US_HY_SPREAD,Domestic_Equity,-0.09844038,0.124971,36
2024-06-01,US_HY_SPREAD,Domestic_Equity,-0.09304923,0.113668,36
2024-07-01,US_HY_SPREAD,Domestic_Equity,-0.08782542,0.100798,36
2024-08-01,US_HY_SPREAD,Domestic_Equity,-0.09741239,0.121713,36
2024-09-01,US_HY_SPREAD,Domestic_Equity,-0.09914433,0.123735,36
2024-10-01,US_HY_SPREAD,Domestic_Equity,-0.10372543,0.145502,36
2024-11-01,US_HY_SPREAD,Domestic_Equity,-0.09654079,0.125561,36
2024-12-01,US_HY_SPREAD,Domestic_Equity,-0.10144477,0.134486,36
2025-01-01,US_HY_SPREAD,Domestic_Equity,-0.09862836,0.12972,36
2025-02-01,US_HY_SPREAD,Domestic_Equity,-0.08609409,0.092959,36
2025-03-01,US_HY_SPREAD,Domestic_Equity,-0.08071721,0.084224,36
2025-04-01,US_HY_SPREAD,Domestic_Equity,-0.0973866,0.119368,36
2025-05-01,US_HY_SPREAD,Domestic_Equity,-0.10452735,0.107707,36
2025-06-01,US_HY_SPREAD,Domestic_Equity,-0.13692498,0.149521,36
2025-07-01,US_HY_SPREAD,Domestic_Equity,-0.12878485,0.116797,36
2025-08-01,US_HY_SPREAD,Domestic_Equity,-0.12459237,0.112434,36
2025-09-01,US_HY_SPREAD,Domestic_Equity,-0.1369933,0.140861,36
2025-10-01,US_HY_SPREAD,Domestic_Equity,-0.13035404,0.108855,36
2025-11-01,US_HY_SPREAD,Domestic_Equity,-0.10037376,0.067177,36
2025-12-01,US_HY_SPREAD,Domestic_Equity,-0.13063489,0.106879,36
2026-01-01,US_HY_SPREAD,Domestic_Equity,-0.1604913,0.120011,36
2026-02-01,US_HY_SPREAD,Domestic_Equity,-0.1509526,0.08253,36
2026-03-01,US_HY_SPREAD,Domestic_Equity,-0.150104,0.07502,36
2026-04-01,US_HY_SPREAD,Domestic_Equity,-0.16312913,0.086317,36
2026-05-01,US_HY_SPREAD,Domestic_Equity,-0.21235881,0.094761,36
2026-06-01,US_HY_SPREAD,Domestic_Equity,-0.25085608,0.11783,36
2026-07-01,US_HY_SPREAD,Domestic_Equity,-0.29267809,0.149329,35
2013-12-01,US_HY_SPREAD,Foreign_Equity,-0.18264001,0.469419,35
2014-01-01,US_HY_SPREAD,Foreign_Equity,-0.17617707,0.454428,36
2014-02-01,US_HY_SPREAD,Foreign_Equity,-0.17482059,0.446553,36
2014-03-01,US_HY_SPREAD,Foreign_Equity,-0.1746919,0.445365,36
2014-04-01,US_HY_SPREAD,Foreign_Equity,-0.16848247,0.43129,36
2014-05-01,US_HY_SPREAD,Foreign_Equity,-0.16773306,0.426965,36
2014-06-01,US_HY_SPREAD,Foreign_Equity,-0.16147003,0.398306,36
2014-07-01,US_HY_SPREAD,Foreign_Equity,-0.1623267,0.404762,36
2014-08-01,US_HY_SPREAD,Foreign_Equity,-0.10400123,0.256546,36
2014-09-01,US_HY_SPREAD,Foreign_Equity,-0.0904149,0.180956,36
2014-10-01,US_HY_SPREAD,Foreign_Equity,-0.10683206,0.223432,36
2014-11-01,US_HY_SPREAD,Foreign_Equity,-0.09672583,0.174957,36
2014-12-01,US_HY_SPREAD,Foreign_Equity,-0.10803027,0.201162,36
2015-01-01,US_HY_SPREAD,Foreign_Equity,-0.11212677,0.22567,36
2015-02-01,US_HY_SPREAD,Foreign_Equity,-0.10698659,0.214923,36
2015-03-01,US_HY_SPREAD,Foreign_Equity,-0.10838706,0.212066,36
2015-04-01,US_HY_SPREAD,Foreign_Equity,-0.10099081,0.186977,36
2015-05-01,US_HY_SPREAD,Foreign_Equity,-0.07802353,0.13529,36
2015-06-01,US_HY_SPREAD,Foreign_Equity,-0.07333291,0.11724,36
2015-07-01,US_HY_SPREAD,Foreign_Equity,-0.07761459,0.13585,36
2015-08-01,US_HY_SPREAD,Foreign_Equity,-0.08576662,0.160533,36
2015-09-01,US_HY_SPREAD,Foreign_Equity,-0.10238706,0.194814,36
2015-10-01,US_HY_SPREAD,Foreign_Equity,-0.12325939,0.209296,36
2015-11-01,US_HY_SPREAD,Foreign_Equity,-0.12006446,0.21167,36
2015-12-01,US_HY_SPREAD,Foreign_Equity,-0.125514,0.226691,36
2016-01-01,US_HY_SPREAD,Foreign_Equity,-0.14195439,0.25429,36
2016-02-01,US_HY_SPREAD,Foreign_Equity,-0.13635394,0.261972,36
2016-03-01,US_HY_SPREAD,Foreign_Equity,-0.15298181,0.37601,36
2016-04-01,US_HY_SPREAD,Foreign_Equity,-0.14473261,0.383274,36
2016-05-01,US_HY_SPREAD,Foreign_Equity,-0.13803206,0.37379,36
2016-06-01,US_HY_SPREAD,Foreign_Equity,-0.13497531,0.362815,36
2016-07-01,US_HY_SPREAD,Foreign_Equity,-0.13387557,0.361656,36
2016-08-01,US_HY_SPREAD,Foreign_Equity,-0.13466973,0.363922,36
2016-09-01,US_HY_SPREAD,Foreign_Equity,-0.13424496,0.360241,36
2016-10-01,US_HY_SPREAD,Foreign_Equity,-0.13283471,0.357794,36
2016-11-01,US_HY_SPREAD,Foreign_Equity,-0.13178434,0.361731,36
2016-12-01,US_HY_SPREAD,Foreign_Equity,-0.14263273,0.4157,36
2017-01-01,US_HY_SPREAD,Foreign_Equity,-0.14535359,0.422789,36
2017-02-01,US_HY_SPREAD,Foreign_Equity,-0.14529162,0.417126,36
2017-03-01,US_HY_SPREAD,Foreign_Equity,-0.14419216,0.415346,36
2017-04-01,US_HY_SPREAD,Foreign_Equity,-0.14781359,0.423417,36
2017-05-01,US_HY_SPREAD,Foreign_Equity,-0.14808849,0.42644,36
2017-06-01,US_HY_SPREAD,Foreign_Equity,-0.14821002,0.436432,36
2017-07-01,US_HY_SPREAD,Foreign_Equity,-0.14656978,0.436305,36
2017-08-01,US_HY_SPREAD,Foreign_Equity,-0.14594178,0.431655,36
2017-09-01,US_HY_SPREAD,Foreign_Equity,-0.14580766,0.427845,36
2017-10-01,US_HY_SPREAD,Foreign_Equity,-0.13897302,0.420674,36
2017-11-01,US_HY_SPREAD,Foreign_Equity,-0.1479175,0.501838,36
2017-12-01,US_HY_SPREAD,Foreign_Equity,-0.1496811,0.504015,36
2018-01-01,US_HY_SPREAD,Foreign_Equity,-0.15340358,0.515642,36
2018-02-01,US_HY_SPREAD,Foreign_Equity,-0.15297797,0.481981,36
2018-03-01,US_HY_SPREAD,Foreign_Equity,-0.15015206,0.48739,36
2018-04-01,US_HY_SPREAD,Foreign_Equity,-0.15355168,0.505854,36
2018-05-01,US_HY_SPREAD,Foreign_Equity,-0.1602613,0.527605,36
2018-06-01,US_HY_SPREAD,Foreign_Equity,-0.15733856,0.514575,36
2018-07-01,US_HY_SPREAD,Foreign_Equity,-0.15827248,0.507407,36
2018-08-01,US_HY_SPREAD,Foreign_Equity,-0.15509927,0.480725,36
2018-09-01,US_HY_SPREAD,Foreign_Equity,-0.14002594,0.438626,36
2018-10-01,US_HY_SPREAD,Foreign_Equity,-0.1635937,0.542856,36
2018-11-01,US_HY_SPREAD,Foreign_Equity,-0.15592022,0.541941,36
2018-12-01,US_HY_SPREAD,Foreign_Equity,-0.16674919,0.588932,36
2019-01-01,US_HY_SPREAD,Foreign_Equity,-0.14120719,0.515274,36
2019-02-01,US_HY_SPREAD,Foreign_Equity,-0.15580421,0.522682,36
2019-03-01,US_HY_SPREAD,Foreign_Equity,-0.14320119,0.439437,36
2019-04-01,US_HY_SPREAD,Foreign_Equity,-0.15435787,0.442559,36
2019-05-01,US_HY_SPREAD,Foreign_Equity,-0.16346464,0.476669,36
2019-06-01,US_HY_SPREAD,Foreign_Equity,-0.14690337,0.417827,36
2019-07-01,US_HY_SPREAD,Foreign_Equity,-0.14766187,0.420543,36
2019-08-01,US_HY_SPREAD,Foreign_Equity,-0.15232284,0.400091,36
2019-09-01,US_HY_SPREAD,Foreign_Equity,-0.1532049,0.396983,36
2019-10-01,US_HY_SPREAD,Foreign_Equity,-0.15788421,0.422566,36
2019-11-01,US_HY_SPREAD,Foreign_Equity,-0.16244472,0.433094,36
2019-12-01,US_HY_SPREAD,Foreign_Equity,-0.1633418,0.407616,36
2020-01-01,US_HY_SPREAD,Foreign_Equity,-0.16683194,0.409075,36
2020-02-01,US_HY_SPREAD,Foreign_Equity,-0.16885901,0.424744,36
2020-03-01,US_HY_SPREAD,Foreign_Equity,-0.17072825,0.829131,36
2020-04-01,US_HY_SPREAD,Foreign_Equity,-0.17062093,0.825493,36
2020-05-01,US_HY_SPREAD,Foreign_Equity,-0.1706244,0.828731,36
2020-06-01,US_HY_SPREAD,Foreign_Equity,-0.17126215,0.839278,36
2020-07-01,US_HY_SPREAD,Foreign_Equity,-0.16912531,0.832664,36
2020-08-01,US_HY_SPREAD,Foreign_Equity,-0.17026175,0.824359,36
2020-09-01,US_HY_SPREAD,Foreign_Equity,-0.17024443,0.825756,36
2020-10-01,US_HY_SPREAD,Foreign_Equity,-0.17076237,0.825337,36
2020-11-01,US_HY_SPREAD,Foreign_Equity,-0.17219988,0.831198,36
2020-12-01,US_HY_SPREAD,Foreign_Equity,-0.17286253,0.833501,36
2021-01-01,US_HY_SPREAD,Foreign_Equity,-0.17252415,0.831313,36
2021-02-01,US_HY_SPREAD,Foreign_Equity,-0.17342481,0.855253,36
2021-03-01,US_HY_SPREAD,Foreign_Equity,-0.17382667,0.85501,36
2021-04-01,US_HY_SPREAD,Foreign_Equity,-0.17387403,0.858702,36
2021-05-01,US_HY_SPREAD,Foreign_Equity,-0.17384008,0.856017,36
2021-06-01,US_HY_SPREAD,Foreign_Equity,-0.17369825,0.855102,36
2021-07-01,US_HY_SPREAD,Foreign_Equity,-0.17373614,0.85395,36
2021-08-01,US_HY_SPREAD,Foreign_Equity,-0.17361199,0.853063,36
2021-09-01,US_HY_SPREAD,Foreign_Equity,-0.17204146,0.838283,36
2021-10-01,US_HY_SPREAD,Foreign_Equity,-0.17096637,0.854292,36
2021-11-01,US_HY_SPREAD,Foreign_Equity,-0.1717801,0.854048,36
2021-12-01,US_HY_SPREAD,Foreign_Equity,-0.16896553,0.861461,36
2022-01-01,US_HY_SPREAD,Foreign_Equity,-0.17065668,0.874078,36
2022-02-01,US_HY_SPREAD,Foreign_Equity,-0.16833425,0.878211,36
2022-03-01,US_HY_SPREAD,Foreign_Equity,-0.16836354,0.879131,36
2022-04-01,US_HY_SPREAD,Foreign_Equity,-0.16342147,0.850678,36
2022-05-01,US_HY_SPREAD,Foreign_Equity,-0.16505679,0.858097,36
2022-06-01,US_HY_SPREAD,Foreign_Equity,-0.16519261,0.837954,36
2022-07-01,US_HY_SPREAD,Foreign_Equity,-0.16459276,0.836454,36
2022-08-01,US_HY_SPREAD,Foreign_Equity,-0.16500967,0.845487,36
2022-09-01,US_HY_SPREAD,Foreign_Equity,-0.16208093,0.776483,36
2022-10-01,US_HY_SPREAD,Foreign_Equity,-0.16252189,0.777521,36
2022-11-01,US_HY_SPREAD,Foreign_Equity,-0.16420826,0.756546,36
2022-12-01,US_HY_SPREAD,Foreign_Equity,-0.16197773,0.746218,36
2023-01-01,US_HY_SPREAD,Foreign_Equity,-0.16202792,0.744135,36
2023-02-01,US_HY_SPREAD,Foreign_Equity,-0.16102181,0.740307,36
2023-03-01,US_HY_SPREAD,Foreign_Equity,-0.14467836,0.406844,36
2023-04-01,US_HY_SPREAD,Foreign_Equity,-0.1446037,0.400254,36
2023-05-01,US_HY_SPREAD,Foreign_Equity,-0.14456021,0.400436,36
2023-06-01,US_HY_SPREAD,Foreign_Equity,-0.13535305,0.341173,36
2023-07-01,US_HY_SPREAD,Foreign_Equity,-0.14262076,0.360723,36
2023-08-01,US_HY_SPREAD,Foreign_Equity,-0.14070999,0.365947,36
2023-09-01,US_HY_SPREAD,Foreign_Equity,-0.13846488,0.350445,36
2023-10-01,US_HY_SPREAD,Foreign_Equity,-0.1429007,0.354677,36
2023-11-01,US_HY_SPREAD,Foreign_Equity,-0.13612906,0.315773,36
2023-12-01,US_HY_SPREAD,Foreign_Equity,-0.13782322,0.312655,36
2024-01-01,US_HY_SPREAD,Foreign_Equity,-0.13566154,0.306944,36
2024-02-01,US_HY_SPREAD,Foreign_Equity,-0.13807291,0.315729,36
2024-03-01,US_HY_SPREAD,Foreign_Equity,-0.13758397,0.30573,36
2024-04-01,US_HY_SPREAD,Foreign_Equity,-0.13141701,0.277768,36
2024-05-01,US_HY_SPREAD,Foreign_Equity,-0.13266312,0.283953,36
2024-06-01,US_HY_SPREAD,Foreign_Equity,-0.13260373,0.283732,36
2024-07-01,US_HY_SPREAD,Foreign_Equity,-0.12808505,0.265801,36
2024-08-01,US_HY_SPREAD,Foreign_Equity,-0.12124576,0.247427,36
2024-09-01,US_HY_SPREAD,Foreign_Equity,-0.12679388,0.262762,36
2024-10-01,US_HY_SPREAD,Foreign_Equity,-0.12641145,0.26708,36
2024-11-01,US_HY_SPREAD,Foreign_Equity,-0.12503811,0.266892,36
2024-12-01,US_HY_SPREAD,Foreign_Equity,-0.12374761,0.255846,36
2025-01-01,US_HY_SPREAD,Foreign_Equity,-0.12383008,0.256879,36
2025-02-01,US_HY_SPREAD,Foreign_Equity,-0.12414603,0.237075,36
2025-03-01,US_HY_SPREAD,Foreign_Equity,-0.12775555,0.252133,36
2025-04-01,US_HY_SPREAD,Foreign_Equity,-0.15166805,0.332554,36
2025-05-01,US_HY_SPREAD,Foreign_Equity,-0.14355655,0.255321,36
2025-06-01,US_HY_SPREAD,Foreign_Equity,-0.15370666,0.304311,36
2025-07-01,US_HY_SPREAD,Foreign_Equity,-0.15817448,0.296029,36
2025-08-01,US_HY_SPREAD,Foreign_Equity,-0.15424662,0.293891,36
2025-09-01,US_HY_SPREAD,Foreign_Equity,-0.16762598,0.402661,36
2025-10-01,US_HY_SPREAD,Foreign_Equity,-0.16277342,0.384022,36
2025-11-01,US_HY_SPREAD,Foreign_Equity,-0.15182201,0.392495,36
2025-12-01,US_HY_SPREAD,Foreign_Equity,-0.16741773,0.432555,36
2026-01-01,US_HY_SPREAD,Foreign_Equity,-0.16895817,0.445358,36
2026-02-01,US_HY_SPREAD,Foreign_Equity,-0.17433114,0.452901,36
2026-03-01,US_HY_SPREAD,Foreign_Equity,-0.17163056,0.409892,36
2026-04-01,US_HY_SPREAD,Foreign_Equity,-0.17334108,0.426171,36
2026-05-01,US_HY_SPREAD,Foreign_Equity,-0.16758118,0.399104,36
2026-06-01,US_HY_SPREAD,Foreign_Equity,-0.17586141,0.408828,36
2026-07-01,US_HY_SPREAD,Foreign_Equity,-0.17843905,0.396903,35
2013-12-01,US_HY_SPREAD,Bond,0.02139672,0.081121,35
2014-01-01,US_HY_SPREAD,Bond,0.02095059,0.080871,36
2014-02-01,US_HY_SPREAD,Bond,0.02084278,0.078432,36
2014-03-01,US_HY_SPREAD,Bond,0.01957501,0.074186,36
2014-04-01,US_HY_SPREAD,Bond,0.0194252,0.075379,36
2014-05-01,US_HY_SPREAD,Bond,0.01889952,0.071316,36
2014-06-01,US_HY_SPREAD,Bond,0.01828854,0.063772,36
2014-07-01,US_HY_SPREAD,Bond,0.01852352,0.061907,36
2014-08-01,US_HY_SPREAD,Bond,0.00946301,0.014143,36
2014-09-01,US_HY_SPREAD,Bond,0.00205763,0.000582,36
2014-10-01,US_HY_SPREAD,Bond,0.00615003,0.005254,36
2014-11-01,US_HY_SPREAD,Bond,0.00720248,0.007287,36
2014-12-01,US_HY_SPREAD,Bond,0.00824774,0.009001,36
2015-01-01,US_HY_SPREAD,Bond,0.01075668,0.014437,36
2015-02-01,US_HY_SPREAD,Bond,0.01027436,0.013026,36
2015-03-01,US_HY_SPREAD,Bond,0.00721751,0.006523,36
2015-04-01,US_HY_SPREAD,Bond,0.00760195,0.007115,36
2015-05-01,US_HY_SPREAD,Bond,-0.00699969,0.005217,36
2015-06-01,US_HY_SPREAD,Bond,-0.01059239,0.011505,36
2015-07-01,US_HY_SPREAD,Bond,-0.00828545,0.008417,36
2015-08-01,US_HY_SPREAD,Bond,-0.0010531,0.000146,36
2015-09-01,US_HY_SPREAD,Bond,0.00093541,0.000119,36
2015-10-01,US_HY_SPREAD,Bond,0.0070108,0.005163,36
2015-11-01,US_HY_SPREAD,Bond,0.01080735,0.011957,36
2015-12-01,US_HY_SPREAD,Bond,0.01253508,0.016546,36
2016-01-01,US_HY_SPREAD,Bond,0.01689236,0.030594,36
2016-02-01,US_HY_SPREAD,Bond,0.02070404,0.04954,36
2016-03-01,US_HY_SPREAD,Bond,0.01856302,0.054132,36
2016-04-01,US_HY_SPREAD,Bond,0.0162677,0.048545,36
2016-05-01,US_HY_SPREAD,Bond,0.01577684,0.047214,36
2016-06-01,US_HY_SPREAD,Bond,0.02122285,0.113104,36
2016-07-01,US_HY_SPREAD,Bond,0.01428245,0.05377,36
2016-08-01,US_HY_SPREAD,Bond,0.01346392,0.050199,36
2016-09-01,US_HY_SPREAD,Bond,0.01369485,0.049055,36
2016-10-01,US_HY_SPREAD,Bond,0.01464652,0.054313,36
2016-11-01,US_HY_SPREAD,Bond,0.01634713,0.052886,36
2016-12-01,US_HY_SPREAD,Bond,0.02018875,0.078169,36
2017-01-01,US_HY_SPREAD,Bond,0.02023523,0.077036,36
2017-02-01,US_HY_SPREAD,Bond,0.01967548,0.072447,36
2017-03-01,US_HY_SPREAD,Bond,0.01972575,0.071816,36
2017-04-01,US_HY_SPREAD,Bond,0.02002291,0.071865,36
2017-05-01,US_HY_SPREAD,Bond,0.02032661,0.074401,36
2017-06-01,US_HY_SPREAD,Bond,0.01974237,0.071375,36
2017-07-01,US_HY_SPREAD,Bond,0.0209262,0.086183,36
2017-08-01,US_HY_SPREAD,Bond,0.02133749,0.088397,36
2017-09-01,US_HY_SPREAD,Bond,0.02130642,0.088641,36
2017-10-01,US_HY_SPREAD,Bond,0.02056993,0.086284,36
2017-11-01,US_HY_SPREAD,Bond,0.02029077,0.082583,36
2017-12-01,US_HY_SPREAD,Bond,0.01956654,0.075992,36
2018-01-01,US_HY_SPREAD,Bond,0.01923246,0.081466,36
2018-02-01,US_HY_SPREAD,Bond,0.01937032,0.081346,36
2018-03-01,US_HY_SPREAD,Bond,0.02004535,0.092139,36
2018-04-01,US_HY_SPREAD,Bond,0.01947147,0.087168,36
2018-05-01,US_HY_SPREAD,Bond,0.02554147,0.165711,36
2018-06-01,US_HY_SPREAD,Bond,0.02648613,0.174553,36
2018-07-01,US_HY_SPREAD,Bond,0.02718747,0.17264,36
2018-08-01,US_HY_SPREAD,Bond,0.02561438,0.146903,36
2018-09-01,US_HY_SPREAD,Bond,0.02579373,0.135475,36
2018-10-01,US_HY_SPREAD,Bond,0.02380034,0.114835,36
2018-11-01,US_HY_SPREAD,Bond,0.02427895,0.136408,36
2018-12-01,US_HY_SPREAD,Bond,0.02727723,0.17678,36
2019-01-01,US_HY_SPREAD,Bond,0.02467732,0.146503,36
2019-02-01,US_HY_SPREAD,Bond,0.02086274,0.103154,36
2019-03-01,US_HY_SPREAD,Bond,0.02414371,0.113649,36
2019-04-01,US_HY_SPREAD,Bond,0.02922542,0.14221,36
2019-05-01,US_HY_SPREAD,Bond,0.03058311,0.154242,36
2019-06-01,US_HY_SPREAD,Bond,0.03341158,0.194827,36
2019-07-01,US_HY_SPREAD,Bond,0.036175,0.24294,36
2019-08-01,US_HY_SPREAD,Bond,0.03764114,0.237444,36
2019-09-01,US_HY_SPREAD,Bond,0.03841533,0.238617,36
2019-10-01,US_HY_SPREAD,Bond,0.03735922,0.216555,36
2019-11-01,US_HY_SPREAD,Bond,0.03705189,0.263521,36
2019-12-01,US_HY_SPREAD,Bond,0.03114683,0.178777,36
2020-01-01,US_HY_SPREAD,Bond,0.03284041,0.192636,36
2020-02-01,US_HY_SPREAD,Bond,0.0335946,0.206037,36
2020-03-01,US_HY_SPREAD,Bond,0.00622569,0.045989,36
2020-04-01,US_HY_SPREAD,Bond,0.00617969,0.045108,36
2020-05-01,US_HY_SPREAD,Bond,0.00535791,0.03488,36
2020-06-01,US_HY_SPREAD,Bond,0.00549861,0.039729,36
2020-07-01,US_HY_SPREAD,Bond,0.00501458,0.034562,36
2020-08-01,US_HY_SPREAD,Bond,0.00512478,0.036283,36
2020-09-01,US_HY_SPREAD,Bond,0.00491936,0.031684,36
2020-10-01,US_HY_SPREAD,Bond,0.0041835,0.024437,36
2020-11-01,US_HY_SPREAD,Bond,0.00479739,0.032399,36
2020-12-01,US_HY_SPREAD,Bond,0.00538782,0.04089,36
2021-01-01,US_HY_SPREAD,Bond,0.00488734,0.035063,36
2021-02-01,US_HY_SPREAD,Bond,0.00478726,0.034044,36
2021-03-01,US_HY_SPREAD,Bond,0.00488272,0.03182,36
2021-04-01,US_HY_SPREAD,Bond,0.00489954,0.03257,36
2021-05-01,US_HY_SPREAD,Bond,0.00496435,0.03347,36
2021-06-01,US_HY_SPREAD,Bond,0.00474489,0.031204,36
2021-07-01,US_HY_SPREAD,Bond,0.00480091,0.031752,36
2021-08-01,US_HY_SPREAD,Bond,0.00490555,0.033446,36
2021-09-01,US_HY_SPREAD,Bond,0.00531778,0.038863,36
2021-10-01,US_HY_SPREAD,Bond,0.00604634,0.040494,36
2021-11-01,US_HY_SPREAD,Bond,0.00534223,0.031994,36
2021-12-01,US_HY_SPREAD,Bond,0.00473945,0.02576,36
2022-01-01,US_HY_SPREAD,Bond,0.00471059,0.021897,36
2022-02-01,US_HY_SPREAD,Bond,0.00369002,0.013047,36
2022-03-01,US_HY_SPREAD,Bond,0.00344429,0.01146,36
2022-04-01,US_HY_SPREAD,Bond,0.00610707,0.030226,36
2022-05-01,US_HY_SPREAD,Bond,0.00557062,0.026474,36
2022-06-01,US_HY_SPREAD,Bond,0.00522126,0.022806,36
2022-07-01,US_HY_SPREAD,Bond,0.00788361,0.044055,36
2022-08-01,US_HY_SPREAD,Bond,0.0076004,0.045166,36
2022-09-01,US_HY_SPREAD,Bond,0.00846875,0.044273,36
2022-10-01,US_HY_SPREAD,Bond,0.00775145,0.035131,36
2022-11-01,US_HY_SPREAD,Bond,0.0063381,0.020213,36
2022-12-01,US_HY_SPREAD,Bond,0.004495,0.009034,36
2023-01-01,US_HY_SPREAD,Bond,0.00446629,0.008704,36
2023-02-01,US_HY_SPREAD,Bond,0.00400846,0.007135,36
2023-03-01,US_HY_SPREAD,Bond,0.00416881,0.002308,36
2023-04-01,US_HY_SPREAD,Bond,0.00495704,0.003164,36
2023-05-01,US_HY_SPREAD,Bond,0.00661407,0.00572,36
2023-06-01,US_HY_SPREAD,Bond,0.01101926,0.013775,36
2023-07-01,US_HY_SPREAD,Bond,0.01278898,0.01804,36
2023-08-01,US_HY_SPREAD,Bond,0.01266951,0.017585,36
2023-09-01,US_HY_SPREAD,Bond,0.01341981,0.019657,36
2023-10-01,US_HY_SPREAD,Bond,0.01154899,0.014222,36
2023-11-01,US_HY_SPREAD,Bond,0.01019727,0.009102,36
2023-12-01,US_HY_SPREAD,Bond,0.00126649,0.000119,36
2024-01-01,US_HY_SPREAD,Bond,0.00127827,0.00012,36
2024-02-01,US_HY_SPREAD,Bond,0.00155476,0.000179,36
2024-03-01,US_HY_SPREAD,Bond,0.00131338,0.000129,36
2024-04-01,US_HY_SPREAD,Bond,0.00268987,0.000521,36
2024-05-01,US_HY_SPREAD,Bond,0.00316954,0.00072,36
2024-06-01,US_HY_SPREAD,Bond,0.00497996,0.001736,36
2024-07-01,US_HY_SPREAD,Bond,0.00657419,0.003036,36
2024-08-01,US_HY_SPREAD,Bond,0.00919761,0.006084,36
2024-09-01,US_HY_SPREAD,Bond,0.00780539,0.004363,36
2024-10-01,US_HY_SPREAD,Bond,0.00552436,0.002365,36
2024-11-01,US_HY_SPREAD,Bond,0.00476228,0.001785,36
2024-12-01,US_HY_SPREAD,Bond,0.00271821,0.000559,36
2025-01-01,US_HY_SPREAD,Bond,0.00242072,0.000466,36
2025-02-01,US_HY_SPREAD,Bond,0.00774859,0.004458,36
2025-03-01,US_HY_SPREAD,Bond,0.00976554,0.007324,36
2025-04-01,US_HY_SPREAD,Bond,0.00106108,9.7e-05,36
2025-05-01,US_HY_SPREAD,Bond,0.00547536,0.002138,36
2025-06-01,US_HY_SPREAD,Bond,0.00331267,0.000833,36
2025-07-01,US_HY_SPREAD,Bond,-0.00576183,0.002453,36
2025-08-01,US_HY_SPREAD,Bond,-0.00598631,0.002646,36
2025-09-01,US_HY_SPREAD,Bond,-0.01167268,0.012785,36
2025-10-01,US_HY_SPREAD,Bond,-0.0047612,0.002325,36
2025-11-01,US_HY_SPREAD,Bond,-0.00566421,0.003294,36
2025-12-01,US_HY_SPREAD,Bond,0.00500899,0.002642,36
2026-01-01,US_HY_SPREAD,Bond,0.00645566,0.004484,36
2026-02-01,US_HY_SPREAD,Bond,0.00548591,0.003087,36
2026-03-01,US_HY_SPREAD,Bond,0.00356939,0.001179,36
2026-04-01,US_HY_SPREAD,Bond,0.00276977,0.000733,36
2026-05-01,US_HY_SPREAD,Bond,0.00915875,0.007047,36
2026-06-01,US_HY_SPREAD,Bond,0.0045566,0.001662,36
2026-07-01,US_HY_SPREAD,Bond,0.00328064,0.000797,35
2013-12-01,US_HY_SPREAD,Gold,0.0583934,0.03008,35
2014-01-01,US_HY_SPREAD,Gold,0.06764415,0.040729,36
2014-02-01,US_HY_SPREAD,Gold,0.06685214,0.039014,36
2014-03-01,US_HY_SPREAD,Gold,0.06203765,0.032357,36
2014-04-01,US_HY_SPREAD,Gold,0.05634231,0.027941,36
2014-05-01,US_HY_SPREAD,Gold,0.05132272,0.023465,36
2014-06-01,US_HY_SPREAD,Gold,0.04513713,0.017119,36
2014-07-01,US_HY_SPREAD,Gold,0.04543246,0.016261,36
2014-08-01,US_HY_SPREAD,Gold,0.02424685,0.003795,36
2014-09-01,US_HY_SPREAD,Gold,-0.07123685,0.035426,36
2014-10-01,US_HY_SPREAD,Gold,-0.08017729,0.046302,36
2014-11-01,US_HY_SPREAD,Gold,-0.09965422,0.073611,36
2014-12-01,US_HY_SPREAD,Gold,-0.12192384,0.105986,36
2015-01-01,US_HY_SPREAD,Gold,-0.11527198,0.100019,36
2015-02-01,US_HY_SPREAD,Gold,-0.11646522,0.096514,36
2015-03-01,US_HY_SPREAD,Gold,-0.09950431,0.071468,36
2015-04-01,US_HY_SPREAD,Gold,-0.0878382,0.055758,36
2015-05-01,US_HY_SPREAD,Gold,-0.08724285,0.055923,36
2015-06-01,US_HY_SPREAD,Gold,-0.07589653,0.041129,36
2015-07-01,US_HY_SPREAD,Gold,-0.07268532,0.039895,36
2015-08-01,US_HY_SPREAD,Gold,-0.09598049,0.066695,36
2015-09-01,US_HY_SPREAD,Gold,-0.06116526,0.027133,36
2015-10-01,US_HY_SPREAD,Gold,0.02151701,0.003053,36
2015-11-01,US_HY_SPREAD,Gold,0.02586476,0.004524,36
2015-12-01,US_HY_SPREAD,Gold,0.02544084,0.004234,36
2016-01-01,US_HY_SPREAD,Gold,0.04148248,0.011229,36
2016-02-01,US_HY_SPREAD,Gold,0.06874006,0.032114,36
2016-03-01,US_HY_SPREAD,Gold,-0.03017401,0.006797,36
2016-04-01,US_HY_SPREAD,Gold,-0.02457202,0.005268,36
2016-05-01,US_HY_SPREAD,Gold,-0.03985604,0.014473,36
2016-06-01,US_HY_SPREAD,Gold,-0.03280035,0.009576,36
2016-07-01,US_HY_SPREAD,Gold,-0.08637477,0.056456,36
2016-08-01,US_HY_SPREAD,Gold,-0.09091224,0.06396,36
2016-09-01,US_HY_SPREAD,Gold,-0.08806705,0.061819,36
2016-10-01,US_HY_SPREAD,Gold,-0.08050294,0.050022,36
2016-11-01,US_HY_SPREAD,Gold,-0.08274692,0.053269,36
2016-12-01,US_HY_SPREAD,Gold,-0.04693076,0.015735,36
2017-01-01,US_HY_SPREAD,Gold,-0.05977516,0.025676,36
2017-02-01,US_HY_SPREAD,Gold,-0.06265607,0.027645,36
2017-03-01,US_HY_SPREAD,Gold,-0.05987442,0.025585,36
2017-04-01,US_HY_SPREAD,Gold,-0.05243903,0.019231,36
2017-05-01,US_HY_SPREAD,Gold,-0.05184463,0.019021,36
2017-06-01,US_HY_SPREAD,Gold,-0.0552479,0.022099,36
2017-07-01,US_HY_SPREAD,Gold,-0.04320789,0.014147,36
2017-08-01,US_HY_SPREAD,Gold,-0.03859934,0.010972,36
2017-09-01,US_HY_SPREAD,Gold,-0.03786662,0.010168,36
2017-10-01,US_HY_SPREAD,Gold,-0.01073454,0.000812,36
2017-11-01,US_HY_SPREAD,Gold,-0.00196968,2.8e-05,36
2017-12-01,US_HY_SPREAD,Gold,-0.00627387,0.000286,36
2018-01-01,US_HY_SPREAD,Gold,-0.0170612,0.002119,36
2018-02-01,US_HY_SPREAD,Gold,-0.01583816,0.001861,36
2018-03-01,US_HY_SPREAD,Gold,-0.01652658,0.002222,36
2018-04-01,US_HY_SPREAD,Gold,-0.01699037,0.002327,36
2018-05-01,US_HY_SPREAD,Gold,-0.0145441,0.001631,36
2018-06-01,US_HY_SPREAD,Gold,-0.01568543,0.001896,36
2018-07-01,US_HY_SPREAD,Gold,-0.01190377,0.001033,36
2018-08-01,US_HY_SPREAD,Gold,0.01426194,0.001484,36
2018-09-01,US_HY_SPREAD,Gold,-0.00172549,2e-05,36
2018-10-01,US_HY_SPREAD,Gold,-0.00503288,0.000169,36
2018-11-01,US_HY_SPREAD,Gold,0.00221538,3.7e-05,36
2018-12-01,US_HY_SPREAD,Gold,0.00928876,0.000747,36
2019-01-01,US_HY_SPREAD,Gold,0.0093118,0.000726,36
2019-02-01,US_HY_SPREAD,Gold,-0.01391826,0.001515,36
2019-03-01,US_HY_SPREAD,Gold,0.05204151,0.020289,36
2019-04-01,US_HY_SPREAD,Gold,0.05009068,0.016188,36
2019-05-01,US_HY_SPREAD,Gold,0.06020381,0.024193,36
2019-06-01,US_HY_SPREAD,Gold,0.07786582,0.045633,36
2019-07-01,US_HY_SPREAD,Gold,0.1058814,0.107946,36
2019-08-01,US_HY_SPREAD,Gold,0.11226491,0.110674,36
2019-09-01,US_HY_SPREAD,Gold,0.11092619,0.106468,36
2019-10-01,US_HY_SPREAD,Gold,0.10165716,0.093512,36
2019-11-01,US_HY_SPREAD,Gold,0.10305997,0.097539,36
2019-12-01,US_HY_SPREAD,Gold,0.0486934,0.026453,36
2020-01-01,US_HY_SPREAD,Gold,0.04770708,0.023783,36
2020-02-01,US_HY_SPREAD,Gold,0.05148558,0.029122,36
2020-03-01,US_HY_SPREAD,Gold,0.0339443,0.07828,36
2020-04-01,US_HY_SPREAD,Gold,0.03370814,0.075258,36
2020-05-01,US_HY_SPREAD,Gold,0.02721914,0.046775,36
2020-06-01,US_HY_SPREAD,Gold,0.02663651,0.048518,36
2020-07-01,US_HY_SPREAD,Gold,0.02008479,0.030393,36
2020-08-01,US_HY_SPREAD,Gold,0.01533443,0.011789,36
2020-09-01,US_HY_SPREAD,Gold,0.01473936,0.01095,36
2020-10-01,US_HY_SPREAD,Gold,0.01090638,0.006349,36
2020-11-01,US_HY_SPREAD,Gold,0.0110822,0.006731,36
2020-12-01,US_HY_SPREAD,Gold,0.01579791,0.012734,36
2021-01-01,US_HY_SPREAD,Gold,0.0164587,0.013329,36
2021-02-01,US_HY_SPREAD,Gold,0.01674963,0.012806,36
2021-03-01,US_HY_SPREAD,Gold,0.01859398,0.014341,36
2021-04-01,US_HY_SPREAD,Gold,0.0178392,0.01335,36
2021-05-01,US_HY_SPREAD,Gold,0.01863968,0.01454,36
2021-06-01,US_HY_SPREAD,Gold,0.01810713,0.013508,36
2021-07-01,US_HY_SPREAD,Gold,0.01772031,0.012663,36
2021-08-01,US_HY_SPREAD,Gold,0.01709879,0.012078,36
2021-09-01,US_HY_SPREAD,Gold,0.01738784,0.012733,36
2021-10-01,US_HY_SPREAD,Gold,0.01897335,0.014766,36
2021-11-01,US_HY_SPREAD,Gold,0.01827123,0.013482,36
2021-12-01,US_HY_SPREAD,Gold,0.01776058,0.012539,36
2022-01-01,US_HY_SPREAD,Gold,0.01661044,0.011005,36
2022-02-01,US_HY_SPREAD,Gold,0.01601776,0.01041,36
2022-03-01,US_HY_SPREAD,Gold,0.01936255,0.014646,36
2022-04-01,US_HY_SPREAD,Gold,0.01930372,0.014928,36
2022-05-01,US_HY_SPREAD,Gold,0.01373291,0.007677,36
2022-06-01,US_HY_SPREAD,Gold,0.01285288,0.006707,36
2022-07-01,US_HY_SPREAD,Gold,0.01060959,0.004435,36
2022-08-01,US_HY_SPREAD,Gold,0.00993023,0.0041,36
2022-09-01,US_HY_SPREAD,Gold,0.01159973,0.005521,36
2022-10-01,US_HY_SPREAD,Gold,0.01115152,0.005185,36
2022-11-01,US_HY_SPREAD,Gold,0.01229097,0.006193,36
2022-12-01,US_HY_SPREAD,Gold,0.00529873,0.001062,36
2023-01-01,US_HY_SPREAD,Gold,0.0052312,0.001039,36
2023-02-01,US_HY_SPREAD,Gold,0.00303019,0.000346,36
2023-03-01,US_HY_SPREAD,Gold,-0.0811857,0.073336,36
2023-04-01,US_HY_SPREAD,Gold,-0.07172432,0.051124,36
2023-05-01,US_HY_SPREAD,Gold,-0.06161983,0.039161,36
2023-06-01,US_HY_SPREAD,Gold,-0.06257361,0.035011,36
2023-07-01,US_HY_SPREAD,Gold,-0.04845897,0.020414,36
2023-08-01,US_HY_SPREAD,Gold,-0.03846361,0.017209,36
2023-09-01,US_HY_SPREAD,Gold,-0.0333758,0.013058,36
2023-10-01,US_HY_SPREAD,Gold,-0.03977669,0.018049,36
2023-11-01,US_HY_SPREAD,Gold,-0.04435237,0.018278,36
2023-12-01,US_HY_SPREAD,Gold,-0.06610173,0.041857,36
2024-01-01,US_HY_SPREAD,Gold,-0.06117899,0.037557,36
2024-02-01,US_HY_SPREAD,Gold,-0.05842286,0.035996,36
2024-03-01,US_HY_SPREAD,Gold,-0.05986505,0.039017,36
2024-04-01,US_HY_SPREAD,Gold,-0.06641613,0.043988,36
2024-05-01,US_HY_SPREAD,Gold,-0.06867669,0.047685,36
2024-06-01,US_HY_SPREAD,Gold,-0.06364126,0.042122,36
2024-07-01,US_HY_SPREAD,Gold,-0.06259219,0.043437,36
2024-08-01,US_HY_SPREAD,Gold,-0.05429969,0.033776,36
2024-09-01,US_HY_SPREAD,Gold,-0.05752038,0.036813,36
2024-10-01,US_HY_SPREAD,Gold,-0.07422248,0.061884,36
2024-11-01,US_HY_SPREAD,Gold,-0.07425266,0.062964,36
2024-12-01,US_HY_SPREAD,Gold,-0.07291503,0.058107,36
2025-01-01,US_HY_SPREAD,Gold,-0.07299586,0.058454,36
2025-02-01,US_HY_SPREAD,Gold,-0.06775932,0.040601,36
2025-03-01,US_HY_SPREAD,Gold,-0.07293752,0.050559,36
2025-04-01,US_HY_SPREAD,Gold,-0.04342656,0.016737,36
2025-05-01,US_HY_SPREAD,Gold,-0.02322815,0.004062,36
2025-06-01,US_HY_SPREAD,Gold,-0.02680877,0.005491,36
2025-07-01,US_HY_SPREAD,Gold,0.00930797,0.000643,36
2025-08-01,US_HY_SPREAD,Gold,0.00819759,0.000499,36
2025-09-01,US_HY_SPREAD,Gold,-0.00123365,1.1e-05,36
2025-10-01,US_HY_SPREAD,Gold,0.00193061,2.4e-05,36
2025-11-01,US_HY_SPREAD,Gold,-0.01211734,0.000997,36
2025-12-01,US_HY_SPREAD,Gold,0.01455851,0.001385,36
2026-01-01,US_HY_SPREAD,Gold,0.00263833,4.4e-05,36
2026-02-01,US_HY_SPREAD,Gold,0.00790781,0.00038,36
2026-03-01,US_HY_SPREAD,Gold,0.0396991,0.009233,36
2026-04-01,US_HY_SPREAD,Gold,0.04544496,0.012574,36
2026-05-01,US_HY_SPREAD,Gold,0.06353026,0.023508,36
2026-06-01,US_HY_SPREAD,Gold,0.0584732,0.01765,36
2026-07-01,US_HY_SPREAD,Gold,0.00791236,0.000242,36
2013-12-01,FCI_TIGHTENING,Domestic_Equity,-35.1649903,0.490604,35
2014-01-01,FCI_TIGHTENING,Domestic_Equity,-35.26123802,0.489998,36
2014-02-01,FCI_TIGHTENING,Domestic_Equity,-35.55926963,0.511977,36
2014-03-01,FCI_TIGHTENING,Domestic_Equity,-35.78786376,0.513037,36
2014-04-01,FCI_TIGHTENING,Domestic_Equity,-34.62460818,0.544065,36
2014-05-01,FCI_TIGHTENING,Domestic_Equity,-34.58675034,0.544459,36
2014-06-01,FCI_TIGHTENING,Domestic_Equity,-34.48954959,0.539245,36
2014-07-01,FCI_TIGHTENING,Domestic_Equity,-36.44553882,0.606136,36
2014-08-01,FCI_TIGHTENING,Domestic_Equity,-26.41443953,0.385752,36
2014-09-01,FCI_TIGHTENING,Domestic_Equity,-28.06581287,0.338396,36
2014-10-01,FCI_TIGHTENING,Domestic_Equity,-30.38015117,0.37278,36
2014-11-01,FCI_TIGHTENING,Domestic_Equity,-30.40730613,0.378271,36
2014-12-01,FCI_TIGHTENING,Domestic_Equity,-29.88667081,0.379081,36
2015-01-01,FCI_TIGHTENING,Domestic_Equity,-32.70070736,0.395795,36
2015-02-01,FCI_TIGHTENING,Domestic_Equity,-29.25344627,0.296974,36
2015-03-01,FCI_TIGHTENING,Domestic_Equity,-29.89894491,0.294297,36
2015-04-01,FCI_TIGHTENING,Domestic_Equity,-29.9744739,0.266973,36
2015-05-01,FCI_TIGHTENING,Domestic_Equity,-25.07044686,0.182008,36
2015-06-01,FCI_TIGHTENING,Domestic_Equity,-24.4266425,0.159185,36
2015-07-01,FCI_TIGHTENING,Domestic_Equity,-29.88131867,0.216435,36
2015-08-01,FCI_TIGHTENING,Domestic_Equity,-30.48072815,0.208926,36
2015-09-01,FCI_TIGHTENING,Domestic_Equity,-30.48461818,0.191502,36
2015-10-01,FCI_TIGHTENING,Domestic_Equity,-36.02479206,0.24606,36
2015-11-01,FCI_TIGHTENING,Domestic_Equity,-35.6412845,0.248782,36
2015-12-01,FCI_TIGHTENING,Domestic_Equity,-32.96902034,0.23938,36
2016-01-01,FCI_TIGHTENING,Domestic_Equity,-36.941278,0.290235,36
2016-02-01,FCI_TIGHTENING,Domestic_Equity,-37.73113794,0.297637,36
2016-03-01,FCI_TIGHTENING,Domestic_Equity,-39.69311955,0.331446,36
2016-04-01,FCI_TIGHTENING,Domestic_Equity,-42.91923955,0.398977,36
2016-05-01,FCI_TIGHTENING,Domestic_Equity,-42.38232738,0.383181,36
2016-06-01,FCI_TIGHTENING,Domestic_Equity,-39.26190349,0.342029,36
2016-07-01,FCI_TIGHTENING,Domestic_Equity,-39.43133839,0.34471,36
2016-08-01,FCI_TIGHTENING,Domestic_Equity,-39.90104101,0.343894,36
2016-09-01,FCI_TIGHTENING,Domestic_Equity,-39.04047097,0.369688,36
2016-10-01,FCI_TIGHTENING,Domestic_Equity,-37.88020236,0.345738,36
2016-11-01,FCI_TIGHTENING,Domestic_Equity,-35.11137378,0.28607,36
2016-12-01,FCI_TIGHTENING,Domestic_Equity,-36.84636563,0.323406,36
2017-01-01,FCI_TIGHTENING,Domestic_Equity,-37.4824305,0.345538,36
2017-02-01,FCI_TIGHTENING,Domestic_Equity,-37.7461552,0.352637,36
2017-03-01,FCI_TIGHTENING,Domestic_Equity,-37.81271,0.342456,36
2017-04-01,FCI_TIGHTENING,Domestic_Equity,-37.8837485,0.351264,36
2017-05-01,FCI_TIGHTENING,Domestic_Equity,-42.22858699,0.384139,36
2017-06-01,FCI_TIGHTENING,Domestic_Equity,-43.76313414,0.403961,36
2017-07-01,FCI_TIGHTENING,Domestic_Equity,-45.15552043,0.424739,36
2017-08-01,FCI_TIGHTENING,Domestic_Equity,-46.79396718,0.444383,36
2017-09-01,FCI_TIGHTENING,Domestic_Equity,-46.74073122,0.440212,36
2017-10-01,FCI_TIGHTENING,Domestic_Equity,-44.38388619,0.419048,36
2017-11-01,FCI_TIGHTENING,Domestic_Equity,-45.10264198,0.423266,36
2017-12-01,FCI_TIGHTENING,Domestic_Equity,-44.84692415,0.381682,36
2018-01-01,FCI_TIGHTENING,Domestic_Equity,-49.8109947,0.393233,36
2018-02-01,FCI_TIGHTENING,Domestic_Equity,-52.34093942,0.435525,36
2018-03-01,FCI_TIGHTENING,Domestic_Equity,-47.34692222,0.394085,36
2018-04-01,FCI_TIGHTENING,Domestic_Equity,-46.30658188,0.408993,36
2018-05-01,FCI_TIGHTENING,Domestic_Equity,-44.15940572,0.387913,36
2018-06-01,FCI_TIGHTENING,Domestic_Equity,-44.62970248,0.397456,36
2018-07-01,FCI_TIGHTENING,Domestic_Equity,-44.71998848,0.348307,36
2018-08-01,FCI_TIGHTENING,Domestic_Equity,-38.49659387,0.264286,36
2018-09-01,FCI_TIGHTENING,Domestic_Equity,-39.8292672,0.263144,36
2018-10-01,FCI_TIGHTENING,Domestic_Equity,-42.5637541,0.258494,36
2018-11-01,FCI_TIGHTENING,Domestic_Equity,-44.79227718,0.308949,36
2018-12-01,FCI_TIGHTENING,Domestic_Equity,-42.67361995,0.28629,36
2019-01-01,FCI_TIGHTENING,Domestic_Equity,-40.66509508,0.244399,36
2019-02-01,FCI_TIGHTENING,Domestic_Equity,-44.23927308,0.308037,36
2019-03-01,FCI_TIGHTENING,Domestic_Equity,-39.23082741,0.243614,36
2019-04-01,FCI_TIGHTENING,Domestic_Equity,-39.62735198,0.242436,36
2019-05-01,FCI_TIGHTENING,Domestic_Equity,-41.96601521,0.248178,36
2019-06-01,FCI_TIGHTENING,Domestic_Equity,-42.09931111,0.249784,36
2019-07-01,FCI_TIGHTENING,Domestic_Equity,-42.67334959,0.255067,36
2019-08-01,FCI_TIGHTENING,Domestic_Equity,-47.11824198,0.281883,36
2019-09-01,FCI_TIGHTENING,Domestic_Equity,-41.23930207,0.203296,36
2019-10-01,FCI_TIGHTENING,Domestic_Equity,-41.64976176,0.206285,36
2019-11-01,FCI_TIGHTENING,Domestic_Equity,-48.26429014,0.270727,36
2019-12-01,FCI_TIGHTENING,Domestic_Equity,-47.43457001,0.256241,36
2020-01-01,FCI_TIGHTENING,Domestic_Equity,-47.28356318,0.262319,36
2020-02-01,FCI_TIGHTENING,Domestic_Equity,-36.84193219,0.230557,36
2020-03-01,FCI_TIGHTENING,Domestic_Equity,-33.06538381,0.590695,36
2020-04-01,FCI_TIGHTENING,Domestic_Equity,-29.50770348,0.486538,36
2020-05-01,FCI_TIGHTENING,Domestic_Equity,-25.21889726,0.493026,36
2020-06-01,FCI_TIGHTENING,Domestic_Equity,-26.28314323,0.540875,36
2020-07-01,FCI_TIGHTENING,Domestic_Equity,-26.34131956,0.546463,36
2020-08-01,FCI_TIGHTENING,Domestic_Equity,-26.92624589,0.539556,36
2020-09-01,FCI_TIGHTENING,Domestic_Equity,-26.92703518,0.539317,36
2020-10-01,FCI_TIGHTENING,Domestic_Equity,-26.79479569,0.542135,36
2020-11-01,FCI_TIGHTENING,Domestic_Equity,-27.1437318,0.537869,36
2020-12-01,FCI_TIGHTENING,Domestic_Equity,-27.92740518,0.512224,36
2021-01-01,FCI_TIGHTENING,Domestic_Equity,-28.30128725,0.466236,36
2021-02-01,FCI_TIGHTENING,Domestic_Equity,-28.08105177,0.464556,36
2021-03-01,FCI_TIGHTENING,Domestic_Equity,-28.16548602,0.461006,36
2021-04-01,FCI_TIGHTENING,Domestic_Equity,-28.30108786,0.460111,36
2021-05-01,FCI_TIGHTENING,Domestic_Equity,-28.37281398,0.461492,36
2021-06-01,FCI_TIGHTENING,Domestic_Equity,-28.28304433,0.462176,36
2021-07-01,FCI_TIGHTENING,Domestic_Equity,-28.28027624,0.47867,36
2021-08-01,FCI_TIGHTENING,Domestic_Equity,-28.50775845,0.481037,36
2021-09-01,FCI_TIGHTENING,Domestic_Equity,-28.50235422,0.478235,36
2021-10-01,FCI_TIGHTENING,Domestic_Equity,-28.27203244,0.479861,36
2021-11-01,FCI_TIGHTENING,Domestic_Equity,-27.92895209,0.477505,36
2021-12-01,FCI_TIGHTENING,Domestic_Equity,-27.90831239,0.475225,36
2022-01-01,FCI_TIGHTENING,Domestic_Equity,-27.87353787,0.458294,36
2022-02-01,FCI_TIGHTENING,Domestic_Equity,-28.04420219,0.456258,36
2022-03-01,FCI_TIGHTENING,Domestic_Equity,-28.22028295,0.469285,36
2022-04-01,FCI_TIGHTENING,Domestic_Equity,-28.17585979,0.468968,36
2022-05-01,FCI_TIGHTENING,Domestic_Equity,-28.26773325,0.486715,36
2022-06-01,FCI_TIGHTENING,Domestic_Equity,-28.75940779,0.491157,36
2022-07-01,FCI_TIGHTENING,Domestic_Equity,-28.85079228,0.479238,36
2022-08-01,FCI_TIGHTENING,Domestic_Equity,-28.87088432,0.497845,36
2022-09-01,FCI_TIGHTENING,Domestic_Equity,-29.60679498,0.516676,36
2022-10-01,FCI_TIGHTENING,Domestic_Equity,-29.86268932,0.512268,36
2022-11-01,FCI_TIGHTENING,Domestic_Equity,-30.44148061,0.505337,36
2022-12-01,FCI_TIGHTENING,Domestic_Equity,-30.10615316,0.492076,36
2023-01-01,FCI_TIGHTENING,Domestic_Equity,-29.68071111,0.483963,36
2023-02-01,FCI_TIGHTENING,Domestic_Equity,-30.14555182,0.483649,36
2023-03-01,FCI_TIGHTENING,Domestic_Equity,-26.5015795,0.27067,36
2023-04-01,FCI_TIGHTENING,Domestic_Equity,-30.94582245,0.330966,36
2023-05-01,FCI_TIGHTENING,Domestic_Equity,-45.94988282,0.399576,36
2023-06-01,FCI_TIGHTENING,Domestic_Equity,-53.85733195,0.361774,36
2023-07-01,FCI_TIGHTENING,Domestic_Equity,-55.13213993,0.353754,36
2023-08-01,FCI_TIGHTENING,Domestic_Equity,-48.35434197,0.289081,36
2023-09-01,FCI_TIGHTENING,Domestic_Equity,-47.87876098,0.28375,36
2023-10-01,FCI_TIGHTENING,Domestic_Equity,-49.52235721,0.293744,36
2023-11-01,FCI_TIGHTENING,Domestic_Equity,-47.46577546,0.273973,36
2023-12-01,FCI_TIGHTENING,Domestic_Equity,-43.14563572,0.261303,36
2024-01-01,FCI_TIGHTENING,Domestic_Equity,-37.71340856,0.268152,36
2024-02-01,FCI_TIGHTENING,Domestic_Equity,-39.0600036,0.277731,36
2024-03-01,FCI_TIGHTENING,Domestic_Equity,-40.33376251,0.293245,36
2024-04-01,FCI_TIGHTENING,Domestic_Equity,-38.83417065,0.281649,36
2024-05-01,FCI_TIGHTENING,Domestic_Equity,-39.05415099,0.280369,36
2024-06-01,FCI_TIGHTENING,Domestic_Equity,-38.36860437,0.275755,36
2024-07-01,FCI_TIGHTENING,Domestic_Equity,-37.85528048,0.263874,36
2024-08-01,FCI_TIGHTENING,Domestic_Equity,-36.70281655,0.234305,36
2024-09-01,FCI_TIGHTENING,Domestic_Equity,-34.60627649,0.213917,36
2024-10-01,FCI_TIGHTENING,Domestic_Equity,-34.30301457,0.221656,36
2024-11-01,FCI_TIGHTENING,Domestic_Equity,-33.87892875,0.204662,36
2024-12-01,FCI_TIGHTENING,Domestic_Equity,-34.12730623,0.204993,36
2025-01-01,FCI_TIGHTENING,Domestic_Equity,-35.42336179,0.22529,36
2025-02-01,FCI_TIGHTENING,Domestic_Equity,-33.25849968,0.190214,36
2025-03-01,FCI_TIGHTENING,Domestic_Equity,-34.48472827,0.190519,36
2025-04-01,FCI_TIGHTENING,Domestic_Equity,-36.92513124,0.214004,36
2025-05-01,FCI_TIGHTENING,Domestic_Equity,-39.6814534,0.224031,36
2025-06-01,FCI_TIGHTENING,Domestic_Equity,-44.17744392,0.200863,36
2025-07-01,FCI_TIGHTENING,Domestic_Equity,-44.15718393,0.193476,36
2025-08-01,FCI_TIGHTENING,Domestic_Equity,-42.48629184,0.180227,36
2025-09-01,FCI_TIGHTENING,Domestic_Equity,-36.67768271,0.121567,36
2025-10-01,FCI_TIGHTENING,Domestic_Equity,-27.6574717,0.057621,36
2025-11-01,FCI_TIGHTENING,Domestic_Equity,-19.36060447,0.02824,36
2025-12-01,FCI_TIGHTENING,Domestic_Equity,-22.11217606,0.03731,36
2026-01-01,FCI_TIGHTENING,Domestic_Equity,-37.56027542,0.071796,36
2026-02-01,FCI_TIGHTENING,Domestic_Equity,-24.44065831,0.025108,36
2026-03-01,FCI_TIGHTENING,Domestic_Equity,-23.10384443,0.017726,36
2026-04-01,FCI_TIGHTENING,Domestic_Equity,-24.75474563,0.019324,36
2026-05-01,FCI_TIGHTENING,Domestic_Equity,-40.21093458,0.03391,36
2026-06-01,FCI_TIGHTENING,Domestic_Equity,-38.30250705,0.029638,36
2026-07-01,FCI_TIGHTENING,Domestic_Equity,-43.01653858,0.036666,35
2013-12-01,FCI_TIGHTENING,Foreign_Equity,-36.45600306,0.731749,35
2014-01-01,FCI_TIGHTENING,Foreign_Equity,-36.41039829,0.730403,36
2014-02-01,FCI_TIGHTENING,Foreign_Equity,-36.28305733,0.736922,36
2014-03-01,FCI_TIGHTENING,Foreign_Equity,-36.26528902,0.729606,36
2014-04-01,FCI_TIGHTENING,Foreign_Equity,-36.10212595,0.727196,36
2014-05-01,FCI_TIGHTENING,Foreign_Equity,-36.06175742,0.728614,36
2014-06-01,FCI_TIGHTENING,Foreign_Equity,-35.36922917,0.7268,36
2014-07-01,FCI_TIGHTENING,Foreign_Equity,-36.77182759,0.773734,36
2014-08-01,FCI_TIGHTENING,Foreign_Equity,-30.0474773,0.668373,36
2014-09-01,FCI_TIGHTENING,Foreign_Equity,-32.4344256,0.632675,36
2014-10-01,FCI_TIGHTENING,Foreign_Equity,-34.73423076,0.640783,36
2014-11-01,FCI_TIGHTENING,Foreign_Equity,-34.46818761,0.596142,36
2014-12-01,FCI_TIGHTENING,Foreign_Equity,-34.34721608,0.604515,36
2015-01-01,FCI_TIGHTENING,Foreign_Equity,-36.52060572,0.608475,36
2015-02-01,FCI_TIGHTENING,Foreign_Equity,-37.47448046,0.558613,36
2015-03-01,FCI_TIGHTENING,Foreign_Equity,-37.82780365,0.55057,36
2015-04-01,FCI_TIGHTENING,Foreign_Equity,-37.30385731,0.545434,36
2015-05-01,FCI_TIGHTENING,Foreign_Equity,-34.830202,0.471458,36
2015-06-01,FCI_TIGHTENING,Foreign_Equity,-34.18560798,0.435296,36
2015-07-01,FCI_TIGHTENING,Foreign_Equity,-36.36776281,0.435957,36
2015-08-01,FCI_TIGHTENING,Foreign_Equity,-40.57604662,0.477996,36
2015-09-01,FCI_TIGHTENING,Foreign_Equity,-47.28789798,0.480962,36
2015-10-01,FCI_TIGHTENING,Foreign_Equity,-51.25842115,0.53564,36
2015-11-01,FCI_TIGHTENING,Foreign_Equity,-51.36063735,0.56216,36
2015-12-01,FCI_TIGHTENING,Foreign_Equity,-50.32065092,0.568488,36
2016-01-01,FCI_TIGHTENING,Foreign_Equity,-54.39711782,0.583015,36
2016-02-01,FCI_TIGHTENING,Foreign_Equity,-54.54116746,0.577634,36
2016-03-01,FCI_TIGHTENING,Foreign_Equity,-58.61695118,0.604806,36
2016-04-01,FCI_TIGHTENING,Foreign_Equity,-60.55141554,0.630547,36
2016-05-01,FCI_TIGHTENING,Foreign_Equity,-59.3392323,0.621876,36
2016-06-01,FCI_TIGHTENING,Foreign_Equity,-59.31837503,0.604226,36
2016-07-01,FCI_TIGHTENING,Foreign_Equity,-59.16674545,0.602254,36
2016-08-01,FCI_TIGHTENING,Foreign_Equity,-60.61337641,0.617589,36
2016-09-01,FCI_TIGHTENING,Foreign_Equity,-60.65740925,0.618087,36
2016-10-01,FCI_TIGHTENING,Foreign_Equity,-58.9861863,0.57214,36
2016-11-01,FCI_TIGHTENING,Foreign_Equity,-56.14822084,0.531584,36
2016-12-01,FCI_TIGHTENING,Foreign_Equity,-58.27446387,0.564296,36
2017-01-01,FCI_TIGHTENING,Foreign_Equity,-57.32422432,0.560859,36
2017-02-01,FCI_TIGHTENING,Foreign_Equity,-57.83385715,0.570568,36
2017-03-01,FCI_TIGHTENING,Foreign_Equity,-57.45697124,0.567647,36
2017-04-01,FCI_TIGHTENING,Foreign_Equity,-56.50371405,0.554105,36
2017-05-01,FCI_TIGHTENING,Foreign_Equity,-54.64905633,0.541192,36
2017-06-01,FCI_TIGHTENING,Foreign_Equity,-53.53785233,0.5385,36
2017-07-01,FCI_TIGHTENING,Foreign_Equity,-54.69279859,0.555783,36
2017-08-01,FCI_TIGHTENING,Foreign_Equity,-54.59964232,0.55164,36
2017-09-01,FCI_TIGHTENING,Foreign_Equity,-55.6368687,0.560925,36
2017-10-01,FCI_TIGHTENING,Foreign_Equity,-53.81433672,0.543331,36
2017-11-01,FCI_TIGHTENING,Foreign_Equity,-52.61869782,0.557529,36
2017-12-01,FCI_TIGHTENING,Foreign_Equity,-54.38104568,0.556827,36
2018-01-01,FCI_TIGHTENING,Foreign_Equity,-61.46941841,0.561789,36
2018-02-01,FCI_TIGHTENING,Foreign_Equity,-64.05505032,0.611892,36
2018-03-01,FCI_TIGHTENING,Foreign_Equity,-61.85588104,0.615317,36
2018-04-01,FCI_TIGHTENING,Foreign_Equity,-61.32043877,0.605833,36
2018-05-01,FCI_TIGHTENING,Foreign_Equity,-59.16173085,0.587974,36
2018-06-01,FCI_TIGHTENING,Foreign_Equity,-58.88086737,0.590313,36
2018-07-01,FCI_TIGHTENING,Foreign_Equity,-58.59154938,0.585286,36
2018-08-01,FCI_TIGHTENING,Foreign_Equity,-59.1462744,0.561328,36
2018-09-01,FCI_TIGHTENING,Foreign_Equity,-54.30263974,0.527204,36
2018-10-01,FCI_TIGHTENING,Foreign_Equity,-55.90444151,0.520807,36
2018-11-01,FCI_TIGHTENING,Foreign_Equity,-52.55644077,0.516773,36
2018-12-01,FCI_TIGHTENING,Foreign_Equity,-58.98217421,0.56597,36
2019-01-01,FCI_TIGHTENING,Foreign_Equity,-52.47875232,0.497678,36
2019-02-01,FCI_TIGHTENING,Foreign_Equity,-53.15814183,0.544502,36
2019-03-01,FCI_TIGHTENING,Foreign_Equity,-47.70759469,0.522109,36
2019-04-01,FCI_TIGHTENING,Foreign_Equity,-47.34182697,0.513186,36
2019-05-01,FCI_TIGHTENING,Foreign_Equity,-48.17449137,0.518027,36
2019-06-01,FCI_TIGHTENING,Foreign_Equity,-47.76833159,0.50792,36
2019-07-01,FCI_TIGHTENING,Foreign_Equity,-48.53603762,0.520155,36
2019-08-01,FCI_TIGHTENING,Foreign_Equity,-51.16432857,0.532911,36
2019-09-01,FCI_TIGHTENING,Foreign_Equity,-47.04433239,0.451222,36
2019-10-01,FCI_TIGHTENING,Foreign_Equity,-47.65657373,0.466601,36
2019-11-01,FCI_TIGHTENING,Foreign_Equity,-51.10863241,0.501964,36
2019-12-01,FCI_TIGHTENING,Foreign_Equity,-48.51213102,0.459752,36
2020-01-01,FCI_TIGHTENING,Foreign_Equity,-47.83895632,0.460663,36
2020-02-01,FCI_TIGHTENING,Foreign_Equity,-37.80052357,0.413207,36
2020-03-01,FCI_TIGHTENING,Foreign_Equity,-40.50536912,0.825338,36
2020-04-01,FCI_TIGHTENING,Foreign_Equity,-37.78403999,0.757621,36
2020-05-01,FCI_TIGHTENING,Foreign_Equity,-30.08331223,0.650136,36
2020-06-01,FCI_TIGHTENING,Foreign_Equity,-29.89940248,0.671659,36
2020-07-01,FCI_TIGHTENING,Foreign_Equity,-29.69946218,0.670562,36
2020-08-01,FCI_TIGHTENING,Foreign_Equity,-29.98511272,0.670468,36
2020-09-01,FCI_TIGHTENING,Foreign_Equity,-29.9930901,0.671537,36
2020-10-01,FCI_TIGHTENING,Foreign_Equity,-29.92591415,0.670614,36
2020-11-01,FCI_TIGHTENING,Foreign_Equity,-30.26881567,0.665258,36
2020-12-01,FCI_TIGHTENING,Foreign_Equity,-30.49289081,0.66519,36
2021-01-01,FCI_TIGHTENING,Foreign_Equity,-30.53284689,0.67406,36
2021-02-01,FCI_TIGHTENING,Foreign_Equity,-30.32216084,0.674684,36
2021-03-01,FCI_TIGHTENING,Foreign_Equity,-30.34227105,0.67311,36
2021-04-01,FCI_TIGHTENING,Foreign_Equity,-30.45171626,0.673053,36
2021-05-01,FCI_TIGHTENING,Foreign_Equity,-30.55182579,0.674758,36
2021-06-01,FCI_TIGHTENING,Foreign_Equity,-30.54666977,0.67452,36
2021-07-01,FCI_TIGHTENING,Foreign_Equity,-30.56043633,0.674937,36
2021-08-01,FCI_TIGHTENING,Foreign_Equity,-30.54632374,0.673767,36
2021-09-01,FCI_TIGHTENING,Foreign_Equity,-30.54664272,0.671098,36
2021-10-01,FCI_TIGHTENING,Foreign_Equity,-30.3365996,0.680531,36
2021-11-01,FCI_TIGHTENING,Foreign_Equity,-29.93495543,0.666791,36
2021-12-01,FCI_TIGHTENING,Foreign_Equity,-29.43636877,0.675808,36
2022-01-01,FCI_TIGHTENING,Foreign_Equity,-29.42673967,0.674447,36
2022-02-01,FCI_TIGHTENING,Foreign_Equity,-29.21652059,0.673742,36
2022-03-01,FCI_TIGHTENING,Foreign_Equity,-29.28000514,0.678386,36
2022-04-01,FCI_TIGHTENING,Foreign_Equity,-29.23302762,0.678439,36
2022-05-01,FCI_TIGHTENING,Foreign_Equity,-29.7075346,0.670468,36
2022-06-01,FCI_TIGHTENING,Foreign_Equity,-29.93288109,0.675076,36
2022-07-01,FCI_TIGHTENING,Foreign_Equity,-29.8981532,0.673788,36
2022-08-01,FCI_TIGHTENING,Foreign_Equity,-30.00198376,0.684411,36
2022-09-01,FCI_TIGHTENING,Foreign_Equity,-30.6897207,0.685272,36
2022-10-01,FCI_TIGHTENING,Foreign_Equity,-30.85878938,0.687462,36
2022-11-01,FCI_TIGHTENING,Foreign_Equity,-31.28634087,0.674829,36
2022-12-01,FCI_TIGHTENING,Foreign_Equity,-31.21746757,0.676261,36
2023-01-01,FCI_TIGHTENING,Foreign_Equity,-31.17736791,0.677221,36
2023-02-01,FCI_TIGHTENING,Foreign_Equity,-31.56822953,0.67937,36
2023-03-01,FCI_TIGHTENING,Foreign_Equity,-22.46769527,0.39899,36
2023-04-01,FCI_TIGHTENING,Foreign_Equity,-24.98451996,0.440751,36
2023-05-01,FCI_TIGHTENING,Foreign_Equity,-39.45255529,0.583996,36
2023-06-01,FCI_TIGHTENING,Foreign_Equity,-48.08750561,0.582466,36
2023-07-01,FCI_TIGHTENING,Foreign_Equity,-52.19227206,0.625447,36
2023-08-01,FCI_TIGHTENING,Foreign_Equity,-47.75230631,0.545224,36
2023-09-01,FCI_TIGHTENING,Foreign_Equity,-47.26300482,0.534067,36
2023-10-01,FCI_TIGHTENING,Foreign_Equity,-48.512686,0.536607,36
2023-11-01,FCI_TIGHTENING,Foreign_Equity,-47.28339137,0.518755,36
2023-12-01,FCI_TIGHTENING,Foreign_Equity,-47.73341296,0.515541,36
2024-01-01,FCI_TIGHTENING,Foreign_Equity,-46.74903181,0.510325,36
2024-02-01,FCI_TIGHTENING,Foreign_Equity,-47.00328079,0.516912,36
2024-03-01,FCI_TIGHTENING,Foreign_Equity,-47.55415514,0.517588,36
2024-04-01,FCI_TIGHTENING,Foreign_Equity,-46.96818187,0.50967,36
2024-05-01,FCI_TIGHTENING,Foreign_Equity,-46.79469075,0.503587,36
2024-06-01,FCI_TIGHTENING,Foreign_Equity,-46.77744962,0.503766,36
2024-07-01,FCI_TIGHTENING,Foreign_Equity,-46.28086056,0.488985,36
2024-08-01,FCI_TIGHTENING,Foreign_Equity,-46.54095805,0.494377,36
2024-09-01,FCI_TIGHTENING,Foreign_Equity,-46.95669453,0.511375,36
2024-10-01,FCI_TIGHTENING,Foreign_Equity,-47.06922308,0.515775,36
2024-11-01,FCI_TIGHTENING,Foreign_Equity,-50.20249986,0.569439,36
2024-12-01,FCI_TIGHTENING,Foreign_Equity,-49.35777432,0.548192,36
2025-01-01,FCI_TIGHTENING,Foreign_Equity,-48.98088729,0.541114,36
2025-02-01,FCI_TIGHTENING,Foreign_Equity,-50.1573492,0.530616,36
2025-03-01,FCI_TIGHTENING,Foreign_Equity,-54.27553375,0.563977,36
2025-04-01,FCI_TIGHTENING,Foreign_Equity,-57.00006039,0.585752,36
2025-05-01,FCI_TIGHTENING,Foreign_Equity,-56.31302851,0.567032,36
2025-06-01,FCI_TIGHTENING,Foreign_Equity,-57.69336235,0.553279,36
2025-07-01,FCI_TIGHTENING,Foreign_Equity,-57.51380802,0.551476,36
2025-08-01,FCI_TIGHTENING,Foreign_Equity,-56.31420105,0.540005,36
2025-09-01,FCI_TIGHTENING,Foreign_Equity,-51.9662084,0.46593,36
2025-10-01,FCI_TIGHTENING,Foreign_Equity,-50.92878188,0.44205,36
2025-11-01,FCI_TIGHTENING,Foreign_Equity,-47.11535148,0.427099,36
2025-12-01,FCI_TIGHTENING,Foreign_Equity,-48.10954855,0.435205,36
2026-01-01,FCI_TIGHTENING,Foreign_Equity,-51.5073964,0.452079,36
2026-02-01,FCI_TIGHTENING,Foreign_Equity,-48.82046103,0.412206,36
2026-03-01,FCI_TIGHTENING,Foreign_Equity,-52.52467601,0.382873,36
2026-04-01,FCI_TIGHTENING,Foreign_Equity,-54.37536683,0.407701,36
2026-05-01,FCI_TIGHTENING,Foreign_Equity,-57.42828453,0.467776,36
2026-06-01,FCI_TIGHTENING,Foreign_Equity,-57.04613262,0.464131,36
2026-07-01,FCI_TIGHTENING,Foreign_Equity,-56.57364455,0.453483,35
2013-12-01,FCI_TIGHTENING,Bond,2.76945158,0.053172,35
2014-01-01,FCI_TIGHTENING,Bond,2.75797376,0.052738,36
2014-02-01,FCI_TIGHTENING,Bond,2.73789238,0.051849,36
2014-03-01,FCI_TIGHTENING,Bond,2.43645758,0.043689,36
2014-04-01,FCI_TIGHTENING,Bond,2.44722914,0.043933,36
2014-05-01,FCI_TIGHTENING,Bond,2.40736092,0.042719,36
2014-06-01,FCI_TIGHTENING,Bond,2.28218508,0.037766,36
2014-07-01,FCI_TIGHTENING,Bond,2.63007513,0.046491,36
2014-08-01,FCI_TIGHTENING,Bond,0.69692438,0.002394,36
2014-09-01,FCI_TIGHTENING,Bond,-1.45482976,0.007899,36
2014-10-01,FCI_TIGHTENING,Bond,-0.48204099,0.000876,36
2014-11-01,FCI_TIGHTENING,Bond,-0.473972,0.000847,36
2014-12-01,FCI_TIGHTENING,Bond,-0.55991136,0.001233,36
2015-01-01,FCI_TIGHTENING,Bond,0.66636687,0.001408,36
2015-02-01,FCI_TIGHTENING,Bond,0.37306649,0.000364,36
2015-03-01,FCI_TIGHTENING,Bond,-0.31080741,0.000258,36
2015-04-01,FCI_TIGHTENING,Bond,-0.36719556,0.000355,36
2015-05-01,FCI_TIGHTENING,Bond,-1.89951971,0.006718,36
2015-06-01,FCI_TIGHTENING,Bond,-2.76907108,0.013434,36
2015-07-01,FCI_TIGHTENING,Bond,-0.02064206,1e-06,36
2015-08-01,FCI_TIGHTENING,Bond,3.51205113,0.021633,36
2015-09-01,FCI_TIGHTENING,Bond,4.56887606,0.032735,36
2015-10-01,FCI_TIGHTENING,Bond,4.33067007,0.029152,36
2015-11-01,FCI_TIGHTENING,Bond,4.86398099,0.03515,36
2015-12-01,FCI_TIGHTENING,Bond,4.06677905,0.027171,36
2016-01-01,FCI_TIGHTENING,Bond,5.46287531,0.049958,36
2016-02-01,FCI_TIGHTENING,Bond,5.61742577,0.050258,36
2016-03-01,FCI_TIGHTENING,Bond,6.01853672,0.062343,36
2016-04-01,FCI_TIGHTENING,Bond,6.23065648,0.066935,36
2016-05-01,FCI_TIGHTENING,Bond,6.00447818,0.061565,36
2016-06-01,FCI_TIGHTENING,Bond,9.97475599,0.215437,36
2016-07-01,FCI_TIGHTENING,Bond,9.81516417,0.2165,36
2016-08-01,FCI_TIGHTENING,Bond,9.31402803,0.201241,36
2016-09-01,FCI_TIGHTENING,Bond,9.08254887,0.18133,36
2016-10-01,FCI_TIGHTENING,Bond,10.4096694,0.222483,36
2016-11-01,FCI_TIGHTENING,Bond,12.64896094,0.256336,36
2016-12-01,FCI_TIGHTENING,Bond,13.51171483,0.284738,36
2017-01-01,FCI_TIGHTENING,Bond,13.12402093,0.276386,36
2017-02-01,FCI_TIGHTENING,Bond,13.4082875,0.290452,36
2017-03-01,FCI_TIGHTENING,Bond,13.40256545,0.28536,36
2017-04-01,FCI_TIGHTENING,Bond,13.26645126,0.282532,36
2017-05-01,FCI_TIGHTENING,Bond,13.63630083,0.312042,36
2017-06-01,FCI_TIGHTENING,Bond,13.2668956,0.304781,36
2017-07-01,FCI_TIGHTENING,Bond,12.87474772,0.298443,36
2017-08-01,FCI_TIGHTENING,Bond,13.14639761,0.306383,36
2017-09-01,FCI_TIGHTENING,Bond,13.10643544,0.302021,36
2017-10-01,FCI_TIGHTENING,Bond,12.65929671,0.281493,36
2017-11-01,FCI_TIGHTENING,Bond,12.9214104,0.29402,36
2017-12-01,FCI_TIGHTENING,Bond,13.42216638,0.299297,36
2018-01-01,FCI_TIGHTENING,Bond,12.24164289,0.223956,36
2018-02-01,FCI_TIGHTENING,Bond,10.31844583,0.167143,36
2018-03-01,FCI_TIGHTENING,Bond,10.48539347,0.187546,36
2018-04-01,FCI_TIGHTENING,Bond,10.52984488,0.19144,36
2018-05-01,FCI_TIGHTENING,Bond,10.45413549,0.227018,36
2018-06-01,FCI_TIGHTENING,Bond,10.60502838,0.229229,36
2018-07-01,FCI_TIGHTENING,Bond,10.63825808,0.222484,36
2018-08-01,FCI_TIGHTENING,Bond,9.50719862,0.162499,36
2018-09-01,FCI_TIGHTENING,Bond,9.19227453,0.13751,36
2018-10-01,FCI_TIGHTENING,Bond,10.03385335,0.167677,36
2018-11-01,FCI_TIGHTENING,Bond,9.86903581,0.189161,36
2018-12-01,FCI_TIGHTENING,Bond,11.37031117,0.235935,36
2019-01-01,FCI_TIGHTENING,Bond,10.81822105,0.196888,36
2019-02-01,FCI_TIGHTENING,Bond,8.57591729,0.155986,36
2019-03-01,FCI_TIGHTENING,Bond,8.33332823,0.144936,36
2019-04-01,FCI_TIGHTENING,Bond,8.51491341,0.148813,36
2019-05-01,FCI_TIGHTENING,Bond,8.59661072,0.152491,36
2019-06-01,FCI_TIGHTENING,Bond,8.76881619,0.154283,36
2019-07-01,FCI_TIGHTENING,Bond,8.41303962,0.150424,36
2019-08-01,FCI_TIGHTENING,Bond,9.44420272,0.176464,36
2019-09-01,FCI_TIGHTENING,Bond,8.61052998,0.144511,36
2019-10-01,FCI_TIGHTENING,Bond,8.70414163,0.142465,36
2019-11-01,FCI_TIGHTENING,Bond,7.28925912,0.119419,36
2019-12-01,FCI_TIGHTENING,Bond,6.5202523,0.10018,36
2020-01-01,FCI_TIGHTENING,Bond,6.55739323,0.105186,36
2020-02-01,FCI_TIGHTENING,Bond,5.72936059,0.116335,36
2020-03-01,FCI_TIGHTENING,Bond,1.23355054,0.031929,36
2020-04-01,FCI_TIGHTENING,Bond,1.06502843,0.025074,36
2020-05-01,FCI_TIGHTENING,Bond,0.35553024,0.003876,36
2020-06-01,FCI_TIGHTENING,Bond,0.42601522,0.006262,36
2020-07-01,FCI_TIGHTENING,Bond,0.39946753,0.005728,36
2020-08-01,FCI_TIGHTENING,Bond,0.43179501,0.006755,36
2020-09-01,FCI_TIGHTENING,Bond,0.43329031,0.00644,36
2020-10-01,FCI_TIGHTENING,Bond,0.38058357,0.005351,36
2020-11-01,FCI_TIGHTENING,Bond,0.43153876,0.006791,36
2020-12-01,FCI_TIGHTENING,Bond,0.48185629,0.008388,36
2021-01-01,FCI_TIGHTENING,Bond,0.49031889,0.009136,36
2021-02-01,FCI_TIGHTENING,Bond,0.58064174,0.012924,36
2021-03-01,FCI_TIGHTENING,Bond,0.58065875,0.011627,36
2021-04-01,FCI_TIGHTENING,Bond,0.58692605,0.011943,36
2021-05-01,FCI_TIGHTENING,Bond,0.5648339,0.011058,36
2021-06-01,FCI_TIGHTENING,Bond,0.54986998,0.010689,36
2021-07-01,FCI_TIGHTENING,Bond,0.57989074,0.011833,36
2021-08-01,FCI_TIGHTENING,Bond,0.62410824,0.013812,36
2021-09-01,FCI_TIGHTENING,Bond,0.64008649,0.014298,36
2021-10-01,FCI_TIGHTENING,Bond,0.60891409,0.010391,36
2021-11-01,FCI_TIGHTENING,Bond,0.54485445,0.008556,36
2021-12-01,FCI_TIGHTENING,Bond,0.44282237,0.005813,36
2022-01-01,FCI_TIGHTENING,Bond,0.47282547,0.005725,36
2022-02-01,FCI_TIGHTENING,Bond,0.36236352,0.003204,36
2022-03-01,FCI_TIGHTENING,Bond,0.33117428,0.002703,36
2022-04-01,FCI_TIGHTENING,Bond,0.25197615,0.001282,36
2022-05-01,FCI_TIGHTENING,Bond,0.23014797,0.00109,36
2022-06-01,FCI_TIGHTENING,Bond,-0.02742937,1.5e-05,36
2022-07-01,FCI_TIGHTENING,Bond,0.01327838,3e-06,36
2022-08-01,FCI_TIGHTENING,Bond,-0.08093099,0.000125,36
2022-09-01,FCI_TIGHTENING,Bond,-0.40472992,0.002489,36
2022-10-01,FCI_TIGHTENING,Bond,-0.52328062,0.003926,36
2022-11-01,FCI_TIGHTENING,Bond,-0.87841381,0.00954,36
2022-12-01,FCI_TIGHTENING,Bond,-1.09477676,0.013075,36
2023-01-01,FCI_TIGHTENING,Bond,-1.23742229,0.016423,36
2023-02-01,FCI_TIGHTENING,Bond,-1.48708756,0.023445,36
2023-03-01,FCI_TIGHTENING,Bond,-3.83923001,0.079617,36
2023-04-01,FCI_TIGHTENING,Bond,-4.24077003,0.085431,36
2023-05-01,FCI_TIGHTENING,Bond,-5.7264481,0.083962,36
2023-06-01,FCI_TIGHTENING,Bond,-8.59438484,0.113336,36
2023-07-01,FCI_TIGHTENING,Bond,-8.76692853,0.109759,36
2023-08-01,FCI_TIGHTENING,Bond,-8.13217123,0.093723,36
2023-09-01,FCI_TIGHTENING,Bond,-8.11787704,0.094085,36
2023-10-01,FCI_TIGHTENING,Bond,-8.5748957,0.102926,36
2023-11-01,FCI_TIGHTENING,Bond,-9.78200088,0.114044,36
2023-12-01,FCI_TIGHTENING,Bond,-12.05837711,0.14833,36
2024-01-01,FCI_TIGHTENING,Bond,-12.33021364,0.15636,36
2024-02-01,FCI_TIGHTENING,Bond,-12.21001497,0.155685,36
2024-03-01,FCI_TIGHTENING,Bond,-12.61542794,0.168404,36
2024-04-01,FCI_TIGHTENING,Bond,-12.84848177,0.170594,36
2024-05-01,FCI_TIGHTENING,Bond,-13.12061474,0.175844,36
2024-06-01,FCI_TIGHTENING,Bond,-12.86035614,0.165138,36
2024-07-01,FCI_TIGHTENING,Bond,-12.78555209,0.16181,36
2024-08-01,FCI_TIGHTENING,Bond,-13.05261384,0.166163,36
2024-09-01,FCI_TIGHTENING,Bond,-12.80437377,0.166608,36
2024-10-01,FCI_TIGHTENING,Bond,-12.52734615,0.169363,36
2024-11-01,FCI_TIGHTENING,Bond,-13.3627579,0.186039,36
2024-12-01,FCI_TIGHTENING,Bond,-14.17487358,0.204787,36
2025-01-01,FCI_TIGHTENING,Bond,-14.33451455,0.219791,36
2025-02-01,FCI_TIGHTENING,Bond,-14.15936216,0.204098,36
2025-03-01,FCI_TIGHTENING,Bond,-14.22799502,0.192683,36
2025-04-01,FCI_TIGHTENING,Bond,-12.21136625,0.159809,36
2025-05-01,FCI_TIGHTENING,Bond,-11.80991308,0.14357,36
2025-06-01,FCI_TIGHTENING,Bond,-9.06902351,0.08061,36
2025-07-01,FCI_TIGHTENING,Bond,-9.8050932,0.100089,36
2025-08-01,FCI_TIGHTENING,Bond,-10.17749875,0.105442,36
2025-09-01,FCI_TIGHTENING,Bond,-5.49271693,0.034085,36
2025-10-01,FCI_TIGHTENING,Bond,-3.34684822,0.013507,36
2025-11-01,FCI_TIGHTENING,Bond,-2.46304566,0.007038,36
2025-12-01,FCI_TIGHTENING,Bond,-1.12098159,0.001612,36
2026-01-01,FCI_TIGHTENING,Bond,0.63374299,0.000472,36
2026-02-01,FCI_TIGHTENING,Bond,-0.04048997,2e-06,36
2026-03-01,FCI_TIGHTENING,Bond,-1.57319011,0.002285,36
2026-04-01,FCI_TIGHTENING,Bond,-2.13662071,0.004243,36
2026-05-01,FCI_TIGHTENING,Bond,-1.41116781,0.00167,36
2026-06-01,FCI_TIGHTENING,Bond,-1.657581,0.002373,36
2026-07-01,FCI_TIGHTENING,Bond,-1.99310795,0.003343,35
2013-12-01,FCI_TIGHTENING,Gold,14.81240696,0.075729,35
2014-01-01,FCI_TIGHTENING,Gold,14.52696,0.070687,36
2014-02-01,FCI_TIGHTENING,Gold,14.44878757,0.06982,36
2014-03-01,FCI_TIGHTENING,Gold,14.32172467,0.065551,36
2014-04-01,FCI_TIGHTENING,Gold,15.12894808,0.07398,36
2014-05-01,FCI_TIGHTENING,Gold,14.98705819,0.073873,36
2014-06-01,FCI_TIGHTENING,Gold,14.56804163,0.067818,36
2014-07-01,FCI_TIGHTENING,Gold,15.67744009,0.072128,36
2014-08-01,FCI_TIGHTENING,Gold,15.72204724,0.049796,36
2014-09-01,FCI_TIGHTENING,Gold,-5.5578119,0.005859,36
2014-10-01,FCI_TIGHTENING,Gold,-7.79088075,0.011861,36
2014-11-01,FCI_TIGHTENING,Gold,-7.86064812,0.01229,36
2014-12-01,FCI_TIGHTENING,Gold,-4.75835581,0.004799,36
2015-01-01,FCI_TIGHTENING,Gold,-11.72000849,0.026279,36
2015-02-01,FCI_TIGHTENING,Gold,-10.27074142,0.015901,36
2015-03-01,FCI_TIGHTENING,Gold,-5.92290148,0.005397,36
2015-04-01,FCI_TIGHTENING,Gold,-4.79118608,0.003547,36
2015-05-01,FCI_TIGHTENING,Gold,-4.65727357,0.002787,36
2015-06-01,FCI_TIGHTENING,Gold,-1.36599336,0.000228,36
2015-07-01,FCI_TIGHTENING,Gold,0.55441049,3.4e-05,36
2015-08-01,FCI_TIGHTENING,Gold,-8.42249224,0.006832,36
2015-09-01,FCI_TIGHTENING,Gold,2.95800498,0.000734,36
2015-10-01,FCI_TIGHTENING,Gold,9.96592079,0.009692,36
2015-11-01,FCI_TIGHTENING,Gold,10.88390284,0.011627,36
2015-12-01,FCI_TIGHTENING,Gold,4.98229411,0.002533,36
2016-01-01,FCI_TIGHTENING,Gold,9.93739373,0.010061,36
2016-02-01,FCI_TIGHTENING,Gold,10.97631509,0.011284,36
2016-03-01,FCI_TIGHTENING,Gold,-3.63446699,0.00108,36
2016-04-01,FCI_TIGHTENING,Gold,-4.36142554,0.00156,36
2016-05-01,FCI_TIGHTENING,Gold,-9.21139518,0.006959,36
2016-06-01,FCI_TIGHTENING,Gold,-5.58060435,0.00239,36
2016-07-01,FCI_TIGHTENING,Gold,-6.5252588,0.002747,36
2016-08-01,FCI_TIGHTENING,Gold,-9.92880028,0.006391,36
2016-09-01,FCI_TIGHTENING,Gold,-9.33585693,0.005838,36
2016-10-01,FCI_TIGHTENING,Gold,-5.98611118,0.002243,36
2016-11-01,FCI_TIGHTENING,Gold,-11.63991673,0.008533,36
2016-12-01,FCI_TIGHTENING,Gold,-1.28996729,9.7e-05,36
2017-01-01,FCI_TIGHTENING,Gold,-1.32884913,0.000108,36
2017-02-01,FCI_TIGHTENING,Gold,-2.38131076,0.000345,36
2017-03-01,FCI_TIGHTENING,Gold,-0.70244156,3e-05,36
2017-04-01,FCI_TIGHTENING,Gold,-1.11750403,7.8e-05,36
2017-05-01,FCI_TIGHTENING,Gold,-1.38481274,0.000126,36
2017-06-01,FCI_TIGHTENING,Gold,-5.02618701,0.00173,36
2017-07-01,FCI_TIGHTENING,Gold,-6.74139433,0.003151,36
2017-08-01,FCI_TIGHTENING,Gold,-5.59516751,0.002105,36
2017-09-01,FCI_TIGHTENING,Gold,-4.0815908,0.001064,36
2017-10-01,FCI_TIGHTENING,Gold,4.61535627,0.001293,36
2017-11-01,FCI_TIGHTENING,Gold,3.48845467,0.000768,36
2017-12-01,FCI_TIGHTENING,Gold,0.02180431,0.0,36
2018-01-01,FCI_TIGHTENING,Gold,-2.48363761,0.000305,36
2018-02-01,FCI_TIGHTENING,Gold,-2.8600612,0.000439,36
2018-03-01,FCI_TIGHTENING,Gold,-5.10227333,0.001575,36
2018-04-01,FCI_TIGHTENING,Gold,-5.09031433,0.001569,36
2018-05-01,FCI_TIGHTENING,Gold,-2.87725278,0.000522,36
2018-06-01,FCI_TIGHTENING,Gold,-3.19248262,0.000643,36
2018-07-01,FCI_TIGHTENING,Gold,-2.22079174,0.000303,36
2018-08-01,FCI_TIGHTENING,Gold,14.88377641,0.012975,36
2018-09-01,FCI_TIGHTENING,Gold,10.93732213,0.00658,36
2018-10-01,FCI_TIGHTENING,Gold,12.02814522,0.007908,36
2018-11-01,FCI_TIGHTENING,Gold,12.89031796,0.010516,36
2018-12-01,FCI_TIGHTENING,Gold,22.60514791,0.033995,36
2019-01-01,FCI_TIGHTENING,Gold,17.33144581,0.017588,36
2019-02-01,FCI_TIGHTENING,Gold,8.85297681,0.005485,36
2019-03-01,FCI_TIGHTENING,Gold,20.46826352,0.033597,36
2019-04-01,FCI_TIGHTENING,Gold,19.88993702,0.031465,36
2019-05-01,FCI_TIGHTENING,Gold,18.09797262,0.027356,36
2019-06-01,FCI_TIGHTENING,Gold,24.71141255,0.05284,36
2019-07-01,FCI_TIGHTENING,Gold,21.33750943,0.050186,36
2019-08-01,FCI_TIGHTENING,Gold,26.08691502,0.070549,36
2019-09-01,FCI_TIGHTENING,Gold,28.94060064,0.08736,36
2019-10-01,FCI_TIGHTENING,Gold,27.67097036,0.083969,36
2019-11-01,FCI_TIGHTENING,Gold,30.04300047,0.097051,36
2019-12-01,FCI_TIGHTENING,Gold,20.04459203,0.057319,36
2020-01-01,FCI_TIGHTENING,Gold,15.33360813,0.033649,36
2020-02-01,FCI_TIGHTENING,Gold,14.59954176,0.04546,36
2020-03-01,FCI_TIGHTENING,Gold,8.51423556,0.087097,36
2020-04-01,FCI_TIGHTENING,Gold,6.99307857,0.060618,36
2020-05-01,FCI_TIGHTENING,Gold,1.28684708,0.002638,36
2020-06-01,FCI_TIGHTENING,Gold,1.39705842,0.003504,36
2020-07-01,FCI_TIGHTENING,Gold,0.79832012,0.001254,36
2020-08-01,FCI_TIGHTENING,Gold,-0.60552932,0.000482,36
2020-09-01,FCI_TIGHTENING,Gold,-0.62900626,0.000523,36
2020-10-01,FCI_TIGHTENING,Gold,-0.94072841,0.00125,36
2020-11-01,FCI_TIGHTENING,Gold,-0.91006777,0.001176,36
2020-12-01,FCI_TIGHTENING,Gold,-0.39913917,0.000208,36
2021-01-01,FCI_TIGHTENING,Gold,-0.54682167,0.000381,36
2021-02-01,FCI_TIGHTENING,Gold,-0.43183812,0.00022,36
2021-03-01,FCI_TIGHTENING,Gold,-0.20829469,4.6e-05,36
2021-04-01,FCI_TIGHTENING,Gold,-0.24265562,6.3e-05,36
2021-05-01,FCI_TIGHTENING,Gold,-0.49972826,0.000267,36
2021-06-01,FCI_TIGHTENING,Gold,-0.42881225,0.000193,36
2021-07-01,FCI_TIGHTENING,Gold,-0.67777852,0.000473,36
2021-08-01,FCI_TIGHTENING,Gold,-0.95545635,0.000962,36
2021-09-01,FCI_TIGHTENING,Gold,-1.00076449,0.001071,36
2021-10-01,FCI_TIGHTENING,Gold,-1.02854251,0.001098,36
2021-11-01,FCI_TIGHTENING,Gold,-1.10181675,0.00126,36
2021-12-01,FCI_TIGHTENING,Gold,-1.18927266,0.001453,36
2022-01-01,FCI_TIGHTENING,Gold,-1.03794193,0.001115,36
2022-02-01,FCI_TIGHTENING,Gold,-0.97010884,0.000972,36
2022-03-01,FCI_TIGHTENING,Gold,-0.28285036,8e-05,36
2022-04-01,FCI_TIGHTENING,Gold,-0.35960901,0.000129,36
2022-05-01,FCI_TIGHTENING,Gold,-0.76102593,0.000569,36
2022-06-01,FCI_TIGHTENING,Gold,-1.12776987,0.001267,36
2022-07-01,FCI_TIGHTENING,Gold,-1.05691103,0.001075,36
2022-08-01,FCI_TIGHTENING,Gold,-1.28069841,0.00167,36
2022-09-01,FCI_TIGHTENING,Gold,-1.8634662,0.003507,36
2022-10-01,FCI_TIGHTENING,Gold,-2.05255532,0.004308,36
2022-11-01,FCI_TIGHTENING,Gold,-1.73933075,0.003047,36
2022-12-01,FCI_TIGHTENING,Gold,-2.31078342,0.004929,36
2023-01-01,FCI_TIGHTENING,Gold,-2.40651972,0.005406,36
2023-02-01,FCI_TIGHTENING,Gold,-3.00308683,0.008115,36
2023-03-01,FCI_TIGHTENING,Gold,-15.47661391,0.108376,36
2023-04-01,FCI_TIGHTENING,Gold,-14.82796404,0.080599,36
2023-05-01,FCI_TIGHTENING,Gold,-15.12579056,0.046203,36
2023-06-01,FCI_TIGHTENING,Gold,-24.26730239,0.071224,36
2023-07-01,FCI_TIGHTENING,Gold,-21.2466623,0.050809,36
2023-08-01,FCI_TIGHTENING,Gold,-11.29076288,0.019183,36
2023-09-01,FCI_TIGHTENING,Gold,-11.09965567,0.018891,36
2023-10-01,FCI_TIGHTENING,Gold,-13.04709379,0.025493,36
2023-11-01,FCI_TIGHTENING,Gold,-15.33996562,0.029772,36
2023-12-01,FCI_TIGHTENING,Gold,-20.25553572,0.054029,36
2024-01-01,FCI_TIGHTENING,Gold,-18.46695109,0.047911,36
2024-02-01,FCI_TIGHTENING,Gold,-18.64030907,0.051768,36
2024-03-01,FCI_TIGHTENING,Gold,-21.91074232,0.074067,36
2024-04-01,FCI_TIGHTENING,Gold,-21.17429314,0.064225,36
2024-05-01,FCI_TIGHTENING,Gold,-20.30963541,0.059443,36
2024-06-01,FCI_TIGHTENING,Gold,-19.71847542,0.057695,36
2024-07-01,FCI_TIGHTENING,Gold,-18.77785717,0.055086,36
2024-08-01,FCI_TIGHTENING,Gold,-18.95319723,0.055802,36
2024-09-01,FCI_TIGHTENING,Gold,-20.20329608,0.064444,36
2024-10-01,FCI_TIGHTENING,Gold,-21.60562794,0.073039,36
2024-11-01,FCI_TIGHTENING,Gold,-23.01880971,0.08009,36
2024-12-01,FCI_TIGHTENING,Gold,-21.83079377,0.070153,36
2025-01-01,FCI_TIGHTENING,Gold,-21.6230944,0.069057,36
2025-02-01,FCI_TIGHTENING,Gold,-21.40972374,0.055579,36
2025-03-01,FCI_TIGHTENING,Gold,-28.61729064,0.096458,36
2025-04-01,FCI_TIGHTENING,Gold,-22.66065227,0.056834,36
2025-05-01,FCI_TIGHTENING,Gold,-20.55726852,0.045915,36
2025-06-01,FCI_TIGHTENING,Gold,-17.44357316,0.030003,36
2025-07-01,FCI_TIGHTENING,Gold,-13.77028433,0.019816,36
2025-08-01,FCI_TIGHTENING,Gold,-14.75497879,0.022269,36
2025-09-01,FCI_TIGHTENING,Gold,-6.35807202,0.003632,36
2025-10-01,FCI_TIGHTENING,Gold,0.20884686,3e-06,36
2025-11-01,FCI_TIGHTENING,Gold,-5.48663862,0.00231,36
2025-12-01,FCI_TIGHTENING,Gold,-2.37729695,0.00045,36
2026-01-01,FCI_TIGHTENING,Gold,-4.98861515,0.001723,36
2026-02-01,FCI_TIGHTENING,Gold,-2.44156298,0.00042,36
2026-03-01,FCI_TIGHTENING,Gold,13.42058147,0.010524,36
2026-04-01,FCI_TIGHTENING,Gold,9.35064703,0.005176,36
2026-05-01,FCI_TIGHTENING,Gold,9.40052564,0.005137,36
2026-06-01,FCI_TIGHTENING,Gold,7.1429833,0.002842,36
2026-07-01,FCI_TIGHTENING,Gold,10.29269716,0.004637,36
2013-12-01,US_ISM_MFG,Domestic_Equity,-0.65598944,0.00566,35
2014-01-01,US_ISM_MFG,Domestic_Equity,-0.23852624,0.000913,36
2014-02-01,US_ISM_MFG,Domestic_Equity,-0.23898241,0.001021,36
2014-03-01,US_ISM_MFG,Domestic_Equity,-0.12344237,0.000281,36
2014-04-01,US_ISM_MFG,Domestic_Equity,0.51268977,0.005199,36
2014-05-01,US_ISM_MFG,Domestic_Equity,0.49022469,0.004757,36
2014-06-01,US_ISM_MFG,Domestic_Equity,0.49196044,0.004862,36
2014-07-01,US_ISM_MFG,Domestic_Equity,0.36079373,0.002663,36
2014-08-01,US_ISM_MFG,Domestic_Equity,0.75017492,0.021752,36
2014-09-01,US_ISM_MFG,Domestic_Equity,0.82644192,0.028586,36
2014-10-01,US_ISM_MFG,Domestic_Equity,0.89932471,0.029722,36
2014-11-01,US_ISM_MFG,Domestic_Equity,0.98347715,0.036931,36
2014-12-01,US_ISM_MFG,Domestic_Equity,1.05015479,0.040991,36
2015-01-01,US_ISM_MFG,Domestic_Equity,0.99506459,0.036272,36
2015-02-01,US_ISM_MFG,Domestic_Equity,0.49977438,0.011071,36
2015-03-01,US_ISM_MFG,Domestic_Equity,0.67110723,0.018785,36
2015-04-01,US_ISM_MFG,Domestic_Equity,0.73367679,0.019953,36
2015-05-01,US_ISM_MFG,Domestic_Equity,0.5183832,0.011527,36
2015-06-01,US_ISM_MFG,Domestic_Equity,0.76502521,0.025172,36
2015-07-01,US_ISM_MFG,Domestic_Equity,0.64112361,0.018745,36
2015-08-01,US_ISM_MFG,Domestic_Equity,0.97198937,0.042708,36
2015-09-01,US_ISM_MFG,Domestic_Equity,1.05900174,0.051824,36
2015-10-01,US_ISM_MFG,Domestic_Equity,0.93617751,0.037347,36
2015-11-01,US_ISM_MFG,Domestic_Equity,1.13314535,0.054846,36
2015-12-01,US_ISM_MFG,Domestic_Equity,0.94422067,0.038305,36
2016-01-01,US_ISM_MFG,Domestic_Equity,0.75785491,0.023389,36
2016-02-01,US_ISM_MFG,Domestic_Equity,0.76708729,0.023734,36
2016-03-01,US_ISM_MFG,Domestic_Equity,0.75039547,0.021273,36
2016-04-01,US_ISM_MFG,Domestic_Equity,0.63810253,0.015682,36
2016-05-01,US_ISM_MFG,Domestic_Equity,0.59937385,0.013793,36
2016-06-01,US_ISM_MFG,Domestic_Equity,0.76297666,0.024666,36
2016-07-01,US_ISM_MFG,Domestic_Equity,0.71954252,0.019836,36
2016-08-01,US_ISM_MFG,Domestic_Equity,0.52923565,0.009945,36
2016-09-01,US_ISM_MFG,Domestic_Equity,0.49851842,0.009956,36
2016-10-01,US_ISM_MFG,Domestic_Equity,0.43140815,0.007571,36
2016-11-01,US_ISM_MFG,Domestic_Equity,0.47264729,0.008757,36
2016-12-01,US_ISM_MFG,Domestic_Equity,0.45354891,0.007888,36
2017-01-01,US_ISM_MFG,Domestic_Equity,0.19307673,0.001197,36
2017-02-01,US_ISM_MFG,Domestic_Equity,0.37175529,0.00378,36
2017-03-01,US_ISM_MFG,Domestic_Equity,0.15537796,0.000544,36
2017-04-01,US_ISM_MFG,Domestic_Equity,0.31646973,0.003165,36
2017-05-01,US_ISM_MFG,Domestic_Equity,0.17191081,0.000782,36
2017-06-01,US_ISM_MFG,Domestic_Equity,0.22292649,0.001232,36
2017-07-01,US_ISM_MFG,Domestic_Equity,0.0716996,0.000124,36
2017-08-01,US_ISM_MFG,Domestic_Equity,0.28940476,0.001887,36
2017-09-01,US_ISM_MFG,Domestic_Equity,0.30282014,0.00208,36
2017-10-01,US_ISM_MFG,Domestic_Equity,0.73118352,0.016381,36
2017-11-01,US_ISM_MFG,Domestic_Equity,0.82957514,0.018855,36
2017-12-01,US_ISM_MFG,Domestic_Equity,0.91580646,0.02217,36
2018-01-01,US_ISM_MFG,Domestic_Equity,0.69294869,0.012225,36
2018-02-01,US_ISM_MFG,Domestic_Equity,0.25243246,0.001577,36
2018-03-01,US_ISM_MFG,Domestic_Equity,0.14915665,0.000553,36
2018-04-01,US_ISM_MFG,Domestic_Equity,0.14567028,0.000624,36
2018-05-01,US_ISM_MFG,Domestic_Equity,0.15842602,0.000823,36
2018-06-01,US_ISM_MFG,Domestic_Equity,-0.32152802,0.003529,36
2018-07-01,US_ISM_MFG,Domestic_Equity,-0.29090715,0.002378,36
2018-08-01,US_ISM_MFG,Domestic_Equity,-0.58947195,0.011044,36
2018-09-01,US_ISM_MFG,Domestic_Equity,-0.65162919,0.013383,36
2018-10-01,US_ISM_MFG,Domestic_Equity,-0.078519,0.000172,36
2018-11-01,US_ISM_MFG,Domestic_Equity,0.06053629,9.6e-05,36
2018-12-01,US_ISM_MFG,Domestic_Equity,-0.07265638,0.00014,36
2019-01-01,US_ISM_MFG,Domestic_Equity,-0.01595475,8e-06,36
2019-02-01,US_ISM_MFG,Domestic_Equity,-0.41630498,0.005063,36
2019-03-01,US_ISM_MFG,Domestic_Equity,-0.29906359,0.00269,36
2019-04-01,US_ISM_MFG,Domestic_Equity,-0.43131825,0.005828,36
2019-05-01,US_ISM_MFG,Domestic_Equity,-0.44456413,0.005585,36
2019-06-01,US_ISM_MFG,Domestic_Equity,-0.44456004,0.005638,36
2019-07-01,US_ISM_MFG,Domestic_Equity,-0.31339537,0.00297,36
2019-08-01,US_ISM_MFG,Domestic_Equity,-0.71393978,0.013901,36
2019-09-01,US_ISM_MFG,Domestic_Equity,-1.12132217,0.033856,36
2019-10-01,US_ISM_MFG,Domestic_Equity,-1.11421788,0.035582,36
2019-11-01,US_ISM_MFG,Domestic_Equity,-0.82265153,0.020756,36
2019-12-01,US_ISM_MFG,Domestic_Equity,-0.82150002,0.020855,36
2020-01-01,US_ISM_MFG,Domestic_Equity,-0.91887081,0.026125,36
2020-02-01,US_ISM_MFG,Domestic_Equity,-0.95341693,0.027982,36
2020-03-01,US_ISM_MFG,Domestic_Equity,2.21704827,0.231078,36
2020-04-01,US_ISM_MFG,Domestic_Equity,0.01211585,5.6e-05,36
2020-05-01,US_ISM_MFG,Domestic_Equity,0.11188418,0.005264,36
2020-06-01,US_ISM_MFG,Domestic_Equity,0.30247319,0.043284,36
2020-07-01,US_ISM_MFG,Domestic_Equity,0.32359868,0.051285,36
2020-08-01,US_ISM_MFG,Domestic_Equity,0.3517625,0.05724,36
2020-09-01,US_ISM_MFG,Domestic_Equity,0.35190346,0.057256,36
2020-10-01,US_ISM_MFG,Domestic_Equity,0.33863,0.053877,36
2020-11-01,US_ISM_MFG,Domestic_Equity,0.34778823,0.054782,36
2020-12-01,US_ISM_MFG,Domestic_Equity,0.36928186,0.055445,36
2021-01-01,US_ISM_MFG,Domestic_Equity,0.3995382,0.057628,36
2021-02-01,US_ISM_MFG,Domestic_Equity,0.39625147,0.060048,36
2021-03-01,US_ISM_MFG,Domestic_Equity,0.36268962,0.051308,36
2021-04-01,US_ISM_MFG,Domestic_Equity,0.36696079,0.051783,36
2021-05-01,US_ISM_MFG,Domestic_Equity,0.36287478,0.050725,36
2021-06-01,US_ISM_MFG,Domestic_Equity,0.37034983,0.053196,36
2021-07-01,US_ISM_MFG,Domestic_Equity,0.36809752,0.054485,36
2021-08-01,US_ISM_MFG,Domestic_Equity,0.37335512,0.055532,36
2021-09-01,US_ISM_MFG,Domestic_Equity,0.37882173,0.057061,36
2021-10-01,US_ISM_MFG,Domestic_Equity,0.34917357,0.049762,36
2021-11-01,US_ISM_MFG,Domestic_Equity,0.34303386,0.049063,36
2021-12-01,US_ISM_MFG,Domestic_Equity,0.34502033,0.049795,36
2022-01-01,US_ISM_MFG,Domestic_Equity,0.35880479,0.05221,36
2022-02-01,US_ISM_MFG,Domestic_Equity,0.35672404,0.050917,36
2022-03-01,US_ISM_MFG,Domestic_Equity,0.35304898,0.050164,36
2022-04-01,US_ISM_MFG,Domestic_Equity,0.35617103,0.051107,36
2022-05-01,US_ISM_MFG,Domestic_Equity,0.35950838,0.05339,36
2022-06-01,US_ISM_MFG,Domestic_Equity,0.3681691,0.054058,36
2022-07-01,US_ISM_MFG,Domestic_Equity,0.36453742,0.051335,36
2022-08-01,US_ISM_MFG,Domestic_Equity,0.37613396,0.056386,36
2022-09-01,US_ISM_MFG,Domestic_Equity,0.38696473,0.058356,36
2022-10-01,US_ISM_MFG,Domestic_Equity,0.38593801,0.056433,36
2022-11-01,US_ISM_MFG,Domestic_Equity,0.36302812,0.047268,36
2022-12-01,US_ISM_MFG,Domestic_Equity,0.3734323,0.05,36
2023-01-01,US_ISM_MFG,Domestic_Equity,0.3727499,0.050412,36
2023-02-01,US_ISM_MFG,Domestic_Equity,0.37414212,0.05055,36
2023-03-01,US_ISM_MFG,Domestic_Equity,0.17651963,0.015211,36
2023-04-01,US_ISM_MFG,Domestic_Equity,0.86235646,0.125458,36
2023-05-01,US_ISM_MFG,Domestic_Equity,0.81426406,0.102041,36
2023-06-01,US_ISM_MFG,Domestic_Equity,0.51342576,0.023046,36
2023-07-01,US_ISM_MFG,Domestic_Equity,0.47527755,0.015867,36
2023-08-01,US_ISM_MFG,Domestic_Equity,0.30771806,0.006826,36
2023-09-01,US_ISM_MFG,Domestic_Equity,0.31002809,0.006911,36
2023-10-01,US_ISM_MFG,Domestic_Equity,0.40186078,0.01095,36
2023-11-01,US_ISM_MFG,Domestic_Equity,0.35715373,0.009068,36
2023-12-01,US_ISM_MFG,Domestic_Equity,0.18446769,0.002775,36
2024-01-01,US_ISM_MFG,Domestic_Equity,-0.03387642,0.000128,36
2024-02-01,US_ISM_MFG,Domestic_Equity,0.2545007,0.004543,36
2024-03-01,US_ISM_MFG,Domestic_Equity,0.61584182,0.018243,36
2024-04-01,US_ISM_MFG,Domestic_Equity,0.57244207,0.01678,36
2024-05-01,US_ISM_MFG,Domestic_Equity,0.6159838,0.018519,36
2024-06-01,US_ISM_MFG,Domestic_Equity,0.59582337,0.017662,36
2024-07-01,US_ISM_MFG,Domestic_Equity,0.49797488,0.011919,36
2024-08-01,US_ISM_MFG,Domestic_Equity,0.31130456,0.0044,36
2024-09-01,US_ISM_MFG,Domestic_Equity,0.32521282,0.004513,36
2024-10-01,US_ISM_MFG,Domestic_Equity,0.70734166,0.020268,36
2024-11-01,US_ISM_MFG,Domestic_Equity,0.67068161,0.017516,36
2024-12-01,US_ISM_MFG,Domestic_Equity,0.60062129,0.014191,36
2025-01-01,US_ISM_MFG,Domestic_Equity,0.35491075,0.004842,36
2025-02-01,US_ISM_MFG,Domestic_Equity,0.7139684,0.021641,36
2025-03-01,US_ISM_MFG,Domestic_Equity,0.74176802,0.023378,36
2025-04-01,US_ISM_MFG,Domestic_Equity,0.74600637,0.022725,36
2025-05-01,US_ISM_MFG,Domestic_Equity,0.67830564,0.017598,36
2025-06-01,US_ISM_MFG,Domestic_Equity,0.76163033,0.017776,36
2025-07-01,US_ISM_MFG,Domestic_Equity,0.9857891,0.02922,36
2025-08-01,US_ISM_MFG,Domestic_Equity,0.99125656,0.030428,36
2025-09-01,US_ISM_MFG,Domestic_Equity,0.9764437,0.030919,36
2025-10-01,US_ISM_MFG,Domestic_Equity,0.55309594,0.009047,36
2025-11-01,US_ISM_MFG,Domestic_Equity,0.85417396,0.021572,36
2025-12-01,US_ISM_MFG,Domestic_Equity,0.5409911,0.00739,36
2026-01-01,US_ISM_MFG,Domestic_Equity,0.98456952,0.014306,36
2026-02-01,US_ISM_MFG,Domestic_Equity,1.70646679,0.035865,36
2026-03-01,US_ISM_MFG,Domestic_Equity,1.47788102,0.026367,36
2026-04-01,US_ISM_MFG,Domestic_Equity,1.75715822,0.034742,36
2026-05-01,US_ISM_MFG,Domestic_Equity,1.74507155,0.022938,36
2026-06-01,US_ISM_MFG,Domestic_Equity,1.99366762,0.027663,36
2026-07-01,US_ISM_MFG,Domestic_Equity,2.12925448,0.031515,35
2013-12-01,US_ISM_MFG,Foreign_Equity,-1.07457583,0.021077,35
2014-01-01,US_ISM_MFG,Foreign_Equity,-0.91091512,0.018613,36
2014-02-01,US_ISM_MFG,Foreign_Equity,-0.99245759,0.024345,36
2014-03-01,US_ISM_MFG,Foreign_Equity,-0.70803389,0.01281,36
2014-04-01,US_ISM_MFG,Foreign_Equity,-0.60489698,0.008897,36
2014-05-01,US_ISM_MFG,Foreign_Equity,-0.62802216,0.00961,36
2014-06-01,US_ISM_MFG,Foreign_Equity,-0.60334288,0.009372,36
2014-07-01,US_ISM_MFG,Foreign_Equity,-0.68848735,0.012158,36
2014-08-01,US_ISM_MFG,Foreign_Equity,0.07600366,0.000299,36
2014-09-01,US_ISM_MFG,Foreign_Equity,0.14343257,0.001205,36
2014-10-01,US_ISM_MFG,Foreign_Equity,0.23318453,0.002628,36
2014-11-01,US_ISM_MFG,Foreign_Equity,0.43962657,0.009051,36
2014-12-01,US_ISM_MFG,Foreign_Equity,0.53158345,0.012682,36
2015-01-01,US_ISM_MFG,Foreign_Equity,0.41399821,0.007739,36
2015-02-01,US_ISM_MFG,Foreign_Equity,0.06484385,0.000214,36
2015-03-01,US_ISM_MFG,Foreign_Equity,0.04395221,9.4e-05,36
2015-04-01,US_ISM_MFG,Foreign_Equity,0.17860145,0.00156,36
2015-05-01,US_ISM_MFG,Foreign_Equity,-0.02231601,2.9e-05,36
2015-06-01,US_ISM_MFG,Foreign_Equity,0.21405831,0.002751,36
2015-07-01,US_ISM_MFG,Foreign_Equity,0.05789081,0.000208,36
2015-08-01,US_ISM_MFG,Foreign_Equity,0.27120427,0.004293,36
2015-09-01,US_ISM_MFG,Foreign_Equity,0.55643378,0.014933,36
2015-10-01,US_ISM_MFG,Foreign_Equity,0.46842033,0.010053,36
2015-11-01,US_ISM_MFG,Foreign_Equity,0.62810593,0.018337,36
2015-12-01,US_ISM_MFG,Foreign_Equity,0.56121745,0.013795,36
2016-01-01,US_ISM_MFG,Foreign_Equity,0.30331786,0.003471,36
2016-02-01,US_ISM_MFG,Foreign_Equity,0.28024639,0.002942,36
2016-03-01,US_ISM_MFG,Foreign_Equity,0.25193039,0.002006,36
2016-04-01,US_ISM_MFG,Foreign_Equity,0.22758701,0.001584,36
2016-05-01,US_ISM_MFG,Foreign_Equity,0.11680083,0.000434,36
2016-06-01,US_ISM_MFG,Foreign_Equity,0.22434261,0.00165,36
2016-07-01,US_ISM_MFG,Foreign_Equity,0.53022982,0.008358,36
2016-08-01,US_ISM_MFG,Foreign_Equity,0.51214598,0.007247,36
2016-09-01,US_ISM_MFG,Foreign_Equity,0.46918705,0.006108,36
2016-10-01,US_ISM_MFG,Foreign_Equity,0.37902111,0.003988,36
2016-11-01,US_ISM_MFG,Foreign_Equity,0.36686443,0.003834,36
2016-12-01,US_ISM_MFG,Foreign_Equity,0.38757853,0.004018,36
2017-01-01,US_ISM_MFG,Foreign_Equity,0.612624,0.008361,36
2017-02-01,US_ISM_MFG,Foreign_Equity,0.86442752,0.014086,36
2017-03-01,US_ISM_MFG,Foreign_Equity,0.55005237,0.004896,36
2017-04-01,US_ISM_MFG,Foreign_Equity,0.21997969,0.001084,36
2017-05-01,US_ISM_MFG,Foreign_Equity,0.14925496,0.000496,36
2017-06-01,US_ISM_MFG,Foreign_Equity,0.02750977,1.7e-05,36
2017-07-01,US_ISM_MFG,Foreign_Equity,-0.07830055,0.000132,36
2017-08-01,US_ISM_MFG,Foreign_Equity,-0.24077557,0.001191,36
2017-09-01,US_ISM_MFG,Foreign_Equity,-0.22650106,0.001046,36
2017-10-01,US_ISM_MFG,Foreign_Equity,0.12707325,0.000436,36
2017-11-01,US_ISM_MFG,Foreign_Equity,-0.34851847,0.003221,36
2017-12-01,US_ISM_MFG,Foreign_Equity,-0.48289918,0.006116,36
2018-01-01,US_ISM_MFG,Foreign_Equity,-0.90687994,0.019644,36
2018-02-01,US_ISM_MFG,Foreign_Equity,-1.26036542,0.036884,36
2018-03-01,US_ISM_MFG,Foreign_Equity,-1.20496964,0.032988,36
2018-04-01,US_ISM_MFG,Foreign_Equity,-1.21072363,0.036392,36
2018-05-01,US_ISM_MFG,Foreign_Equity,-1.13338333,0.035562,36
2018-06-01,US_ISM_MFG,Foreign_Equity,-1.20023586,0.041957,36
2018-07-01,US_ISM_MFG,Foreign_Equity,-1.08870682,0.032607,36
2018-08-01,US_ISM_MFG,Foreign_Equity,-1.25783611,0.045247,36
2018-09-01,US_ISM_MFG,Foreign_Equity,-1.54832235,0.081435,36
2018-10-01,US_ISM_MFG,Foreign_Equity,-1.11723926,0.040672,36
2018-11-01,US_ISM_MFG,Foreign_Equity,-0.9977179,0.031673,36
2018-12-01,US_ISM_MFG,Foreign_Equity,-1.42037606,0.055233,36
2019-01-01,US_ISM_MFG,Foreign_Equity,-1.11911091,0.047657,36
2019-02-01,US_ISM_MFG,Foreign_Equity,-1.55395182,0.086364,36
2019-03-01,US_ISM_MFG,Foreign_Equity,-1.49302629,0.097177,36
2019-04-01,US_ISM_MFG,Foreign_Equity,-1.52181139,0.107609,36
2019-05-01,US_ISM_MFG,Foreign_Equity,-1.52743454,0.10443,36
2019-06-01,US_ISM_MFG,Foreign_Equity,-1.48504388,0.09936,36
2019-07-01,US_ISM_MFG,Foreign_Equity,-1.58074916,0.119129,36
2019-08-01,US_ISM_MFG,Foreign_Equity,-1.86454619,0.152017,36
2019-09-01,US_ISM_MFG,Foreign_Equity,-1.92255445,0.169749,36
2019-10-01,US_ISM_MFG,Foreign_Equity,-1.70902591,0.144626,36
2019-11-01,US_ISM_MFG,Foreign_Equity,-1.34361868,0.091551,36
2019-12-01,US_ISM_MFG,Foreign_Equity,-1.34205832,0.095476,36
2020-01-01,US_ISM_MFG,Foreign_Equity,-1.37828573,0.100842,36
2020-02-01,US_ISM_MFG,Foreign_Equity,-1.41222009,0.104521,36
2020-03-01,US_ISM_MFG,Foreign_Equity,2.72537847,0.325126,36
2020-04-01,US_ISM_MFG,Foreign_Equity,0.24862353,0.022356,36
2020-05-01,US_ISM_MFG,Foreign_Equity,0.29298952,0.033449,36
2020-06-01,US_ISM_MFG,Foreign_Equity,0.4006029,0.072856,36
2020-07-01,US_ISM_MFG,Foreign_Equity,0.40060055,0.075868,36
2020-08-01,US_ISM_MFG,Foreign_Equity,0.41722043,0.080689,36
2020-09-01,US_ISM_MFG,Foreign_Equity,0.41652476,0.080504,36
2020-10-01,US_ISM_MFG,Foreign_Equity,0.41326981,0.079578,36
2020-11-01,US_ISM_MFG,Foreign_Equity,0.42203855,0.080237,36
2020-12-01,US_ISM_MFG,Foreign_Equity,0.43308274,0.083069,36
2021-01-01,US_ISM_MFG,Foreign_Equity,0.4424938,0.087801,36
2021-02-01,US_ISM_MFG,Foreign_Equity,0.41380686,0.081569,36
2021-03-01,US_ISM_MFG,Foreign_Equity,0.41280956,0.083624,36
2021-04-01,US_ISM_MFG,Foreign_Equity,0.41841472,0.085062,36
2021-05-01,US_ISM_MFG,Foreign_Equity,0.42134723,0.08624,36
2021-06-01,US_ISM_MFG,Foreign_Equity,0.42316411,0.086893,36
2021-07-01,US_ISM_MFG,Foreign_Equity,0.41954548,0.085464,36
2021-08-01,US_ISM_MFG,Foreign_Equity,0.41839614,0.085077,36
2021-09-01,US_ISM_MFG,Foreign_Equity,0.42217856,0.086585,36
2021-10-01,US_ISM_MFG,Foreign_Equity,0.41706501,0.087444,36
2021-11-01,US_ISM_MFG,Foreign_Equity,0.41671836,0.088009,36
2021-12-01,US_ISM_MFG,Foreign_Equity,0.42417907,0.09621,36
2022-01-01,US_ISM_MFG,Foreign_Equity,0.42789698,0.098044,36
2022-02-01,US_ISM_MFG,Foreign_Equity,0.4302459,0.100773,36
2022-03-01,US_ISM_MFG,Foreign_Equity,0.42753874,0.098785,36
2022-04-01,US_ISM_MFG,Foreign_Equity,0.43074287,0.100455,36
2022-05-01,US_ISM_MFG,Foreign_Equity,0.43839781,0.099022,36
2022-06-01,US_ISM_MFG,Foreign_Equity,0.44310651,0.099352,36
2022-07-01,US_ISM_MFG,Foreign_Equity,0.44746442,0.101262,36
2022-08-01,US_ISM_MFG,Foreign_Equity,0.45515028,0.105108,36
2022-09-01,US_ISM_MFG,Foreign_Equity,0.46155613,0.102478,36
2022-10-01,US_ISM_MFG,Foreign_Equity,0.4593897,0.100487,36
2022-11-01,US_ISM_MFG,Foreign_Equity,0.43715364,0.086654,36
2022-12-01,US_ISM_MFG,Foreign_Equity,0.43215479,0.085589,36
2023-01-01,US_ISM_MFG,Foreign_Equity,0.43999187,0.08908,36
2023-02-01,US_ISM_MFG,Foreign_Equity,0.44117498,0.090031,36
2023-03-01,US_ISM_MFG,Foreign_Equity,0.20004499,0.040065,36
2023-04-01,US_ISM_MFG,Foreign_Equity,0.62241567,0.133524,36
2023-05-01,US_ISM_MFG,Foreign_Equity,0.62446548,0.118984,36
2023-06-01,US_ISM_MFG,Foreign_Equity,0.39090423,0.02698,36
2023-07-01,US_ISM_MFG,Foreign_Equity,0.43493023,0.026214,36
2023-08-01,US_ISM_MFG,Foreign_Equity,0.3391875,0.01604,36
2023-09-01,US_ISM_MFG,Foreign_Equity,0.33769298,0.015838,36
2023-10-01,US_ISM_MFG,Foreign_Equity,0.38384706,0.019017,36
2023-11-01,US_ISM_MFG,Foreign_Equity,0.35558213,0.01715,36
2023-12-01,US_ISM_MFG,Foreign_Equity,0.28063985,0.010354,36
2024-01-01,US_ISM_MFG,Foreign_Equity,0.17578448,0.004256,36
2024-02-01,US_ISM_MFG,Foreign_Equity,0.66436976,0.039791,36
2024-03-01,US_ISM_MFG,Foreign_Equity,0.76863885,0.036085,36
2024-04-01,US_ISM_MFG,Foreign_Equity,0.7624458,0.036825,36
2024-05-01,US_ISM_MFG,Foreign_Equity,0.73146374,0.03267,36
2024-06-01,US_ISM_MFG,Foreign_Equity,0.73479785,0.033016,36
2024-07-01,US_ISM_MFG,Foreign_Equity,0.70985434,0.030027,36
2024-08-01,US_ISM_MFG,Foreign_Equity,0.75590761,0.03404,36
2024-09-01,US_ISM_MFG,Foreign_Equity,0.64545167,0.02308,36
2024-10-01,US_ISM_MFG,Foreign_Equity,0.60180852,0.018132,36
2024-11-01,US_ISM_MFG,Foreign_Equity,0.57613564,0.016378,36
2024-12-01,US_ISM_MFG,Foreign_Equity,0.50737156,0.012946,36
2025-01-01,US_ISM_MFG,Foreign_Equity,0.54242902,0.014209,36
2025-02-01,US_ISM_MFG,Foreign_Equity,0.73181251,0.027886,36
2025-03-01,US_ISM_MFG,Foreign_Equity,0.69093859,0.024239,36
2025-04-01,US_ISM_MFG,Foreign_Equity,0.69618717,0.022733,36
2025-05-01,US_ISM_MFG,Foreign_Equity,0.54024678,0.01403,36
2025-06-01,US_ISM_MFG,Foreign_Equity,0.45699124,0.010336,36
2025-07-01,US_ISM_MFG,Foreign_Equity,0.51852375,0.013583,36
2025-08-01,US_ISM_MFG,Foreign_Equity,0.52368359,0.014484,36
2025-09-01,US_ISM_MFG,Foreign_Equity,0.51440155,0.016383,36
2025-10-01,US_ISM_MFG,Foreign_Equity,0.55460235,0.020581,36
2025-11-01,US_ISM_MFG,Foreign_Equity,0.86156959,0.056048,36
2025-12-01,US_ISM_MFG,Foreign_Equity,0.99341054,0.0614,36
2026-01-01,US_ISM_MFG,Foreign_Equity,1.02212357,0.051626,36
2026-02-01,US_ISM_MFG,Foreign_Equity,1.07806788,0.058897,36
2026-03-01,US_ISM_MFG,Foreign_Equity,0.642541,0.020829,36
2026-04-01,US_ISM_MFG,Foreign_Equity,0.59515054,0.017428,36
2026-05-01,US_ISM_MFG,Foreign_Equity,0.54241482,0.014988,36
2026-06-01,US_ISM_MFG,Foreign_Equity,0.65893681,0.021334,36
2026-07-01,US_ISM_MFG,Foreign_Equity,0.5983959,0.017799,35
2013-12-01,US_ISM_MFG,Bond,-0.08828985,0.001792,35
2014-01-01,US_ISM_MFG,Bond,-0.05015728,0.00071,36
2014-02-01,US_ISM_MFG,Bond,0.0132252,5.3e-05,36
2014-03-01,US_ISM_MFG,Bond,-0.10314932,0.003607,36
2014-04-01,US_ISM_MFG,Bond,-0.09797308,0.003069,36
2014-05-01,US_ISM_MFG,Bond,-0.07392755,0.001752,36
2014-06-01,US_ISM_MFG,Bond,-0.06221988,0.001244,36
2014-07-01,US_ISM_MFG,Bond,-0.01522195,7e-05,36
2014-08-01,US_ISM_MFG,Bond,-0.04546883,0.000713,36
2014-09-01,US_ISM_MFG,Bond,-0.06573059,0.001571,36
2014-10-01,US_ISM_MFG,Bond,-0.05909506,0.001197,36
2014-11-01,US_ISM_MFG,Bond,-0.03353256,0.000396,36
2014-12-01,US_ISM_MFG,Bond,-0.01375266,6.5e-05,36
2015-01-01,US_ISM_MFG,Bond,-0.11657679,0.004266,36
2015-02-01,US_ISM_MFG,Bond,-0.10840569,0.003924,36
2015-03-01,US_ISM_MFG,Bond,-0.18204417,0.011206,36
2015-04-01,US_ISM_MFG,Bond,-0.1939592,0.012354,36
2015-05-01,US_ISM_MFG,Bond,-0.16050608,0.007106,36
2015-06-01,US_ISM_MFG,Bond,-0.17317734,0.008471,36
2015-07-01,US_ISM_MFG,Bond,-0.12487109,0.005257,36
2015-08-01,US_ISM_MFG,Bond,-0.12387246,0.00541,36
2015-09-01,US_ISM_MFG,Bond,-0.13242795,0.006167,36
2015-10-01,US_ISM_MFG,Bond,-0.13889929,0.00674,36
2015-11-01,US_ISM_MFG,Bond,-0.07976065,0.002062,36
2015-12-01,US_ISM_MFG,Bond,-0.0100994,3.3e-05,36
2016-01-01,US_ISM_MFG,Bond,0.03405903,0.000372,36
2016-02-01,US_ISM_MFG,Bond,0.00113604,0.0,36
2016-03-01,US_ISM_MFG,Bond,0.00989245,3e-05,36
2016-04-01,US_ISM_MFG,Bond,0.01963729,0.000118,36
2016-05-01,US_ISM_MFG,Bond,0.03897105,0.000467,36
2016-06-01,US_ISM_MFG,Bond,0.1518733,0.009538,36
2016-07-01,US_ISM_MFG,Bond,0.02226709,0.000193,36
2016-08-01,US_ISM_MFG,Bond,0.19848777,0.015022,36
2016-09-01,US_ISM_MFG,Bond,0.16543605,0.009937,36
2016-10-01,US_ISM_MFG,Bond,0.1422084,0.00701,36
2016-11-01,US_ISM_MFG,Bond,0.18237605,0.009002,36
2016-12-01,US_ISM_MFG,Bond,0.16247368,0.006628,36
2017-01-01,US_ISM_MFG,Bond,0.17330855,0.006291,36
2017-02-01,US_ISM_MFG,Bond,0.10067643,0.00181,36
2017-03-01,US_ISM_MFG,Bond,0.22039698,0.007263,36
2017-04-01,US_ISM_MFG,Bond,0.16022007,0.00532,36
2017-05-01,US_ISM_MFG,Bond,0.14563066,0.004371,36
2017-06-01,US_ISM_MFG,Bond,0.11433765,0.00266,36
2017-07-01,US_ISM_MFG,Bond,0.03681104,0.000282,36
2017-08-01,US_ISM_MFG,Bond,0.021358,9e-05,36
2017-09-01,US_ISM_MFG,Bond,0.01360749,3.7e-05,36
2017-10-01,US_ISM_MFG,Bond,-0.16414329,0.006817,36
2017-11-01,US_ISM_MFG,Bond,-0.24722788,0.014173,36
2017-12-01,US_ISM_MFG,Bond,-0.26097484,0.01576,36
2018-01-01,US_ISM_MFG,Bond,-0.05012791,0.000603,36
2018-02-01,US_ISM_MFG,Bond,-0.10074552,0.002481,36
2018-03-01,US_ISM_MFG,Bond,-0.13657896,0.004496,36
2018-04-01,US_ISM_MFG,Bond,-0.0679569,0.001229,36
2018-05-01,US_ISM_MFG,Bond,0.00134953,1e-06,36
2018-06-01,US_ISM_MFG,Bond,0.08038928,0.002253,36
2018-07-01,US_ISM_MFG,Bond,0.07176537,0.001634,36
2018-08-01,US_ISM_MFG,Bond,0.13658425,0.005978,36
2018-09-01,US_ISM_MFG,Bond,0.16319675,0.008235,36
2018-10-01,US_ISM_MFG,Bond,0.19194395,0.011998,36
2018-11-01,US_ISM_MFG,Bond,0.10601227,0.003712,36
2018-12-01,US_ISM_MFG,Bond,0.18685487,0.010723,36
2019-01-01,US_ISM_MFG,Bond,0.12355898,0.005408,36
2019-02-01,US_ISM_MFG,Bond,0.17527425,0.012094,36
2019-03-01,US_ISM_MFG,Bond,0.16482703,0.010776,36
2019-04-01,US_ISM_MFG,Bond,0.12881809,0.006912,36
2019-05-01,US_ISM_MFG,Bond,0.12985287,0.006977,36
2019-06-01,US_ISM_MFG,Bond,0.15437368,0.009678,36
2019-07-01,US_ISM_MFG,Bond,0.08734472,0.003501,36
2019-08-01,US_ISM_MFG,Bond,0.18586192,0.01468,36
2019-09-01,US_ISM_MFG,Bond,0.28222597,0.034971,36
2019-10-01,US_ISM_MFG,Bond,0.3523078,0.056254,36
2019-11-01,US_ISM_MFG,Bond,0.2207922,0.028914,36
2019-12-01,US_ISM_MFG,Bond,0.22618308,0.032712,36
2020-01-01,US_ISM_MFG,Bond,0.22545747,0.032792,36
2020-02-01,US_ISM_MFG,Bond,0.23355746,0.035036,36
2020-03-01,US_ISM_MFG,Bond,0.0550276,0.005529,36
2020-04-01,US_ISM_MFG,Bond,0.02274443,0.007794,36
2020-05-01,US_ISM_MFG,Bond,0.0300949,0.015063,36
2020-06-01,US_ISM_MFG,Bond,0.01940816,0.007853,36
2020-07-01,US_ISM_MFG,Bond,0.01822527,0.007414,36
2020-08-01,US_ISM_MFG,Bond,0.01683886,0.006385,36
2020-09-01,US_ISM_MFG,Bond,0.0167114,0.005955,36
2020-10-01,US_ISM_MFG,Bond,0.01962888,0.008856,36
2020-11-01,US_ISM_MFG,Bond,0.01847265,0.00772,36
2020-12-01,US_ISM_MFG,Bond,0.01728609,0.006683,36
2021-01-01,US_ISM_MFG,Bond,0.01507418,0.005355,36
2021-02-01,US_ISM_MFG,Bond,0.02593008,0.016731,36
2021-03-01,US_ISM_MFG,Bond,0.01436116,0.004774,36
2021-04-01,US_ISM_MFG,Bond,0.0137166,0.004367,36
2021-05-01,US_ISM_MFG,Bond,0.01060578,0.00262,36
2021-06-01,US_ISM_MFG,Bond,0.00950451,0.002144,36
2021-07-01,US_ISM_MFG,Bond,0.01098696,0.002854,36
2021-08-01,US_ISM_MFG,Bond,0.01014064,0.002454,36
2021-09-01,US_ISM_MFG,Bond,0.01280854,0.003867,36
2021-10-01,US_ISM_MFG,Bond,0.00516642,0.000509,36
2021-11-01,US_ISM_MFG,Bond,0.00618186,0.00075,36
2021-12-01,US_ISM_MFG,Bond,0.00459601,0.000429,36
2022-01-01,US_ISM_MFG,Bond,0.00886795,0.001385,36
2022-02-01,US_ISM_MFG,Bond,0.00754049,0.000957,36
2022-03-01,US_ISM_MFG,Bond,0.00737337,0.000915,36
2022-04-01,US_ISM_MFG,Bond,0.00889235,0.001089,36
2022-05-01,US_ISM_MFG,Bond,0.00908371,0.001152,36
2022-06-01,US_ISM_MFG,Bond,0.01007956,0.001401,36
2022-07-01,US_ISM_MFG,Bond,0.01230067,0.001757,36
2022-08-01,US_ISM_MFG,Bond,0.00936859,0.001121,36
2022-09-01,US_ISM_MFG,Bond,0.00816166,0.000669,36
2022-10-01,US_ISM_MFG,Bond,0.00607328,0.000349,36
2022-11-01,US_ISM_MFG,Bond,0.00171545,2.4e-05,36
2022-12-01,US_ISM_MFG,Bond,-0.01037182,0.000775,36
2023-01-01,US_ISM_MFG,Bond,-0.00485752,0.000167,36
2023-02-01,US_ISM_MFG,Bond,-0.00533046,0.000204,36
2023-03-01,US_ISM_MFG,Bond,0.00064779,3e-06,36
2023-04-01,US_ISM_MFG,Bond,0.02169375,0.001091,36
2023-05-01,US_ISM_MFG,Bond,-0.00521512,5.7e-05,36
2023-06-01,US_ISM_MFG,Bond,-0.02923402,0.000919,36
2023-07-01,US_ISM_MFG,Bond,-0.07038257,0.00427,36
2023-08-01,US_ISM_MFG,Bond,-0.07726086,0.004933,36
2023-09-01,US_ISM_MFG,Bond,-0.07834375,0.00509,36
2023-10-01,US_ISM_MFG,Bond,-0.06709323,0.003567,36
2023-11-01,US_ISM_MFG,Bond,-0.03693822,0.000951,36
2023-12-01,US_ISM_MFG,Bond,-0.03695138,0.000809,36
2024-01-01,US_ISM_MFG,Bond,-0.05471467,0.001816,36
2024-02-01,US_ISM_MFG,Bond,-0.16022767,0.01033,36
2024-03-01,US_ISM_MFG,Bond,-0.08152989,0.001877,36
2024-04-01,US_ISM_MFG,Bond,-0.06195536,0.001088,36
2024-05-01,US_ISM_MFG,Bond,-0.02965252,0.000238,36
2024-06-01,US_ISM_MFG,Bond,-0.04076309,0.000441,36
2024-07-01,US_ISM_MFG,Bond,-0.12466211,0.004015,36
2024-08-01,US_ISM_MFG,Bond,-0.07992192,0.001626,36
2024-09-01,US_ISM_MFG,Bond,-0.14073416,0.004808,36
2024-10-01,US_ISM_MFG,Bond,0.0197951,9.1e-05,36
2024-11-01,US_ISM_MFG,Bond,0.01897277,8.2e-05,36
2024-12-01,US_ISM_MFG,Bond,0.06539948,0.000974,36
2025-01-01,US_ISM_MFG,Bond,-0.02372122,0.000129,36
2025-02-01,US_ISM_MFG,Bond,0.01595631,6.4e-05,36
2025-03-01,US_ISM_MFG,Bond,0.03737352,0.000353,36
2025-04-01,US_ISM_MFG,Bond,0.03544776,0.00035,36
2025-05-01,US_ISM_MFG,Bond,0.02417132,0.000162,36
2025-06-01,US_ISM_MFG,Bond,-0.06017014,0.001057,36
2025-07-01,US_ISM_MFG,Bond,-0.07255529,0.001661,36
2025-08-01,US_ISM_MFG,Bond,-0.07283346,0.001675,36
2025-09-01,US_ISM_MFG,Bond,-0.07450643,0.002251,36
2025-10-01,US_ISM_MFG,Bond,-0.00563253,1.5e-05,36
2025-11-01,US_ISM_MFG,Bond,0.08928396,0.003629,36
2025-12-01,US_ISM_MFG,Bond,0.37629182,0.060115,36
2026-01-01,US_ISM_MFG,Bond,0.3508989,0.041961,36
2026-02-01,US_ISM_MFG,Bond,0.30007402,0.031407,36
2026-03-01,US_ISM_MFG,Bond,0.29547883,0.029303,36
2026-04-01,US_ISM_MFG,Bond,0.2416757,0.019369,36
2026-05-01,US_ISM_MFG,Bond,0.23233556,0.016256,36
2026-06-01,US_ISM_MFG,Bond,0.15471269,0.007123,36
2026-07-01,US_ISM_MFG,Bond,0.16547276,0.008085,35
2013-12-01,US_ISM_MFG,Gold,-0.71965801,0.005926,35
2014-01-01,US_ISM_MFG,Gold,0.05852698,4.7e-05,36
2014-02-01,US_ISM_MFG,Gold,0.28420554,0.001193,36
2014-03-01,US_ISM_MFG,Gold,0.61756147,0.005614,36
2014-04-01,US_ISM_MFG,Gold,0.95229417,0.012775,36
2014-05-01,US_ISM_MFG,Gold,1.01035158,0.014601,36
2014-06-01,US_ISM_MFG,Gold,0.93953384,0.0125,36
2014-07-01,US_ISM_MFG,Gold,1.10431397,0.016041,36
2014-08-01,US_ISM_MFG,Gold,1.00702764,0.014283,36
2014-09-01,US_ISM_MFG,Gold,0.85268983,0.013435,36
2014-10-01,US_ISM_MFG,Gold,0.88588528,0.013953,36
2014-11-01,US_ISM_MFG,Gold,0.43431523,0.003501,36
2014-12-01,US_ISM_MFG,Gold,-0.100414,0.000187,36
2015-01-01,US_ISM_MFG,Gold,0.20454347,0.000792,36
2015-02-01,US_ISM_MFG,Gold,-0.31504682,0.001911,36
2015-03-01,US_ISM_MFG,Gold,-0.04649464,4.2e-05,36
2015-04-01,US_ISM_MFG,Gold,0.11770803,0.000267,36
2015-05-01,US_ISM_MFG,Gold,0.09857957,0.000185,36
2015-06-01,US_ISM_MFG,Gold,0.18658657,0.000685,36
2015-07-01,US_ISM_MFG,Gold,0.17055524,0.000604,36
2015-08-01,US_ISM_MFG,Gold,0.42752631,0.003539,36
2015-09-01,US_ISM_MFG,Gold,0.35633031,0.00239,36
2015-10-01,US_ISM_MFG,Gold,0.48453993,0.005149,36
2015-11-01,US_ISM_MFG,Gold,0.48477503,0.005031,36
2015-12-01,US_ISM_MFG,Gold,0.64545816,0.008295,36
2016-01-01,US_ISM_MFG,Gold,0.81259652,0.012882,36
2016-02-01,US_ISM_MFG,Gold,0.58441558,0.006172,36
2016-03-01,US_ISM_MFG,Gold,0.50170176,0.003697,36
2016-04-01,US_ISM_MFG,Gold,0.45889839,0.003071,36
2016-05-01,US_ISM_MFG,Gold,0.6103149,0.005499,36
2016-06-01,US_ISM_MFG,Gold,0.60477109,0.005361,36
2016-07-01,US_ISM_MFG,Gold,0.08123216,7.4e-05,36
2016-08-01,US_ISM_MFG,Gold,0.61635012,0.004048,36
2016-09-01,US_ISM_MFG,Gold,0.55670907,0.003429,36
2016-10-01,US_ISM_MFG,Gold,0.49370137,0.002576,36
2016-11-01,US_ISM_MFG,Gold,0.47284884,0.002379,36
2016-12-01,US_ISM_MFG,Gold,0.36770757,0.001265,36
2017-01-01,US_ISM_MFG,Gold,-0.37412012,0.00112,36
2017-02-01,US_ISM_MFG,Gold,-0.91768576,0.005658,36
2017-03-01,US_ISM_MFG,Gold,-2.30816682,0.030803,36
2017-04-01,US_ISM_MFG,Gold,-1.47682151,0.017634,36
2017-05-01,US_ISM_MFG,Gold,-1.33900536,0.014522,36
2017-06-01,US_ISM_MFG,Gold,-1.06814914,0.009179,36
2017-07-01,US_ISM_MFG,Gold,-1.36206649,0.014865,36
2017-08-01,US_ISM_MFG,Gold,-1.69867113,0.021536,36
2017-09-01,US_ISM_MFG,Gold,-1.56860901,0.017685,36
2017-10-01,US_ISM_MFG,Gold,-2.29695234,0.046121,36
2017-11-01,US_ISM_MFG,Gold,-1.88670687,0.029567,36
2017-12-01,US_ISM_MFG,Gold,-1.72383924,0.025165,36
2018-01-01,US_ISM_MFG,Gold,-1.92779776,0.029492,36
2018-02-01,US_ISM_MFG,Gold,-1.32980612,0.014791,36
2018-03-01,US_ISM_MFG,Gold,-1.08508427,0.010065,36
2018-04-01,US_ISM_MFG,Gold,-0.96449659,0.008677,36
2018-05-01,US_ISM_MFG,Gold,-0.599681,0.003737,36
2018-06-01,US_ISM_MFG,Gold,-0.75537249,0.006162,36
2018-07-01,US_ISM_MFG,Gold,-0.64657303,0.00414,36
2018-08-01,US_ISM_MFG,Gold,-1.11373398,0.012948,36
2018-09-01,US_ISM_MFG,Gold,-0.96730266,0.009779,36
2018-10-01,US_ISM_MFG,Gold,-0.91646406,0.008976,36
2018-11-01,US_ISM_MFG,Gold,-1.15949427,0.01447,36
2018-12-01,US_ISM_MFG,Gold,-1.37040889,0.021025,36
2019-01-01,US_ISM_MFG,Gold,-1.72404985,0.036647,36
2019-02-01,US_ISM_MFG,Gold,-1.64465954,0.035137,36
2019-03-01,US_ISM_MFG,Gold,-1.48249587,0.033494,36
2019-04-01,US_ISM_MFG,Gold,-1.41192545,0.032175,36
2019-05-01,US_ISM_MFG,Gold,-1.36761087,0.031326,36
2019-06-01,US_ISM_MFG,Gold,-1.00712563,0.017764,36
2019-07-01,US_ISM_MFG,Gold,-1.38856462,0.04589,36
2019-08-01,US_ISM_MFG,Gold,-0.91634684,0.018698,36
2019-09-01,US_ISM_MFG,Gold,-1.07310186,0.027055,36
2019-10-01,US_ISM_MFG,Gold,-0.71297442,0.013436,36
2019-11-01,US_ISM_MFG,Gold,-0.72267259,0.014819,36
2019-12-01,US_ISM_MFG,Gold,-0.71006173,0.019518,36
2020-01-01,US_ISM_MFG,Gold,-0.78795326,0.023433,36
2020-02-01,US_ISM_MFG,Gold,-0.72160569,0.020127,36
2020-03-01,US_ISM_MFG,Gold,-0.80931343,0.068476,36
2020-04-01,US_ISM_MFG,Gold,0.06257487,0.003308,36
2020-05-01,US_ISM_MFG,Gold,0.14686919,0.018641,36
2020-06-01,US_ISM_MFG,Gold,0.10960515,0.013033,36
2020-07-01,US_ISM_MFG,Gold,0.12965271,0.020567,36
2020-08-01,US_ISM_MFG,Gold,0.18232819,0.027167,36
2020-09-01,US_ISM_MFG,Gold,0.17983559,0.026549,36
2020-10-01,US_ISM_MFG,Gold,0.18947058,0.031543,36
2020-11-01,US_ISM_MFG,Gold,0.18859525,0.031327,36
2020-12-01,US_ISM_MFG,Gold,0.17212859,0.024004,36
2021-01-01,US_ISM_MFG,Gold,0.18710718,0.027657,36
2021-02-01,US_ISM_MFG,Gold,0.24466153,0.04577,36
2021-03-01,US_ISM_MFG,Gold,0.18162112,0.023727,36
2021-04-01,US_ISM_MFG,Gold,0.18289181,0.024004,36
2021-05-01,US_ISM_MFG,Gold,0.18579036,0.024772,36
2021-06-01,US_ISM_MFG,Gold,0.19053254,0.025608,36
2021-07-01,US_ISM_MFG,Gold,0.17788336,0.021899,36
2021-08-01,US_ISM_MFG,Gold,0.18220954,0.023552,36
2021-09-01,US_ISM_MFG,Gold,0.18465899,0.024632,36
2021-10-01,US_ISM_MFG,Gold,0.16767891,0.019837,36
2021-11-01,US_ISM_MFG,Gold,0.16894592,0.020185,36
2021-12-01,US_ISM_MFG,Gold,0.16941486,0.020218,36
2022-01-01,US_ISM_MFG,Gold,0.17414851,0.021582,36
2022-02-01,US_ISM_MFG,Gold,0.17458498,0.021724,36
2022-03-01,US_ISM_MFG,Gold,0.1791508,0.021848,36
2022-04-01,US_ISM_MFG,Gold,0.17745366,0.021442,36
2022-05-01,US_ISM_MFG,Gold,0.18225271,0.022117,36
2022-06-01,US_ISM_MFG,Gold,0.18298761,0.022403,36
2022-07-01,US_ISM_MFG,Gold,0.18975444,0.02324,36
2022-08-01,US_ISM_MFG,Gold,0.18085305,0.022221,36
2022-09-01,US_ISM_MFG,Gold,0.18725522,0.023415,36
2022-10-01,US_ISM_MFG,Gold,0.18080092,0.022048,36
2022-11-01,US_ISM_MFG,Gold,0.18943537,0.023774,36
2022-12-01,US_ISM_MFG,Gold,0.15459483,0.014571,36
2023-01-01,US_ISM_MFG,Gold,0.16927941,0.017668,36
2023-02-01,US_ISM_MFG,Gold,0.1685936,0.017353,36
2023-03-01,US_ISM_MFG,Gold,0.23803087,0.032472,36
2023-04-01,US_ISM_MFG,Gold,0.42880371,0.032903,36
2023-05-01,US_ISM_MFG,Gold,0.31362546,0.016154,36
2023-06-01,US_ISM_MFG,Gold,0.63649465,0.034345,36
2023-07-01,US_ISM_MFG,Gold,0.55700128,0.021076,36
2023-08-01,US_ISM_MFG,Gold,0.1874389,0.003083,36
2023-09-01,US_ISM_MFG,Gold,0.18135847,0.00293,36
2023-10-01,US_ISM_MFG,Gold,0.29960867,0.00761,36
2023-11-01,US_ISM_MFG,Gold,0.37900629,0.010624,36
2023-12-01,US_ISM_MFG,Gold,0.47544186,0.017296,36
2024-01-01,US_ISM_MFG,Gold,0.31769929,0.008364,36
2024-02-01,US_ISM_MFG,Gold,-0.28104133,0.004534,36
2024-03-01,US_ISM_MFG,Gold,0.53647703,0.011849,36
2024-04-01,US_ISM_MFG,Gold,0.38019431,0.005677,36
2024-05-01,US_ISM_MFG,Gold,0.24742122,0.002342,36
2024-06-01,US_ISM_MFG,Gold,0.23437143,0.002165,36
2024-07-01,US_ISM_MFG,Gold,0.49453032,0.009973,36
2024-08-01,US_ISM_MFG,Gold,0.52153129,0.011028,36
2024-09-01,US_ISM_MFG,Gold,0.44732313,0.007547,36
2024-10-01,US_ISM_MFG,Gold,0.64734449,0.0141,36
2024-11-01,US_ISM_MFG,Gold,0.66148301,0.014444,36
2024-12-01,US_ISM_MFG,Gold,0.54139006,0.009643,36
2025-01-01,US_ISM_MFG,Gold,0.57330079,0.010394,36
2025-02-01,US_ISM_MFG,Gold,1.19698253,0.042889,36
2025-03-01,US_ISM_MFG,Gold,1.1050994,0.038148,36
2025-04-01,US_ISM_MFG,Gold,1.09772059,0.034697,36
2025-05-01,US_ISM_MFG,Gold,0.99505352,0.02892,36
2025-06-01,US_ISM_MFG,Gold,0.89208111,0.023364,36
2025-07-01,US_ISM_MFG,Gold,0.80892213,0.020722,36
2025-08-01,US_ISM_MFG,Gold,0.8075765,0.020691,36
2025-09-01,US_ISM_MFG,Gold,0.79239838,0.020244,36
2025-10-01,US_ISM_MFG,Gold,0.40570135,0.004874,36
2025-11-01,US_ISM_MFG,Gold,0.18178199,0.000995,36
2025-12-01,US_ISM_MFG,Gold,0.86066371,0.019512,36
2026-01-01,US_ISM_MFG,Gold,0.97832522,0.019216,36
2026-02-01,US_ISM_MFG,Gold,1.07715369,0.023946,36
2026-03-01,US_ISM_MFG,Gold,0.60234189,0.007706,36
2026-04-01,US_ISM_MFG,Gold,-0.23852263,0.001202,36
2026-05-01,US_ISM_MFG,Gold,-0.28405411,0.001685,36
2026-06-01,US_ISM_MFG,Gold,-0.79005317,0.011977,36
2026-07-01,US_ISM_MFG,Gold,-0.77806898,0.009207,36
2013-12-01,US_UNEMPLOYMENT,Domestic_Equity,-1.58266838,0.002725,35
2014-01-01,US_UNEMPLOYMENT,Domestic_Equity,-1.4661876,0.002326,36
2014-02-01,US_UNEMPLOYMENT,Domestic_Equity,-1.79222466,0.003757,36
2014-03-01,US_UNEMPLOYMENT,Domestic_Equity,-1.62507794,0.003088,36
2014-04-01,US_UNEMPLOYMENT,Domestic_Equity,-4.4497212,0.033731,36
2014-05-01,US_UNEMPLOYMENT,Domestic_Equity,-4.28063775,0.032716,36
2014-06-01,US_UNEMPLOYMENT,Domestic_Equity,-3.8958786,0.026759,36
2014-07-01,US_UNEMPLOYMENT,Domestic_Equity,-3.29198459,0.020546,36
2014-08-01,US_UNEMPLOYMENT,Domestic_Equity,-1.93982966,0.012717,36
2014-09-01,US_UNEMPLOYMENT,Domestic_Equity,-1.25607679,0.00583,36
2014-10-01,US_UNEMPLOYMENT,Domestic_Equity,-0.2595647,0.000222,36
2014-11-01,US_UNEMPLOYMENT,Domestic_Equity,0.14975648,7.7e-05,36
2014-12-01,US_UNEMPLOYMENT,Domestic_Equity,0.32017079,0.000356,36
2015-01-01,US_UNEMPLOYMENT,Domestic_Equity,0.3332296,0.000396,36
2015-02-01,US_UNEMPLOYMENT,Domestic_Equity,-0.52060032,0.001116,36
2015-03-01,US_UNEMPLOYMENT,Domestic_Equity,-0.56508328,0.001277,36
2015-04-01,US_UNEMPLOYMENT,Domestic_Equity,0.02438736,2e-06,36
2015-05-01,US_UNEMPLOYMENT,Domestic_Equity,0.58484773,0.001591,36
2015-06-01,US_UNEMPLOYMENT,Domestic_Equity,1.47456589,0.010515,36
2015-07-01,US_UNEMPLOYMENT,Domestic_Equity,1.62415225,0.012776,36
2015-08-01,US_UNEMPLOYMENT,Domestic_Equity,1.81077732,0.015585,36
2015-09-01,US_UNEMPLOYMENT,Domestic_Equity,2.45889672,0.027776,36
2015-10-01,US_UNEMPLOYMENT,Domestic_Equity,2.90016051,0.035584,36
2015-11-01,US_UNEMPLOYMENT,Domestic_Equity,2.57443868,0.029698,36
2015-12-01,US_UNEMPLOYMENT,Domestic_Equity,1.62770164,0.011439,36
2016-01-01,US_UNEMPLOYMENT,Domestic_Equity,2.07848849,0.016964,36
2016-02-01,US_UNEMPLOYMENT,Domestic_Equity,2.11016295,0.017189,36
2016-03-01,US_UNEMPLOYMENT,Domestic_Equity,3.00697272,0.0333,36
2016-04-01,US_UNEMPLOYMENT,Domestic_Equity,3.80643254,0.054972,36
2016-05-01,US_UNEMPLOYMENT,Domestic_Equity,4.02766844,0.065816,36
2016-06-01,US_UNEMPLOYMENT,Domestic_Equity,4.37227945,0.088151,36
2016-07-01,US_UNEMPLOYMENT,Domestic_Equity,4.25760077,0.082042,36
2016-08-01,US_UNEMPLOYMENT,Domestic_Equity,4.46063472,0.092427,36
2016-09-01,US_UNEMPLOYMENT,Domestic_Equity,4.00271015,0.0856,36
2016-10-01,US_UNEMPLOYMENT,Domestic_Equity,3.88289773,0.082146,36
2016-11-01,US_UNEMPLOYMENT,Domestic_Equity,4.24242228,0.090438,36
2016-12-01,US_UNEMPLOYMENT,Domestic_Equity,4.29301292,0.089292,36
2017-01-01,US_UNEMPLOYMENT,Domestic_Equity,4.29858366,0.089971,36
2017-02-01,US_UNEMPLOYMENT,Domestic_Equity,4.53514529,0.097641,36
2017-03-01,US_UNEMPLOYMENT,Domestic_Equity,4.04854165,0.077204,36
2017-04-01,US_UNEMPLOYMENT,Domestic_Equity,6.50918713,0.155662,36
2017-05-01,US_UNEMPLOYMENT,Domestic_Equity,7.28705709,0.15961,36
2017-06-01,US_UNEMPLOYMENT,Domestic_Equity,7.24088612,0.146116,36
2017-07-01,US_UNEMPLOYMENT,Domestic_Equity,7.39049152,0.146607,36
2017-08-01,US_UNEMPLOYMENT,Domestic_Equity,6.71996297,0.123731,36
2017-09-01,US_UNEMPLOYMENT,Domestic_Equity,6.65784553,0.118096,36
2017-10-01,US_UNEMPLOYMENT,Domestic_Equity,5.11038579,0.073465,36
2017-11-01,US_UNEMPLOYMENT,Domestic_Equity,5.4587772,0.078954,36
2017-12-01,US_UNEMPLOYMENT,Domestic_Equity,5.5458235,0.075213,36
2018-01-01,US_UNEMPLOYMENT,Domestic_Equity,6.09488324,0.08831,36
2018-02-01,US_UNEMPLOYMENT,Domestic_Equity,5.46205954,0.066157,36
2018-03-01,US_UNEMPLOYMENT,Domestic_Equity,5.71489365,0.073742,36
2018-04-01,US_UNEMPLOYMENT,Domestic_Equity,5.37746786,0.070816,36
2018-05-01,US_UNEMPLOYMENT,Domestic_Equity,5.83502679,0.077498,36
2018-06-01,US_UNEMPLOYMENT,Domestic_Equity,2.67771336,0.016079,36
2018-07-01,US_UNEMPLOYMENT,Domestic_Equity,4.2234798,0.037084,36
2018-08-01,US_UNEMPLOYMENT,Domestic_Equity,3.50510045,0.029076,36
2018-09-01,US_UNEMPLOYMENT,Domestic_Equity,3.23910874,0.024932,36
2018-10-01,US_UNEMPLOYMENT,Domestic_Equity,1.04795883,0.002342,36
2018-11-01,US_UNEMPLOYMENT,Domestic_Equity,1.04200863,0.002104,36
2018-12-01,US_UNEMPLOYMENT,Domestic_Equity,0.52175559,0.000548,36
2019-01-01,US_UNEMPLOYMENT,Domestic_Equity,-0.56804318,0.00067,36
2019-02-01,US_UNEMPLOYMENT,Domestic_Equity,-2.22140563,0.009582,36
2019-03-01,US_UNEMPLOYMENT,Domestic_Equity,-3.38092588,0.021917,36
2019-04-01,US_UNEMPLOYMENT,Domestic_Equity,-3.98201549,0.029122,36
2019-05-01,US_UNEMPLOYMENT,Domestic_Equity,-4.85738508,0.03361,36
2019-06-01,US_UNEMPLOYMENT,Domestic_Equity,-5.16317003,0.036375,36
2019-07-01,US_UNEMPLOYMENT,Domestic_Equity,-5.25000875,0.038841,36
2019-08-01,US_UNEMPLOYMENT,Domestic_Equity,-4.88778582,0.028489,36
2019-09-01,US_UNEMPLOYMENT,Domestic_Equity,-5.95942293,0.037432,36
2019-10-01,US_UNEMPLOYMENT,Domestic_Equity,-5.44155465,0.032472,36
2019-11-01,US_UNEMPLOYMENT,Domestic_Equity,-6.90081612,0.048465,36
2019-12-01,US_UNEMPLOYMENT,Domestic_Equity,-6.98389096,0.05,36
2020-01-01,US_UNEMPLOYMENT,Domestic_Equity,-6.93960017,0.049062,36
2020-02-01,US_UNEMPLOYMENT,Domestic_Equity,-6.40831233,0.041426,36
2020-03-01,US_UNEMPLOYMENT,Domestic_Equity,-15.31222519,0.418092,36
2020-04-01,US_UNEMPLOYMENT,Domestic_Equity,0.23499525,0.008826,36
2020-05-01,US_UNEMPLOYMENT,Domestic_Equity,0.13979017,0.003242,36
2020-06-01,US_UNEMPLOYMENT,Domestic_Equity,-0.04750528,0.000357,36
2020-07-01,US_UNEMPLOYMENT,Domestic_Equity,-0.0697442,0.000769,36
2020-08-01,US_UNEMPLOYMENT,Domestic_Equity,-0.1836584,0.005168,36
2020-09-01,US_UNEMPLOYMENT,Domestic_Equity,-0.18664645,0.005355,36
2020-10-01,US_UNEMPLOYMENT,Domestic_Equity,-0.17483467,0.004813,36
2020-11-01,US_UNEMPLOYMENT,Domestic_Equity,-0.18688012,0.005298,36
2020-12-01,US_UNEMPLOYMENT,Domestic_Equity,-0.19688033,0.005268,36
2021-01-01,US_UNEMPLOYMENT,Domestic_Equity,-0.22752566,0.006236,36
2021-02-01,US_UNEMPLOYMENT,Domestic_Equity,-0.22554342,0.006229,36
2021-03-01,US_UNEMPLOYMENT,Domestic_Equity,-0.22225459,0.006003,36
2021-04-01,US_UNEMPLOYMENT,Domestic_Equity,-0.22421236,0.006032,36
2021-05-01,US_UNEMPLOYMENT,Domestic_Equity,-0.22322309,0.005981,36
2021-06-01,US_UNEMPLOYMENT,Domestic_Equity,-0.21836312,0.00577,36
2021-07-01,US_UNEMPLOYMENT,Domestic_Equity,-0.22459032,0.006326,36
2021-08-01,US_UNEMPLOYMENT,Domestic_Equity,-0.21549462,0.005772,36
2021-09-01,US_UNEMPLOYMENT,Domestic_Equity,-0.20678787,0.005294,36
2021-10-01,US_UNEMPLOYMENT,Domestic_Equity,-0.19140118,0.004633,36
2021-11-01,US_UNEMPLOYMENT,Domestic_Equity,-0.18516918,0.004433,36
2021-12-01,US_UNEMPLOYMENT,Domestic_Equity,-0.18308503,0.00435,36
2022-01-01,US_UNEMPLOYMENT,Domestic_Equity,-0.1879276,0.004442,36
2022-02-01,US_UNEMPLOYMENT,Domestic_Equity,-0.17607569,0.003846,36
2022-03-01,US_UNEMPLOYMENT,Domestic_Equity,-0.17346576,0.003755,36
2022-04-01,US_UNEMPLOYMENT,Domestic_Equity,-0.17226032,0.00371,36
2022-05-01,US_UNEMPLOYMENT,Domestic_Equity,-0.17432335,0.003894,36
2022-06-01,US_UNEMPLOYMENT,Domestic_Equity,-0.17432335,0.003758,36
2022-07-01,US_UNEMPLOYMENT,Domestic_Equity,-0.16830139,0.003397,36
2022-08-01,US_UNEMPLOYMENT,Domestic_Equity,-0.17032883,0.003594,36
2022-09-01,US_UNEMPLOYMENT,Domestic_Equity,-0.1613568,0.003159,36
2022-10-01,US_UNEMPLOYMENT,Domestic_Equity,-0.16596503,0.003255,36
2022-11-01,US_UNEMPLOYMENT,Domestic_Equity,-0.16596503,0.003081,36
2022-12-01,US_UNEMPLOYMENT,Domestic_Equity,-0.16352748,0.002967,36
2023-01-01,US_UNEMPLOYMENT,Domestic_Equity,-0.1635767,0.002982,36
2023-02-01,US_UNEMPLOYMENT,Domestic_Equity,-0.1628064,0.002941,36
2023-03-01,US_UNEMPLOYMENT,Domestic_Equity,-0.02563115,0.000103,36
2023-04-01,US_UNEMPLOYMENT,Domestic_Equity,-3.27444705,0.137811,36
2023-05-01,US_UNEMPLOYMENT,Domestic_Equity,-3.14235526,0.111562,36
2023-06-01,US_UNEMPLOYMENT,Domestic_Equity,-2.17908907,0.032381,36
2023-07-01,US_UNEMPLOYMENT,Domestic_Equity,-2.06084256,0.026962,36
2023-08-01,US_UNEMPLOYMENT,Domestic_Equity,0.74601848,0.001559,36
2023-09-01,US_UNEMPLOYMENT,Domestic_Equity,0.86902234,0.001863,36
2023-10-01,US_UNEMPLOYMENT,Domestic_Equity,-0.84182882,0.001093,36
2023-11-01,US_UNEMPLOYMENT,Domestic_Equity,-0.42144784,0.000288,36
2023-12-01,US_UNEMPLOYMENT,Domestic_Equity,-0.49451394,0.000472,36
2024-01-01,US_UNEMPLOYMENT,Domestic_Equity,2.0459299,0.010209,36
2024-02-01,US_UNEMPLOYMENT,Domestic_Equity,3.19332247,0.025009,36
2024-03-01,US_UNEMPLOYMENT,Domestic_Equity,3.29477595,0.026352,36
2024-04-01,US_UNEMPLOYMENT,Domestic_Equity,3.00267528,0.023032,36
2024-05-01,US_UNEMPLOYMENT,Domestic_Equity,3.37266173,0.027406,36
2024-06-01,US_UNEMPLOYMENT,Domestic_Equity,3.19112702,0.025959,36
2024-07-01,US_UNEMPLOYMENT,Domestic_Equity,4.44335841,0.040684,36
2024-08-01,US_UNEMPLOYMENT,Domestic_Equity,4.03456366,0.029063,36
2024-09-01,US_UNEMPLOYMENT,Domestic_Equity,4.60198372,0.031223,36
2024-10-01,US_UNEMPLOYMENT,Domestic_Equity,3.56502424,0.018565,36
2024-11-01,US_UNEMPLOYMENT,Domestic_Equity,3.57809731,0.014104,36
2024-12-01,US_UNEMPLOYMENT,Domestic_Equity,4.8413045,0.024052,36
2025-01-01,US_UNEMPLOYMENT,Domestic_Equity,5.00826027,0.026221,36
2025-02-01,US_UNEMPLOYMENT,Domestic_Equity,4.99467987,0.028391,36
2025-03-01,US_UNEMPLOYMENT,Domestic_Equity,5.12886464,0.02724,36
2025-04-01,US_UNEMPLOYMENT,Domestic_Equity,5.272963,0.027671,36
2025-05-01,US_UNEMPLOYMENT,Domestic_Equity,5.74497843,0.03058,36
2025-06-01,US_UNEMPLOYMENT,Domestic_Equity,-0.34907613,0.000101,36
2025-07-01,US_UNEMPLOYMENT,Domestic_Equity,0.94641706,0.000747,36
2025-08-01,US_UNEMPLOYMENT,Domestic_Equity,0.3011847,7.7e-05,36
2025-09-01,US_UNEMPLOYMENT,Domestic_Equity,-0.68531017,0.00041,36
2025-10-01,US_UNEMPLOYMENT,Domestic_Equity,0.24443859,5.5e-05,35
2025-11-01,US_UNEMPLOYMENT,Domestic_Equity,0.60248283,0.000373,34
2025-12-01,US_UNEMPLOYMENT,Domestic_Equity,-0.57988211,0.000355,34
2026-01-01,US_UNEMPLOYMENT,Domestic_Equity,-4.38669331,0.01382,34
2026-02-01,US_UNEMPLOYMENT,Domestic_Equity,-2.33209584,0.002997,34
2026-03-01,US_UNEMPLOYMENT,Domestic_Equity,-2.62400208,0.003822,34
2026-04-01,US_UNEMPLOYMENT,Domestic_Equity,-2.45009508,0.003086,34
2026-05-01,US_UNEMPLOYMENT,Domestic_Equity,-2.6654111,0.002177,34
2026-06-01,US_UNEMPLOYMENT,Domestic_Equity,-4.65613142,0.006538,34
2026-07-01,US_UNEMPLOYMENT,Domestic_Equity,-5.69240755,0.00956,33
2013-12-01,US_UNEMPLOYMENT,Foreign_Equity,-6.42444728,0.062314,35
2014-01-01,US_UNEMPLOYMENT,Foreign_Equity,-6.42660435,0.062462,36
2014-02-01,US_UNEMPLOYMENT,Foreign_Equity,-6.34194048,0.065045,36
2014-03-01,US_UNEMPLOYMENT,Foreign_Equity,-5.94145415,0.057165,36
2014-04-01,US_UNEMPLOYMENT,Foreign_Equity,-5.22368137,0.05715,36
2014-05-01,US_UNEMPLOYMENT,Foreign_Equity,-4.89179653,0.052595,36
2014-06-01,US_UNEMPLOYMENT,Foreign_Equity,-4.17731543,0.039427,36
2014-07-01,US_UNEMPLOYMENT,Foreign_Equity,-3.98824357,0.037814,36
2014-08-01,US_UNEMPLOYMENT,Foreign_Equity,-2.61821852,0.031021,36
2014-09-01,US_UNEMPLOYMENT,Foreign_Equity,-2.05319387,0.021807,36
2014-10-01,US_UNEMPLOYMENT,Foreign_Equity,-1.08667891,0.00512,36
2014-11-01,US_UNEMPLOYMENT,Foreign_Equity,-0.31184825,0.000409,36
2014-12-01,US_UNEMPLOYMENT,Foreign_Equity,-0.0001556,0.0,36
2015-01-01,US_UNEMPLOYMENT,Foreign_Equity,-0.00458686,0.0,36
2015-02-01,US_UNEMPLOYMENT,Foreign_Equity,-0.62534275,0.001846,36
2015-03-01,US_UNEMPLOYMENT,Foreign_Equity,-0.57928144,0.001568,36
2015-04-01,US_UNEMPLOYMENT,Foreign_Equity,-0.28345435,0.000387,36
2015-05-01,US_UNEMPLOYMENT,Foreign_Equity,0.04534794,1.3e-05,36
2015-06-01,US_UNEMPLOYMENT,Foreign_Equity,0.84394883,0.004809,36
2015-07-01,US_UNEMPLOYMENT,Foreign_Equity,0.73002434,0.00351,36
2015-08-01,US_UNEMPLOYMENT,Foreign_Equity,0.8412665,0.004343,36
2015-09-01,US_UNEMPLOYMENT,Foreign_Equity,1.66763028,0.013335,36
2015-10-01,US_UNEMPLOYMENT,Foreign_Equity,1.9822151,0.017874,36
2015-11-01,US_UNEMPLOYMENT,Foreign_Equity,1.90484501,0.017691,36
2015-12-01,US_UNEMPLOYMENT,Foreign_Equity,1.37808967,0.008359,36
2016-01-01,US_UNEMPLOYMENT,Foreign_Equity,1.48913005,0.008067,36
2016-02-01,US_UNEMPLOYMENT,Foreign_Equity,1.62253951,0.009439,36
2016-03-01,US_UNEMPLOYMENT,Foreign_Equity,3.22102441,0.031971,36
2016-04-01,US_UNEMPLOYMENT,Foreign_Equity,3.69873013,0.041213,36
2016-05-01,US_UNEMPLOYMENT,Foreign_Equity,3.68202651,0.045539,36
2016-06-01,US_UNEMPLOYMENT,Foreign_Equity,3.89219391,0.054063,36
2016-07-01,US_UNEMPLOYMENT,Foreign_Equity,4.2356703,0.063009,36
2016-08-01,US_UNEMPLOYMENT,Foreign_Equity,4.23819907,0.064934,36
2016-09-01,US_UNEMPLOYMENT,Foreign_Equity,3.85700163,0.055048,36
2016-10-01,US_UNEMPLOYMENT,Foreign_Equity,3.79006165,0.053413,36
2016-11-01,US_UNEMPLOYMENT,Foreign_Equity,4.54018214,0.075265,36
2016-12-01,US_UNEMPLOYMENT,Foreign_Equity,4.92737934,0.082057,36
2017-01-01,US_UNEMPLOYMENT,Foreign_Equity,5.01226066,0.08489,36
2017-02-01,US_UNEMPLOYMENT,Foreign_Equity,5.2454828,0.090029,36
2017-03-01,US_UNEMPLOYMENT,Foreign_Equity,4.93594313,0.082385,36
2017-04-01,US_UNEMPLOYMENT,Foreign_Equity,6.77555208,0.119599,36
2017-05-01,US_UNEMPLOYMENT,Foreign_Equity,6.81078096,0.11729,36
2017-06-01,US_UNEMPLOYMENT,Foreign_Equity,7.46447171,0.13831,36
2017-07-01,US_UNEMPLOYMENT,Foreign_Equity,7.6754671,0.141047,36
2017-08-01,US_UNEMPLOYMENT,Foreign_Equity,7.17769298,0.128711,36
2017-09-01,US_UNEMPLOYMENT,Foreign_Equity,7.44519797,0.132809,36
2017-10-01,US_UNEMPLOYMENT,Foreign_Equity,6.24368105,0.096718,36
2017-11-01,US_UNEMPLOYMENT,Foreign_Equity,5.44309478,0.075972,36
2017-12-01,US_UNEMPLOYMENT,Foreign_Equity,5.03718503,0.061563,36
2018-01-01,US_UNEMPLOYMENT,Foreign_Equity,5.31776601,0.063066,36
2018-02-01,US_UNEMPLOYMENT,Foreign_Equity,4.79252038,0.047778,36
2018-03-01,US_UNEMPLOYMENT,Foreign_Equity,4.87351455,0.049058,36
2018-04-01,US_UNEMPLOYMENT,Foreign_Equity,4.70919495,0.045876,36
2018-05-01,US_UNEMPLOYMENT,Foreign_Equity,4.85385457,0.045286,36
2018-06-01,US_UNEMPLOYMENT,Foreign_Equity,3.96333587,0.030056,36
2018-07-01,US_UNEMPLOYMENT,Foreign_Equity,3.42719175,0.023904,36
2018-08-01,US_UNEMPLOYMENT,Foreign_Equity,3.05731754,0.019904,36
2018-09-01,US_UNEMPLOYMENT,Foreign_Equity,2.22428164,0.012672,36
2018-10-01,US_UNEMPLOYMENT,Foreign_Equity,0.68758469,0.001177,36
2018-11-01,US_UNEMPLOYMENT,Foreign_Equity,0.42932231,0.000434,36
2018-12-01,US_UNEMPLOYMENT,Foreign_Equity,-1.62623248,0.005512,36
2019-01-01,US_UNEMPLOYMENT,Foreign_Equity,-3.80523531,0.036783,36
2019-02-01,US_UNEMPLOYMENT,Foreign_Equity,-4.8850633,0.056731,36
2019-03-01,US_UNEMPLOYMENT,Foreign_Equity,-6.69236355,0.124454,36
2019-04-01,US_UNEMPLOYMENT,Foreign_Equity,-7.75967357,0.164013,36
2019-05-01,US_UNEMPLOYMENT,Foreign_Equity,-9.02491888,0.18378,36
2019-06-01,US_UNEMPLOYMENT,Foreign_Equity,-9.40079741,0.190459,36
2019-07-01,US_UNEMPLOYMENT,Foreign_Equity,-8.05357423,0.144084,36
2019-08-01,US_UNEMPLOYMENT,Foreign_Equity,-7.69200572,0.113127,36
2019-09-01,US_UNEMPLOYMENT,Foreign_Equity,-7.91809112,0.112706,36
2019-10-01,US_UNEMPLOYMENT,Foreign_Equity,-8.20956039,0.127689,36
2019-11-01,US_UNEMPLOYMENT,Foreign_Equity,-8.45147603,0.120197,36
2019-12-01,US_UNEMPLOYMENT,Foreign_Equity,-8.61467534,0.130502,36
2020-01-01,US_UNEMPLOYMENT,Foreign_Equity,-8.55298535,0.127856,36
2020-02-01,US_UNEMPLOYMENT,Foreign_Equity,-7.86182184,0.106147,36
2020-03-01,US_UNEMPLOYMENT,Foreign_Equity,-19.82084636,0.652273,36
2020-04-01,US_UNEMPLOYMENT,Foreign_Equity,-0.08162931,0.001011,36
2020-05-01,US_UNEMPLOYMENT,Foreign_Equity,-0.14089897,0.003052,36
2020-06-01,US_UNEMPLOYMENT,Foreign_Equity,-0.27656415,0.011607,36
2020-07-01,US_UNEMPLOYMENT,Foreign_Equity,-0.28551578,0.012447,36
2020-08-01,US_UNEMPLOYMENT,Foreign_Equity,-0.34986407,0.018792,36
2020-09-01,US_UNEMPLOYMENT,Foreign_Equity,-0.33999119,0.017833,36
2020-10-01,US_UNEMPLOYMENT,Foreign_Equity,-0.34351942,0.018427,36
2020-11-01,US_UNEMPLOYMENT,Foreign_Equity,-0.35510912,0.019029,36
2020-12-01,US_UNEMPLOYMENT,Foreign_Equity,-0.35466875,0.018622,36
2021-01-01,US_UNEMPLOYMENT,Foreign_Equity,-0.35710181,0.019082,36
2021-02-01,US_UNEMPLOYMENT,Foreign_Equity,-0.35988641,0.019754,36
2021-03-01,US_UNEMPLOYMENT,Foreign_Equity,-0.36381378,0.020236,36
2021-04-01,US_UNEMPLOYMENT,Foreign_Equity,-0.36584858,0.020291,36
2021-05-01,US_UNEMPLOYMENT,Foreign_Equity,-0.3696408,0.02068,36
2021-06-01,US_UNEMPLOYMENT,Foreign_Equity,-0.36887173,0.020599,36
2021-07-01,US_UNEMPLOYMENT,Foreign_Equity,-0.36318564,0.019976,36
2021-08-01,US_UNEMPLOYMENT,Foreign_Equity,-0.36357962,0.020045,36
2021-09-01,US_UNEMPLOYMENT,Foreign_Equity,-0.35686098,0.019263,36
2021-10-01,US_UNEMPLOYMENT,Foreign_Equity,-0.35419704,0.019544,36
2021-11-01,US_UNEMPLOYMENT,Foreign_Equity,-0.35734247,0.020066,36
2021-12-01,US_UNEMPLOYMENT,Foreign_Equity,-0.34728956,0.020008,36
2022-01-01,US_UNEMPLOYMENT,Foreign_Equity,-0.34870318,0.020193,36
2022-02-01,US_UNEMPLOYMENT,Foreign_Equity,-0.33916803,0.019417,36
2022-03-01,US_UNEMPLOYMENT,Foreign_Equity,-0.33521302,0.018829,36
2022-04-01,US_UNEMPLOYMENT,Foreign_Equity,-0.33401653,0.018749,36
2022-05-01,US_UNEMPLOYMENT,Foreign_Equity,-0.33075693,0.017485,36
2022-06-01,US_UNEMPLOYMENT,Foreign_Equity,-0.33075693,0.017164,36
2022-07-01,US_UNEMPLOYMENT,Foreign_Equity,-0.33097629,0.0172,36
2022-08-01,US_UNEMPLOYMENT,Foreign_Equity,-0.33106578,0.017283,36
2022-09-01,US_UNEMPLOYMENT,Foreign_Equity,-0.32352882,0.015676,36
2022-10-01,US_UNEMPLOYMENT,Foreign_Equity,-0.32516074,0.015702,36
2022-11-01,US_UNEMPLOYMENT,Foreign_Equity,-0.32516074,0.014951,36
2022-12-01,US_UNEMPLOYMENT,Foreign_Equity,-0.32541519,0.01502,36
2023-01-01,US_UNEMPLOYMENT,Foreign_Equity,-0.32539671,0.014967,36
2023-02-01,US_UNEMPLOYMENT,Foreign_Equity,-0.32689661,0.015186,36
2023-03-01,US_UNEMPLOYMENT,Foreign_Equity,-0.15514662,0.007754,36
2023-04-01,US_UNEMPLOYMENT,Foreign_Equity,-2.20943239,0.128186,36
2023-05-01,US_UNEMPLOYMENT,Foreign_Equity,-2.32084748,0.120651,36
2023-06-01,US_UNEMPLOYMENT,Foreign_Equity,-1.49980387,0.030979,36
2023-07-01,US_UNEMPLOYMENT,Foreign_Equity,-1.43721711,0.02587,36
2023-08-01,US_UNEMPLOYMENT,Foreign_Equity,-0.05333145,1.5e-05,36
2023-09-01,US_UNEMPLOYMENT,Foreign_Equity,-0.60723236,0.001757,36
2023-10-01,US_UNEMPLOYMENT,Foreign_Equity,-1.58533275,0.007379,36
2023-11-01,US_UNEMPLOYMENT,Foreign_Equity,-1.33929603,0.005542,36
2023-12-01,US_UNEMPLOYMENT,Foreign_Equity,-0.77589861,0.001872,36
2024-01-01,US_UNEMPLOYMENT,Foreign_Equity,-0.24741507,0.000185,36
2024-02-01,US_UNEMPLOYMENT,Foreign_Equity,0.72140237,0.00164,36
2024-03-01,US_UNEMPLOYMENT,Foreign_Equity,0.95523993,0.002813,36
2024-04-01,US_UNEMPLOYMENT,Foreign_Equity,0.69146114,0.001511,36
2024-05-01,US_UNEMPLOYMENT,Foreign_Equity,1.22294332,0.004508,36
2024-06-01,US_UNEMPLOYMENT,Foreign_Equity,0.88488146,0.002453,36
2024-07-01,US_UNEMPLOYMENT,Foreign_Equity,1.06165677,0.00288,36
2024-08-01,US_UNEMPLOYMENT,Foreign_Equity,1.47106893,0.00507,36
2024-09-01,US_UNEMPLOYMENT,Foreign_Equity,0.69196912,0.000917,36
2024-10-01,US_UNEMPLOYMENT,Foreign_Equity,0.95320997,0.00164,36
2024-11-01,US_UNEMPLOYMENT,Foreign_Equity,2.65532888,0.009843,36
2024-12-01,US_UNEMPLOYMENT,Foreign_Equity,2.31569829,0.007035,36
2025-01-01,US_UNEMPLOYMENT,Foreign_Equity,2.46424897,0.007975,36
2025-02-01,US_UNEMPLOYMENT,Foreign_Equity,2.66486445,0.009913,36
2025-03-01,US_UNEMPLOYMENT,Foreign_Equity,2.04615618,0.005181,36
2025-04-01,US_UNEMPLOYMENT,Foreign_Equity,2.21521904,0.00561,36
2025-05-01,US_UNEMPLOYMENT,Foreign_Equity,1.54635862,0.002784,36
2025-06-01,US_UNEMPLOYMENT,Foreign_Equity,0.54431045,0.000396,36
2025-07-01,US_UNEMPLOYMENT,Foreign_Equity,0.64949905,0.000591,36
2025-08-01,US_UNEMPLOYMENT,Foreign_Equity,0.03715218,2e-06,36
2025-09-01,US_UNEMPLOYMENT,Foreign_Equity,-1.51657663,0.003833,36
2025-10-01,US_UNEMPLOYMENT,Foreign_Equity,-0.97907573,0.001648,35
2025-11-01,US_UNEMPLOYMENT,Foreign_Equity,-0.6658163,0.000898,34
2025-12-01,US_UNEMPLOYMENT,Foreign_Equity,-1.0900367,0.002389,34
2026-01-01,US_UNEMPLOYMENT,Foreign_Equity,-1.4894008,0.004561,34
2026-02-01,US_UNEMPLOYMENT,Foreign_Equity,-1.17581754,0.002812,34
2026-03-01,US_UNEMPLOYMENT,Foreign_Equity,-1.29726831,0.003505,34
2026-04-01,US_UNEMPLOYMENT,Foreign_Equity,-0.95832507,0.00187,34
2026-05-01,US_UNEMPLOYMENT,Foreign_Equity,0.19729316,7.7e-05,34
2026-06-01,US_UNEMPLOYMENT,Foreign_Equity,0.07961177,1.3e-05,34
2026-07-01,US_UNEMPLOYMENT,Foreign_Equity,0.64303939,0.000839,33
2013-12-01,US_UNEMPLOYMENT,Bond,1.62514874,0.050208,35
2014-01-01,US_UNEMPLOYMENT,Bond,1.63046306,0.050595,36
2014-02-01,US_UNEMPLOYMENT,Bond,1.69070503,0.057122,36
2014-03-01,US_UNEMPLOYMENT,Bond,1.48727366,0.04752,36
2014-04-01,US_UNEMPLOYMENT,Bond,1.22286431,0.04118,36
2014-05-01,US_UNEMPLOYMENT,Bond,1.35794674,0.053321,36
2014-06-01,US_UNEMPLOYMENT,Bond,1.17237285,0.038759,36
2014-07-01,US_UNEMPLOYMENT,Bond,1.40853543,0.055398,36
2014-08-01,US_UNEMPLOYMENT,Bond,1.26782692,0.048436,36
2014-09-01,US_UNEMPLOYMENT,Bond,1.08111495,0.037519,36
2014-10-01,US_UNEMPLOYMENT,Bond,0.76591308,0.018047,36
2014-11-01,US_UNEMPLOYMENT,Bond,0.83456754,0.021976,36
2014-12-01,US_UNEMPLOYMENT,Bond,0.8410161,0.022744,36
2015-01-01,US_UNEMPLOYMENT,Bond,1.10411232,0.037273,36
2015-02-01,US_UNEMPLOYMENT,Bond,1.09791898,0.037399,36
2015-03-01,US_UNEMPLOYMENT,Bond,1.06639543,0.036857,36
2015-04-01,US_UNEMPLOYMENT,Bond,1.08137465,0.037826,36
2015-05-01,US_UNEMPLOYMENT,Bond,0.23706953,0.001681,36
2015-06-01,US_UNEMPLOYMENT,Bond,0.2077329,0.00137,36
2015-07-01,US_UNEMPLOYMENT,Bond,0.04405525,6.9e-05,36
2015-08-01,US_UNEMPLOYMENT,Bond,0.05282509,0.000103,36
2015-09-01,US_UNEMPLOYMENT,Bond,0.07580326,0.000201,36
2015-10-01,US_UNEMPLOYMENT,Bond,0.09551332,0.000316,36
2015-11-01,US_UNEMPLOYMENT,Bond,-0.1512884,0.000778,36
2015-12-01,US_UNEMPLOYMENT,Bond,0.15882698,0.000812,36
2016-01-01,US_UNEMPLOYMENT,Bond,-0.0166818,9e-06,36
2016-02-01,US_UNEMPLOYMENT,Bond,0.17006747,0.000851,36
2016-03-01,US_UNEMPLOYMENT,Bond,0.16597692,0.00083,36
2016-04-01,US_UNEMPLOYMENT,Bond,0.11406203,0.000393,36
2016-05-01,US_UNEMPLOYMENT,Bond,0.12306539,0.000492,36
2016-06-01,US_UNEMPLOYMENT,Bond,0.48601592,0.010629,36
2016-07-01,US_UNEMPLOYMENT,Bond,0.27972727,0.00359,36
2016-08-01,US_UNEMPLOYMENT,Bond,0.12306858,0.000756,36
2016-09-01,US_UNEMPLOYMENT,Bond,-0.07799847,0.000295,36
2016-10-01,US_UNEMPLOYMENT,Bond,-0.06081385,0.000172,36
2016-11-01,US_UNEMPLOYMENT,Bond,0.051066,9e-05,36
2016-12-01,US_UNEMPLOYMENT,Bond,-0.14566754,0.000673,36
2017-01-01,US_UNEMPLOYMENT,Bond,-0.15092024,0.000724,36
2017-02-01,US_UNEMPLOYMENT,Bond,-0.2393001,0.001775,36
2017-03-01,US_UNEMPLOYMENT,Bond,-0.11989868,0.000449,36
2017-04-01,US_UNEMPLOYMENT,Bond,-0.22542949,0.001225,36
2017-05-01,US_UNEMPLOYMENT,Bond,-0.46129062,0.004983,36
2017-06-01,US_UNEMPLOYMENT,Bond,-0.35814208,0.002935,36
2017-07-01,US_UNEMPLOYMENT,Bond,-0.76633734,0.013625,36
2017-08-01,US_UNEMPLOYMENT,Bond,-0.84409377,0.017053,36
2017-09-01,US_UNEMPLOYMENT,Bond,-0.76065094,0.01345,36
2017-10-01,US_UNEMPLOYMENT,Bond,-0.28076358,0.001831,36
2017-11-01,US_UNEMPLOYMENT,Bond,-0.45543354,0.004651,36
2017-12-01,US_UNEMPLOYMENT,Bond,-0.49360453,0.005216,36
2018-01-01,US_UNEMPLOYMENT,Bond,-0.87906403,0.017322,36
2018-02-01,US_UNEMPLOYMENT,Bond,-0.95105128,0.019806,36
2018-03-01,US_UNEMPLOYMENT,Bond,-0.94952015,0.019753,36
2018-04-01,US_UNEMPLOYMENT,Bond,-0.96798168,0.020772,36
2018-05-01,US_UNEMPLOYMENT,Bond,0.07001773,0.000117,36
2018-06-01,US_UNEMPLOYMENT,Bond,0.54484553,0.006799,36
2018-07-01,US_UNEMPLOYMENT,Bond,0.30327136,0.002158,36
2018-08-01,US_UNEMPLOYMENT,Bond,0.46724938,0.005209,36
2018-09-01,US_UNEMPLOYMENT,Bond,0.42512459,0.004213,36
2018-10-01,US_UNEMPLOYMENT,Bond,0.32891111,0.002693,36
2018-11-01,US_UNEMPLOYMENT,Bond,0.67342294,0.011085,36
2018-12-01,US_UNEMPLOYMENT,Bond,1.05738948,0.02614,36
2019-01-01,US_UNEMPLOYMENT,Bond,1.41135945,0.047107,36
2019-02-01,US_UNEMPLOYMENT,Bond,1.06297752,0.029566,36
2019-03-01,US_UNEMPLOYMENT,Bond,1.1619213,0.034132,36
2019-04-01,US_UNEMPLOYMENT,Bond,1.07234686,0.028077,36
2019-05-01,US_UNEMPLOYMENT,Bond,1.269,0.03359,36
2019-06-01,US_UNEMPLOYMENT,Bond,1.08869954,0.023026,36
2019-07-01,US_UNEMPLOYMENT,Bond,1.47659601,0.04662,36
2019-08-01,US_UNEMPLOYMENT,Bond,1.33353517,0.033045,36
2019-09-01,US_UNEMPLOYMENT,Bond,1.81980915,0.056915,36
2019-10-01,US_UNEMPLOYMENT,Bond,1.28708666,0.028727,36
2019-11-01,US_UNEMPLOYMENT,Bond,0.21238763,0.000888,36
2019-12-01,US_UNEMPLOYMENT,Bond,0.36054754,0.002757,36
2020-01-01,US_UNEMPLOYMENT,Bond,0.33069693,0.002323,36
2020-02-01,US_UNEMPLOYMENT,Bond,0.14167056,0.000422,36
2020-03-01,US_UNEMPLOYMENT,Bond,0.10185345,0.000718,36
2020-04-01,US_UNEMPLOYMENT,Bond,-0.02620661,0.004342,36
2020-05-01,US_UNEMPLOYMENT,Bond,-0.03497536,0.008028,36
2020-06-01,US_UNEMPLOYMENT,Bond,-0.02826448,0.005567,36
2020-07-01,US_UNEMPLOYMENT,Bond,-0.02900199,0.006064,36
2020-08-01,US_UNEMPLOYMENT,Bond,-0.02361002,0.004158,36
2020-09-01,US_UNEMPLOYMENT,Bond,-0.01812477,0.002329,36
2020-10-01,US_UNEMPLOYMENT,Bond,-0.01787841,0.002462,36
2020-11-01,US_UNEMPLOYMENT,Bond,-0.01642087,0.002043,36
2020-12-01,US_UNEMPLOYMENT,Bond,-0.01565544,0.001832,36
2021-01-01,US_UNEMPLOYMENT,Bond,-0.01555133,0.001902,36
2021-02-01,US_UNEMPLOYMENT,Bond,-0.01341859,0.001435,36
2021-03-01,US_UNEMPLOYMENT,Bond,-0.01131296,0.000923,36
2021-04-01,US_UNEMPLOYMENT,Bond,-0.01113105,0.000897,36
2021-05-01,US_UNEMPLOYMENT,Bond,-0.01065609,0.000824,36
2021-06-01,US_UNEMPLOYMENT,Bond,-0.01132416,0.000949,36
2021-07-01,US_UNEMPLOYMENT,Bond,-0.01315926,0.001277,36
2021-08-01,US_UNEMPLOYMENT,Bond,-0.0139487,0.001449,36
2021-09-01,US_UNEMPLOYMENT,Bond,-0.00951354,0.000664,36
2021-10-01,US_UNEMPLOYMENT,Bond,-0.00575546,0.000196,36
2021-11-01,US_UNEMPLOYMENT,Bond,-0.00678623,0.00028,36
2021-12-01,US_UNEMPLOYMENT,Bond,-0.00966554,0.000589,36
2022-01-01,US_UNEMPLOYMENT,Bond,-0.01115032,0.000679,36
2022-02-01,US_UNEMPLOYMENT,Bond,-0.01007765,0.00053,36
2022-03-01,US_UNEMPLOYMENT,Bond,-0.00948638,0.00047,36
2022-04-01,US_UNEMPLOYMENT,Bond,-0.00904965,0.00035,36
2022-05-01,US_UNEMPLOYMENT,Bond,-0.00846939,0.000311,36
2022-06-01,US_UNEMPLOYMENT,Bond,-0.00846939,0.000307,36
2022-07-01,US_UNEMPLOYMENT,Bond,-0.01126311,0.000457,36
2022-08-01,US_UNEMPLOYMENT,Bond,-0.00958694,0.000365,36
2022-09-01,US_UNEMPLOYMENT,Bond,-0.00772526,0.000187,36
2022-10-01,US_UNEMPLOYMENT,Bond,-0.0085996,0.000218,36
2022-11-01,US_UNEMPLOYMENT,Bond,-0.0085996,0.000188,36
2022-12-01,US_UNEMPLOYMENT,Bond,-0.01079917,0.00026,36
2023-01-01,US_UNEMPLOYMENT,Bond,-0.01077752,0.000253,36
2023-02-01,US_UNEMPLOYMENT,Bond,-0.00987506,0.000216,36
2023-03-01,US_UNEMPLOYMENT,Bond,-0.01460925,0.00047,36
2023-04-01,US_UNEMPLOYMENT,Bond,-0.29757964,0.015644,36
2023-05-01,US_UNEMPLOYMENT,Bond,-0.21783633,0.007253,36
2023-06-01,US_UNEMPLOYMENT,Bond,-0.32268904,0.008736,36
2023-07-01,US_UNEMPLOYMENT,Bond,-0.28324978,0.00625,36
2023-08-01,US_UNEMPLOYMENT,Bond,-0.60634743,0.011805,36
2023-09-01,US_UNEMPLOYMENT,Bond,-0.82750448,0.019479,36
2023-10-01,US_UNEMPLOYMENT,Bond,-1.44691931,0.037735,36
2023-11-01,US_UNEMPLOYMENT,Bond,-1.7958545,0.051183,36
2023-12-01,US_UNEMPLOYMENT,Bond,-1.18747957,0.019767,36
2024-01-01,US_UNEMPLOYMENT,Bond,-1.29477697,0.022304,36
2024-02-01,US_UNEMPLOYMENT,Bond,-1.33243011,0.024978,36
2024-03-01,US_UNEMPLOYMENT,Bond,-1.33574463,0.025426,36
2024-04-01,US_UNEMPLOYMENT,Bond,-1.38885875,0.027266,36
2024-05-01,US_UNEMPLOYMENT,Bond,-1.52781989,0.031251,36
2024-06-01,US_UNEMPLOYMENT,Bond,-1.18684579,0.019141,36
2024-07-01,US_UNEMPLOYMENT,Bond,-0.79638889,0.007026,36
2024-08-01,US_UNEMPLOYMENT,Bond,-0.65370743,0.004278,36
2024-09-01,US_UNEMPLOYMENT,Bond,-1.29612977,0.01409,36
2024-10-01,US_UNEMPLOYMENT,Bond,-1.95733392,0.032062,36
2024-11-01,US_UNEMPLOYMENT,Bond,-2.20293345,0.031238,36
2024-12-01,US_UNEMPLOYMENT,Bond,-2.23110069,0.02958,36
2025-01-01,US_UNEMPLOYMENT,Bond,-1.77190217,0.019554,36
2025-02-01,US_UNEMPLOYMENT,Bond,-1.95964957,0.025872,36
2025-03-01,US_UNEMPLOYMENT,Bond,-2.45228736,0.036998,36
2025-04-01,US_UNEMPLOYMENT,Bond,-2.5599023,0.04453,36
2025-05-01,US_UNEMPLOYMENT,Bond,-2.84063866,0.054091,36
2025-06-01,US_UNEMPLOYMENT,Bond,-2.20925772,0.038514,36
2025-07-01,US_UNEMPLOYMENT,Bond,-1.71477139,0.025724,36
2025-08-01,US_UNEMPLOYMENT,Bond,-1.70129407,0.025048,36
2025-09-01,US_UNEMPLOYMENT,Bond,-2.69060684,0.078999,36
2025-10-01,US_UNEMPLOYMENT,Bond,-2.34685745,0.068026,35
2025-11-01,US_UNEMPLOYMENT,Bond,-2.25425224,0.069667,34
2025-12-01,US_UNEMPLOYMENT,Bond,-1.48213427,0.033877,34
2026-01-01,US_UNEMPLOYMENT,Bond,-1.21333828,0.023313,34
2026-02-01,US_UNEMPLOYMENT,Bond,-1.29695549,0.026171,34
2026-03-01,US_UNEMPLOYMENT,Bond,-1.12796736,0.019496,34
2026-04-01,US_UNEMPLOYMENT,Bond,-0.96299205,0.014061,34
2026-05-01,US_UNEMPLOYMENT,Bond,-0.75337805,0.00721,34
2026-06-01,US_UNEMPLOYMENT,Bond,-0.64019443,0.005544,34
2026-07-01,US_UNEMPLOYMENT,Bond,-0.75571694,0.007529,33
2013-12-01,US_UNEMPLOYMENT,Gold,7.64323414,0.055292,35
2014-01-01,US_UNEMPLOYMENT,Gold,7.87674433,0.057046,36
2014-02-01,US_UNEMPLOYMENT,Gold,8.02809901,0.062273,36
2014-03-01,US_UNEMPLOYMENT,Gold,8.46090743,0.066783,36
2014-04-01,US_UNEMPLOYMENT,Gold,3.95369525,0.018966,36
2014-05-01,US_UNEMPLOYMENT,Gold,3.27738215,0.013858,36
2014-06-01,US_UNEMPLOYMENT,Gold,3.35493848,0.013988,36
2014-07-01,US_UNEMPLOYMENT,Gold,4.79131866,0.027989,36
2014-08-01,US_UNEMPLOYMENT,Gold,4.4869799,0.024793,36
2014-09-01,US_UNEMPLOYMENT,Gold,3.37561787,0.018589,36
2014-10-01,US_UNEMPLOYMENT,Gold,4.11693194,0.027039,36
2014-11-01,US_UNEMPLOYMENT,Gold,2.43502347,0.009872,36
2014-12-01,US_UNEMPLOYMENT,Gold,1.8212836,0.005747,36
2015-01-01,US_UNEMPLOYMENT,Gold,1.4850648,0.004068,36
2015-02-01,US_UNEMPLOYMENT,Gold,0.57895029,0.0006,36
2015-03-01,US_UNEMPLOYMENT,Gold,0.8439372,0.001331,36
2015-04-01,US_UNEMPLOYMENT,Gold,1.2910996,0.003165,36
2015-05-01,US_UNEMPLOYMENT,Gold,1.01950969,0.002145,36
2015-06-01,US_UNEMPLOYMENT,Gold,1.12599534,0.002804,36
2015-07-01,US_UNEMPLOYMENT,Gold,1.01486869,0.002271,36
2015-08-01,US_UNEMPLOYMENT,Gold,1.13311419,0.002614,36
2015-09-01,US_UNEMPLOYMENT,Gold,1.88106709,0.006621,36
2015-10-01,US_UNEMPLOYMENT,Gold,1.32640289,0.003831,36
2015-11-01,US_UNEMPLOYMENT,Gold,0.99541135,0.002225,36
2015-12-01,US_UNEMPLOYMENT,Gold,1.28030305,0.00328,36
2016-01-01,US_UNEMPLOYMENT,Gold,0.92796014,0.00162,36
2016-02-01,US_UNEMPLOYMENT,Gold,2.24840665,0.008743,36
2016-03-01,US_UNEMPLOYMENT,Gold,4.18976146,0.025135,36
2016-04-01,US_UNEMPLOYMENT,Gold,4.36904543,0.027419,36
2016-05-01,US_UNEMPLOYMENT,Gold,2.56886202,0.010294,36
2016-06-01,US_UNEMPLOYMENT,Gold,1.89119519,0.005705,36
2016-07-01,US_UNEMPLOYMENT,Gold,0.76521475,0.000771,36
2016-08-01,US_UNEMPLOYMENT,Gold,0.51709775,0.000373,36
2016-09-01,US_UNEMPLOYMENT,Gold,-0.0131294,0.0,36
2016-10-01,US_UNEMPLOYMENT,Gold,0.20534089,6e-05,36
2016-11-01,US_UNEMPLOYMENT,Gold,-0.66205881,0.000598,36
2016-12-01,US_UNEMPLOYMENT,Gold,-1.79320561,0.0038,36
2017-01-01,US_UNEMPLOYMENT,Gold,-2.02981323,0.004999,36
2017-02-01,US_UNEMPLOYMENT,Gold,-2.64762786,0.008174,36
2017-03-01,US_UNEMPLOYMENT,Gold,-3.39258988,0.013904,36
2017-04-01,US_UNEMPLOYMENT,Gold,-2.48181315,0.005791,36
2017-05-01,US_UNEMPLOYMENT,Gold,-1.95497716,0.003517,36
2017-06-01,US_UNEMPLOYMENT,Gold,-3.24259794,0.009511,36
2017-07-01,US_UNEMPLOYMENT,Gold,-5.27238934,0.024832,36
2017-08-01,US_UNEMPLOYMENT,Gold,-4.3094971,0.01686,36
2017-09-01,US_UNEMPLOYMENT,Gold,-5.66308862,0.027075,36
2017-10-01,US_UNEMPLOYMENT,Gold,-6.59712182,0.034928,36
2017-11-01,US_UNEMPLOYMENT,Gold,-5.55574956,0.024794,36
2017-12-01,US_UNEMPLOYMENT,Gold,-4.65858307,0.017003,36
2018-01-01,US_UNEMPLOYMENT,Gold,-5.48118848,0.022261,36
2018-02-01,US_UNEMPLOYMENT,Gold,-4.29935283,0.013851,36
2018-03-01,US_UNEMPLOYMENT,Gold,-4.88221367,0.018525,36
2018-04-01,US_UNEMPLOYMENT,Gold,-4.88698218,0.018562,36
2018-05-01,US_UNEMPLOYMENT,Gold,-3.56380688,0.009163,36
2018-06-01,US_UNEMPLOYMENT,Gold,-4.76901683,0.016135,36
2018-07-01,US_UNEMPLOYMENT,Gold,-3.56323603,0.009302,36
2018-08-01,US_UNEMPLOYMENT,Gold,-4.74357804,0.01749,36
2018-09-01,US_UNEMPLOYMENT,Gold,-4.00042898,0.012611,36
2018-10-01,US_UNEMPLOYMENT,Gold,-3.93230602,0.012631,36
2018-11-01,US_UNEMPLOYMENT,Gold,-3.08000926,0.007556,36
2018-12-01,US_UNEMPLOYMENT,Gold,-3.48786997,0.010368,36
2019-01-01,US_UNEMPLOYMENT,Gold,-2.03373491,0.003404,36
2019-02-01,US_UNEMPLOYMENT,Gold,-3.64743279,0.011487,36
2019-03-01,US_UNEMPLOYMENT,Gold,-6.4270752,0.040126,36
2019-04-01,US_UNEMPLOYMENT,Gold,-6.17560842,0.036085,36
2019-05-01,US_UNEMPLOYMENT,Gold,-4.14813693,0.014528,36
2019-06-01,US_UNEMPLOYMENT,Gold,-2.05113732,0.003525,36
2019-07-01,US_UNEMPLOYMENT,Gold,1.47067462,0.002399,36
2019-08-01,US_UNEMPLOYMENT,Gold,0.62156,0.000376,36
2019-09-01,US_UNEMPLOYMENT,Gold,0.68706514,0.000434,36
2019-10-01,US_UNEMPLOYMENT,Gold,-1.24574971,0.001569,36
2019-11-01,US_UNEMPLOYMENT,Gold,-0.95962945,0.000867,36
2019-12-01,US_UNEMPLOYMENT,Gold,-0.22678577,6.6e-05,36
2020-01-01,US_UNEMPLOYMENT,Gold,0.13064107,2.1e-05,36
2020-02-01,US_UNEMPLOYMENT,Gold,0.36725931,0.000171,36
2020-03-01,US_UNEMPLOYMENT,Gold,3.53055022,0.049428,36
2020-04-01,US_UNEMPLOYMENT,Gold,-0.22303194,0.017635,36
2020-05-01,US_UNEMPLOYMENT,Gold,-0.30309374,0.031326,36
2020-06-01,US_UNEMPLOYMENT,Gold,-0.27725855,0.027879,36
2020-07-01,US_UNEMPLOYMENT,Gold,-0.30489305,0.036736,36
2020-08-01,US_UNEMPLOYMENT,Gold,-0.49562953,0.066489,36
2020-09-01,US_UNEMPLOYMENT,Gold,-0.46038112,0.057847,36
2020-10-01,US_UNEMPLOYMENT,Gold,-0.43764105,0.056398,36
2020-11-01,US_UNEMPLOYMENT,Gold,-0.43653536,0.056223,36
2020-12-01,US_UNEMPLOYMENT,Gold,-0.43568205,0.051405,36
2021-01-01,US_UNEMPLOYMENT,Gold,-0.44529288,0.052274,36
2021-02-01,US_UNEMPLOYMENT,Gold,-0.43198055,0.045684,36
2021-03-01,US_UNEMPLOYMENT,Gold,-0.42401514,0.040292,36
2021-04-01,US_UNEMPLOYMENT,Gold,-0.42446423,0.040342,36
2021-05-01,US_UNEMPLOYMENT,Gold,-0.43835559,0.042967,36
2021-06-01,US_UNEMPLOYMENT,Gold,-0.43458666,0.041563,36
2021-07-01,US_UNEMPLOYMENT,Gold,-0.41758389,0.037642,36
2021-08-01,US_UNEMPLOYMENT,Gold,-0.41487981,0.038097,36
2021-09-01,US_UNEMPLOYMENT,Gold,-0.41475398,0.038693,36
2021-10-01,US_UNEMPLOYMENT,Gold,-0.40649237,0.036125,36
2021-11-01,US_UNEMPLOYMENT,Gold,-0.40749383,0.03641,36
2021-12-01,US_UNEMPLOYMENT,Gold,-0.40499625,0.035846,36
2022-01-01,US_UNEMPLOYMENT,Gold,-0.40681563,0.036525,36
2022-02-01,US_UNEMPLOYMENT,Gold,-0.40354697,0.035987,36
2022-03-01,US_UNEMPLOYMENT,Gold,-0.41285866,0.035976,36
2022-04-01,US_UNEMPLOYMENT,Gold,-0.41387197,0.036202,36
2022-05-01,US_UNEMPLOYMENT,Gold,-0.41209384,0.035077,36
2022-06-01,US_UNEMPLOYMENT,Gold,-0.41209384,0.035228,36
2022-07-01,US_UNEMPLOYMENT,Gold,-0.41066783,0.033793,36
2022-08-01,US_UNEMPLOYMENT,Gold,-0.40602177,0.034807,36
2022-09-01,US_UNEMPLOYMENT,Gold,-0.40049446,0.033347,36
2022-10-01,US_UNEMPLOYMENT,Gold,-0.39902864,0.033497,36
2022-11-01,US_UNEMPLOYMENT,Gold,-0.39902864,0.032894,36
2022-12-01,US_UNEMPLOYMENT,Gold,-0.40514673,0.030972,36
2023-01-01,US_UNEMPLOYMENT,Gold,-0.40515563,0.031091,36
2023-02-01,US_UNEMPLOYMENT,Gold,-0.40118302,0.030189,36
2023-03-01,US_UNEMPLOYMENT,Gold,-0.43167282,0.034365,36
2023-04-01,US_UNEMPLOYMENT,Gold,-2.56554141,0.089734,36
2023-05-01,US_UNEMPLOYMENT,Gold,-2.24699908,0.060872,36
2023-06-01,US_UNEMPLOYMENT,Gold,-4.15068831,0.113925,36
2023-07-01,US_UNEMPLOYMENT,Gold,-4.11236322,0.103828,36
2023-08-01,US_UNEMPLOYMENT,Gold,2.61303577,0.023279,36
2023-09-01,US_UNEMPLOYMENT,Gold,1.91930911,0.011254,36
2023-10-01,US_UNEMPLOYMENT,Gold,-0.3629357,0.000254,36
2023-11-01,US_UNEMPLOYMENT,Gold,-1.29688248,0.002834,36
2023-12-01,US_UNEMPLOYMENT,Gold,-0.60184439,0.000655,36
2024-01-01,US_UNEMPLOYMENT,Gold,0.5394238,0.000529,36
2024-02-01,US_UNEMPLOYMENT,Gold,-0.45497526,0.000416,36
2024-03-01,US_UNEMPLOYMENT,Gold,-0.39179869,0.000319,36
2024-04-01,US_UNEMPLOYMENT,Gold,-0.11687442,2.7e-05,36
2024-05-01,US_UNEMPLOYMENT,Gold,0.60667079,0.000695,36
2024-06-01,US_UNEMPLOYMENT,Gold,0.18201253,6.7e-05,36
2024-07-01,US_UNEMPLOYMENT,Gold,-2.55202941,0.011386,36
2024-08-01,US_UNEMPLOYMENT,Gold,-3.03378829,0.014676,36
2024-09-01,US_UNEMPLOYMENT,Gold,-4.25685898,0.023614,36
2024-10-01,US_UNEMPLOYMENT,Gold,-5.54488824,0.037305,36
2024-11-01,US_UNEMPLOYMENT,Gold,-6.65808423,0.041398,36
2024-12-01,US_UNEMPLOYMENT,Gold,-6.96393468,0.041621,36
2025-01-01,US_UNEMPLOYMENT,Gold,-6.85088182,0.040363,36
2025-02-01,US_UNEMPLOYMENT,Gold,-3.29951985,0.008736,36
2025-03-01,US_UNEMPLOYMENT,Gold,-1.0686741,0.000869,36
2025-04-01,US_UNEMPLOYMENT,Gold,-1.32388058,0.00123,36
2025-05-01,US_UNEMPLOYMENT,Gold,-2.07898964,0.003058,36
2025-06-01,US_UNEMPLOYMENT,Gold,-1.52457492,0.001845,36
2025-07-01,US_UNEMPLOYMENT,Gold,-4.5122898,0.01788,36
2025-08-01,US_UNEMPLOYMENT,Gold,-4.40200195,0.01685,36
2025-09-01,US_UNEMPLOYMENT,Gold,-5.13714013,0.022902,36
2025-10-01,US_UNEMPLOYMENT,Gold,-4.74211324,0.019575,35
2025-11-01,US_UNEMPLOYMENT,Gold,-5.00494516,0.022966,34
2025-12-01,US_UNEMPLOYMENT,Gold,-3.68704927,0.013295,34
2026-01-01,US_UNEMPLOYMENT,Gold,-4.91494115,0.022919,34
2026-02-01,US_UNEMPLOYMENT,Gold,-4.66579827,0.020409,34
2026-03-01,US_UNEMPLOYMENT,Gold,-5.37161065,0.028787,34
2026-04-01,US_UNEMPLOYMENT,Gold,-3.47810793,0.01223,34
2026-05-01,US_UNEMPLOYMENT,Gold,-2.8238175,0.007468,34
2026-06-01,US_UNEMPLOYMENT,Gold,-1.22066161,0.001367,34
2026-07-01,US_UNEMPLOYMENT,Gold,0.86294744,0.000533,34
2013-12-01,US_INITIAL_CLAIMS,Domestic_Equity,-0.01192768,0.002673,35
2014-01-01,US_INITIAL_CLAIMS,Domestic_Equity,-0.0081231,0.001269,36
2014-02-01,US_INITIAL_CLAIMS,Domestic_Equity,-0.0188048,0.00668,36
2014-03-01,US_INITIAL_CLAIMS,Domestic_Equity,-0.01917299,0.007024,36
2014-04-01,US_INITIAL_CLAIMS,Domestic_Equity,-0.03418631,0.024583,36
2014-05-01,US_INITIAL_CLAIMS,Domestic_Equity,-0.03353338,0.023769,36
2014-06-01,US_INITIAL_CLAIMS,Domestic_Equity,-0.03371824,0.02433,36
2014-07-01,US_INITIAL_CLAIMS,Domestic_Equity,-0.03374572,0.025271,36
2014-08-01,US_INITIAL_CLAIMS,Domestic_Equity,-0.03311374,0.043775,36
2014-09-01,US_INITIAL_CLAIMS,Domestic_Equity,-0.02733953,0.031899,36
2014-10-01,US_INITIAL_CLAIMS,Domestic_Equity,-0.02400563,0.021597,36
2014-11-01,US_INITIAL_CLAIMS,Domestic_Equity,-0.02168669,0.017697,36
2014-12-01,US_INITIAL_CLAIMS,Domestic_Equity,-0.02129503,0.016822,36
2015-01-01,US_INITIAL_CLAIMS,Domestic_Equity,-0.0227163,0.019346,36
2015-02-01,US_INITIAL_CLAIMS,Domestic_Equity,-0.01029381,0.00458,36
2015-03-01,US_INITIAL_CLAIMS,Domestic_Equity,-0.01535668,0.010132,36
2015-04-01,US_INITIAL_CLAIMS,Domestic_Equity,-0.01029792,0.004021,36
2015-05-01,US_INITIAL_CLAIMS,Domestic_Equity,-0.01423943,0.009067,36
2015-06-01,US_INITIAL_CLAIMS,Domestic_Equity,-0.01265157,0.007028,36
2015-07-01,US_INITIAL_CLAIMS,Domestic_Equity,-0.0137709,0.008429,36
2015-08-01,US_INITIAL_CLAIMS,Domestic_Equity,-0.01589329,0.011002,36
2015-09-01,US_INITIAL_CLAIMS,Domestic_Equity,-0.01878784,0.01545,36
2015-10-01,US_INITIAL_CLAIMS,Domestic_Equity,-0.01981468,0.015621,36
2015-11-01,US_INITIAL_CLAIMS,Domestic_Equity,-0.01187191,0.004838,36
2015-12-01,US_INITIAL_CLAIMS,Domestic_Equity,0.00976262,0.002687,36
2016-01-01,US_INITIAL_CLAIMS,Domestic_Equity,0.00254778,0.000174,36
2016-02-01,US_INITIAL_CLAIMS,Domestic_Equity,0.00192729,0.000102,36
2016-03-01,US_INITIAL_CLAIMS,Domestic_Equity,0.00103983,2.8e-05,36
2016-04-01,US_INITIAL_CLAIMS,Domestic_Equity,0.00091407,2.2e-05,36
2016-05-01,US_INITIAL_CLAIMS,Domestic_Equity,-0.00267439,0.000194,36
2016-06-01,US_INITIAL_CLAIMS,Domestic_Equity,-0.00397012,0.000477,36
2016-07-01,US_INITIAL_CLAIMS,Domestic_Equity,-0.00396051,0.000474,36
2016-08-01,US_INITIAL_CLAIMS,Domestic_Equity,-0.00012076,0.0,36
2016-09-01,US_INITIAL_CLAIMS,Domestic_Equity,0.01488063,0.007112,36
2016-10-01,US_INITIAL_CLAIMS,Domestic_Equity,-0.00308306,0.000189,36
2016-11-01,US_INITIAL_CLAIMS,Domestic_Equity,-0.00538988,0.000436,36
2016-12-01,US_INITIAL_CLAIMS,Domestic_Equity,0.01086253,0.001518,36
2017-01-01,US_INITIAL_CLAIMS,Domestic_Equity,-0.01109949,0.001415,36
2017-02-01,US_INITIAL_CLAIMS,Domestic_Equity,-0.0103906,0.001242,36
2017-03-01,US_INITIAL_CLAIMS,Domestic_Equity,-0.00064195,4e-06,36
2017-04-01,US_INITIAL_CLAIMS,Domestic_Equity,-0.00623522,0.000418,36
2017-05-01,US_INITIAL_CLAIMS,Domestic_Equity,0.03081843,0.009261,36
2017-06-01,US_INITIAL_CLAIMS,Domestic_Equity,0.04480785,0.019813,36
2017-07-01,US_INITIAL_CLAIMS,Domestic_Equity,0.05305089,0.026605,36
2017-08-01,US_INITIAL_CLAIMS,Domestic_Equity,0.05356101,0.02677,36
2017-09-01,US_INITIAL_CLAIMS,Domestic_Equity,0.03475492,0.014769,36
2017-10-01,US_INITIAL_CLAIMS,Domestic_Equity,-0.00710395,0.000882,36
2017-11-01,US_INITIAL_CLAIMS,Domestic_Equity,-0.00265778,0.000121,36
2017-12-01,US_INITIAL_CLAIMS,Domestic_Equity,-0.00169721,4.7e-05,36
2018-01-01,US_INITIAL_CLAIMS,Domestic_Equity,-0.00181274,5.4e-05,36
2018-02-01,US_INITIAL_CLAIMS,Domestic_Equity,0.00602879,0.000553,36
2018-03-01,US_INITIAL_CLAIMS,Domestic_Equity,0.01567958,0.003599,36
2018-04-01,US_INITIAL_CLAIMS,Domestic_Equity,0.0111344,0.001964,36
2018-05-01,US_INITIAL_CLAIMS,Domestic_Equity,0.01155755,0.002047,36
2018-06-01,US_INITIAL_CLAIMS,Domestic_Equity,0.01001745,0.001541,36
2018-07-01,US_INITIAL_CLAIMS,Domestic_Equity,0.02920306,0.011941,36
2018-08-01,US_INITIAL_CLAIMS,Domestic_Equity,0.02795247,0.01252,36
2018-09-01,US_INITIAL_CLAIMS,Domestic_Equity,0.02625548,0.011047,36
2018-10-01,US_INITIAL_CLAIMS,Domestic_Equity,0.00748548,0.0008,36
2018-11-01,US_INITIAL_CLAIMS,Domestic_Equity,-0.00739344,0.000773,36
2018-12-01,US_INITIAL_CLAIMS,Domestic_Equity,-0.00555591,0.00044,36
2019-01-01,US_INITIAL_CLAIMS,Domestic_Equity,0.00589069,0.00051,36
2019-02-01,US_INITIAL_CLAIMS,Domestic_Equity,0.00745972,0.000714,36
2019-03-01,US_INITIAL_CLAIMS,Domestic_Equity,0.01623468,0.00354,36
2019-04-01,US_INITIAL_CLAIMS,Domestic_Equity,0.01500101,0.002969,36
2019-05-01,US_INITIAL_CLAIMS,Domestic_Equity,0.00309831,0.000115,36
2019-06-01,US_INITIAL_CLAIMS,Domestic_Equity,0.00403477,0.000194,36
2019-07-01,US_INITIAL_CLAIMS,Domestic_Equity,0.01089491,0.001506,36
2019-08-01,US_INITIAL_CLAIMS,Domestic_Equity,0.00103085,1.2e-05,36
2019-09-01,US_INITIAL_CLAIMS,Domestic_Equity,0.00072567,5e-06,36
2019-10-01,US_INITIAL_CLAIMS,Domestic_Equity,0.00178608,3.1e-05,36
2019-11-01,US_INITIAL_CLAIMS,Domestic_Equity,0.00547036,0.0003,36
2019-12-01,US_INITIAL_CLAIMS,Domestic_Equity,0.00462203,0.000222,36
2020-01-01,US_INITIAL_CLAIMS,Domestic_Equity,-0.00411142,0.000191,36
2020-02-01,US_INITIAL_CLAIMS,Domestic_Equity,0.00066388,5e-06,36
2020-03-01,US_INITIAL_CLAIMS,Domestic_Equity,-0.00829546,0.465126,36
2020-04-01,US_INITIAL_CLAIMS,Domestic_Equity,-0.00287959,0.11708,36
2020-05-01,US_INITIAL_CLAIMS,Domestic_Equity,-0.00263361,0.168158,36
2020-06-01,US_INITIAL_CLAIMS,Domestic_Equity,-0.00294199,0.196345,36
2020-07-01,US_INITIAL_CLAIMS,Domestic_Equity,-0.00296086,0.197565,36
2020-08-01,US_INITIAL_CLAIMS,Domestic_Equity,-0.00312942,0.210031,36
2020-09-01,US_INITIAL_CLAIMS,Domestic_Equity,-0.00313119,0.210264,36
2020-10-01,US_INITIAL_CLAIMS,Domestic_Equity,-0.00311822,0.211992,36
2020-11-01,US_INITIAL_CLAIMS,Domestic_Equity,-0.0031377,0.206738,36
2020-12-01,US_INITIAL_CLAIMS,Domestic_Equity,-0.00309834,0.180667,36
2021-01-01,US_INITIAL_CLAIMS,Domestic_Equity,-0.00311254,0.161476,36
2021-02-01,US_INITIAL_CLAIMS,Domestic_Equity,-0.00311679,0.16455,36
2021-03-01,US_INITIAL_CLAIMS,Domestic_Equity,-0.00309882,0.161521,36
2021-04-01,US_INITIAL_CLAIMS,Domestic_Equity,-0.00311736,0.161475,36
2021-05-01,US_INITIAL_CLAIMS,Domestic_Equity,-0.00310899,0.160738,36
2021-06-01,US_INITIAL_CLAIMS,Domestic_Equity,-0.00311674,0.162915,36
2021-07-01,US_INITIAL_CLAIMS,Domestic_Equity,-0.00311956,0.168862,36
2021-08-01,US_INITIAL_CLAIMS,Domestic_Equity,-0.00311702,0.166922,36
2021-09-01,US_INITIAL_CLAIMS,Domestic_Equity,-0.00311565,0.165891,36
2021-10-01,US_INITIAL_CLAIMS,Domestic_Equity,-0.00308715,0.166366,36
2021-11-01,US_INITIAL_CLAIMS,Domestic_Equity,-0.00307796,0.168831,36
2021-12-01,US_INITIAL_CLAIMS,Domestic_Equity,-0.00307755,0.169398,36
2022-01-01,US_INITIAL_CLAIMS,Domestic_Equity,-0.00308484,0.164954,36
2022-02-01,US_INITIAL_CLAIMS,Domestic_Equity,-0.00307779,0.162007,36
2022-03-01,US_INITIAL_CLAIMS,Domestic_Equity,-0.00307921,0.163049,36
2022-04-01,US_INITIAL_CLAIMS,Domestic_Equity,-0.00307897,0.163377,36
2022-05-01,US_INITIAL_CLAIMS,Domestic_Equity,-0.00307523,0.167017,36
2022-06-01,US_INITIAL_CLAIMS,Domestic_Equity,-0.00307615,0.16126,36
2022-07-01,US_INITIAL_CLAIMS,Domestic_Equity,-0.00307984,0.156785,36
2022-08-01,US_INITIAL_CLAIMS,Domestic_Equity,-0.00307936,0.161872,36
2022-09-01,US_INITIAL_CLAIMS,Domestic_Equity,-0.00307171,0.157778,36
2022-10-01,US_INITIAL_CLAIMS,Domestic_Equity,-0.00307345,0.153846,36
2022-11-01,US_INITIAL_CLAIMS,Domestic_Equity,-0.00307141,0.145419,36
2022-12-01,US_INITIAL_CLAIMS,Domestic_Equity,-0.00307151,0.144272,36
2023-01-01,US_INITIAL_CLAIMS,Domestic_Equity,-0.00306898,0.144669,36
2023-02-01,US_INITIAL_CLAIMS,Domestic_Equity,-0.00306771,0.143883,36
2023-03-01,US_INITIAL_CLAIMS,Domestic_Equity,-0.00102328,0.016552,36
2023-04-01,US_INITIAL_CLAIMS,Domestic_Equity,-0.002983,0.073199,36
2023-05-01,US_INITIAL_CLAIMS,Domestic_Equity,-0.01153916,0.114723,36
2023-06-01,US_INITIAL_CLAIMS,Domestic_Equity,-0.00872318,0.027139,36
2023-07-01,US_INITIAL_CLAIMS,Domestic_Equity,-0.00827717,0.024088,36
2023-08-01,US_INITIAL_CLAIMS,Domestic_Equity,0.01567955,0.020513,36
2023-09-01,US_INITIAL_CLAIMS,Domestic_Equity,0.01713418,0.023225,36
2023-10-01,US_INITIAL_CLAIMS,Domestic_Equity,0.01608585,0.01898,36
2023-11-01,US_INITIAL_CLAIMS,Domestic_Equity,0.0208499,0.033294,36
2023-12-01,US_INITIAL_CLAIMS,Domestic_Equity,0.00011179,1e-06,36
2024-01-01,US_INITIAL_CLAIMS,Domestic_Equity,-0.00293594,0.000813,36
2024-02-01,US_INITIAL_CLAIMS,Domestic_Equity,4.733e-05,0.0,36
2024-03-01,US_INITIAL_CLAIMS,Domestic_Equity,-0.00196889,0.000277,36
2024-04-01,US_INITIAL_CLAIMS,Domestic_Equity,0.00951681,0.005811,36
2024-05-01,US_INITIAL_CLAIMS,Domestic_Equity,0.02267794,0.018457,36
2024-06-01,US_INITIAL_CLAIMS,Domestic_Equity,0.04346271,0.057549,36
2024-07-01,US_INITIAL_CLAIMS,Domestic_Equity,0.05025799,0.068561,36
2024-08-01,US_INITIAL_CLAIMS,Domestic_Equity,0.05075379,0.065823,36
2024-09-01,US_INITIAL_CLAIMS,Domestic_Equity,0.05100117,0.066171,36
2024-10-01,US_INITIAL_CLAIMS,Domestic_Equity,0.04140875,0.028206,36
2024-11-01,US_INITIAL_CLAIMS,Domestic_Equity,0.06219704,0.045335,36
2024-12-01,US_INITIAL_CLAIMS,Domestic_Equity,0.07088041,0.054144,36
2025-01-01,US_INITIAL_CLAIMS,Domestic_Equity,0.09505943,0.089072,36
2025-02-01,US_INITIAL_CLAIMS,Domestic_Equity,0.08702289,0.071504,36
2025-03-01,US_INITIAL_CLAIMS,Domestic_Equity,0.08637322,0.070302,36
2025-04-01,US_INITIAL_CLAIMS,Domestic_Equity,0.08403514,0.063968,36
2025-05-01,US_INITIAL_CLAIMS,Domestic_Equity,0.08912324,0.068295,36
2025-06-01,US_INITIAL_CLAIMS,Domestic_Equity,0.11011969,0.085035,36
2025-07-01,US_INITIAL_CLAIMS,Domestic_Equity,0.07967055,0.046168,36
2025-08-01,US_INITIAL_CLAIMS,Domestic_Equity,0.07992183,0.048486,36
2025-09-01,US_INITIAL_CLAIMS,Domestic_Equity,0.05876793,0.025139,36
2025-10-01,US_INITIAL_CLAIMS,Domestic_Equity,0.04352301,0.012289,36
2025-11-01,US_INITIAL_CLAIMS,Domestic_Equity,0.02424487,0.003906,36
2025-12-01,US_INITIAL_CLAIMS,Domestic_Equity,0.02091866,0.002992,36
2026-01-01,US_INITIAL_CLAIMS,Domestic_Equity,-0.00851378,0.000366,36
2026-02-01,US_INITIAL_CLAIMS,Domestic_Equity,0.00139945,8e-06,36
2026-03-01,US_INITIAL_CLAIMS,Domestic_Equity,0.02068499,0.001648,36
2026-04-01,US_INITIAL_CLAIMS,Domestic_Equity,0.02781647,0.002759,36
2026-05-01,US_INITIAL_CLAIMS,Domestic_Equity,0.06243121,0.009136,36
2026-06-01,US_INITIAL_CLAIMS,Domestic_Equity,0.1048137,0.021311,36
2026-07-01,US_INITIAL_CLAIMS,Domestic_Equity,0.09335229,0.01584,35
2013-12-01,US_INITIAL_CLAIMS,Foreign_Equity,-0.03452897,0.031091,35
2014-01-01,US_INITIAL_CLAIMS,Foreign_Equity,-0.0339072,0.030916,36
2014-02-01,US_INITIAL_CLAIMS,Foreign_Equity,-0.02999877,0.023503,36
2014-03-01,US_INITIAL_CLAIMS,Foreign_Equity,-0.03057282,0.024734,36
2014-04-01,US_INITIAL_CLAIMS,Foreign_Equity,-0.03482612,0.031366,36
2014-05-01,US_INITIAL_CLAIMS,Foreign_Equity,-0.03444499,0.030872,36
2014-06-01,US_INITIAL_CLAIMS,Foreign_Equity,-0.03457769,0.032791,36
2014-07-01,US_INITIAL_CLAIMS,Foreign_Equity,-0.0337412,0.03168,36
2014-08-01,US_INITIAL_CLAIMS,Foreign_Equity,-0.03465648,0.064204,36
2014-09-01,US_INITIAL_CLAIMS,Foreign_Equity,-0.02914277,0.050741,36
2014-10-01,US_INITIAL_CLAIMS,Foreign_Equity,-0.02637076,0.034271,36
2014-11-01,US_INITIAL_CLAIMS,Foreign_Equity,-0.02448493,0.027668,36
2014-12-01,US_INITIAL_CLAIMS,Foreign_Equity,-0.02370345,0.025165,36
2015-01-01,US_INITIAL_CLAIMS,Foreign_Equity,-0.02647173,0.032381,36
2015-02-01,US_INITIAL_CLAIMS,Foreign_Equity,-0.01743886,0.015066,36
2015-03-01,US_INITIAL_CLAIMS,Foreign_Equity,-0.01480029,0.010999,36
2015-04-01,US_INITIAL_CLAIMS,Foreign_Equity,-0.0099403,0.004942,36
2015-05-01,US_INITIAL_CLAIMS,Foreign_Equity,-0.01281214,0.009851,36
2015-06-01,US_INITIAL_CLAIMS,Foreign_Equity,-0.01052071,0.006785,36
2015-07-01,US_INITIAL_CLAIMS,Foreign_Equity,-0.01158353,0.008109,36
2015-08-01,US_INITIAL_CLAIMS,Foreign_Equity,-0.01256486,0.008878,36
2015-09-01,US_INITIAL_CLAIMS,Foreign_Equity,-0.01418991,0.009199,36
2015-10-01,US_INITIAL_CLAIMS,Foreign_Equity,-0.01463962,0.009169,36
2015-11-01,US_INITIAL_CLAIMS,Foreign_Equity,-0.00356468,0.000475,36
2015-12-01,US_INITIAL_CLAIMS,Foreign_Equity,0.0095404,0.002616,36
2016-01-01,US_INITIAL_CLAIMS,Foreign_Equity,-0.00190841,9e-05,36
2016-02-01,US_INITIAL_CLAIMS,Foreign_Equity,4.609e-05,0.0,36
2016-03-01,US_INITIAL_CLAIMS,Foreign_Equity,-0.00150666,4.9e-05,36
2016-04-01,US_INITIAL_CLAIMS,Foreign_Equity,0.00081882,1.4e-05,36
2016-05-01,US_INITIAL_CLAIMS,Foreign_Equity,-0.00146747,4.8e-05,36
2016-06-01,US_INITIAL_CLAIMS,Foreign_Equity,-0.00243659,0.000139,36
2016-07-01,US_INITIAL_CLAIMS,Foreign_Equity,-0.00525996,0.000649,36
2016-08-01,US_INITIAL_CLAIMS,Foreign_Equity,-0.00436308,0.00044,36
2016-09-01,US_INITIAL_CLAIMS,Foreign_Equity,0.0007453,1.2e-05,36
2016-10-01,US_INITIAL_CLAIMS,Foreign_Equity,-0.03001356,0.01223,36
2016-11-01,US_INITIAL_CLAIMS,Foreign_Equity,-0.01338519,0.001953,36
2016-12-01,US_INITIAL_CLAIMS,Foreign_Equity,-0.00260691,6.1e-05,36
2017-01-01,US_INITIAL_CLAIMS,Foreign_Equity,0.00010735,0.0,36
2017-02-01,US_INITIAL_CLAIMS,Foreign_Equity,-0.00309634,7.6e-05,36
2017-03-01,US_INITIAL_CLAIMS,Foreign_Equity,0.00994915,0.000758,36
2017-04-01,US_INITIAL_CLAIMS,Foreign_Equity,0.0099255,0.000751,36
2017-05-01,US_INITIAL_CLAIMS,Foreign_Equity,0.01763925,0.002552,36
2017-06-01,US_INITIAL_CLAIMS,Foreign_Equity,0.02094662,0.003857,36
2017-07-01,US_INITIAL_CLAIMS,Foreign_Equity,0.02605969,0.005726,36
2017-08-01,US_INITIAL_CLAIMS,Foreign_Equity,0.02772709,0.006541,36
2017-09-01,US_INITIAL_CLAIMS,Foreign_Equity,0.03610394,0.014333,36
2017-10-01,US_INITIAL_CLAIMS,Foreign_Equity,0.00372412,0.000214,36
2017-11-01,US_INITIAL_CLAIMS,Foreign_Equity,-0.00104068,1.8e-05,36
2017-12-01,US_INITIAL_CLAIMS,Foreign_Equity,-0.00571613,0.000531,36
2018-01-01,US_INITIAL_CLAIMS,Foreign_Equity,-0.00988927,0.00152,36
2018-02-01,US_INITIAL_CLAIMS,Foreign_Equity,-0.00410283,0.00024,36
2018-03-01,US_INITIAL_CLAIMS,Foreign_Equity,-0.01211805,0.001966,36
2018-04-01,US_INITIAL_CLAIMS,Foreign_Equity,-0.01267309,0.002149,36
2018-05-01,US_INITIAL_CLAIMS,Foreign_Equity,-0.01240625,0.001992,36
2018-06-01,US_INITIAL_CLAIMS,Foreign_Equity,-0.01191528,0.001861,36
2018-07-01,US_INITIAL_CLAIMS,Foreign_Equity,-0.00946691,0.001228,36
2018-08-01,US_INITIAL_CLAIMS,Foreign_Equity,-0.00995299,0.001428,36
2018-09-01,US_INITIAL_CLAIMS,Foreign_Equity,-0.01741179,0.005237,36
2018-10-01,US_INITIAL_CLAIMS,Foreign_Equity,-0.0292542,0.014263,36
2018-11-01,US_INITIAL_CLAIMS,Foreign_Equity,-0.036425,0.022785,36
2018-12-01,US_INITIAL_CLAIMS,Foreign_Equity,-0.03485948,0.017905,36
2019-01-01,US_INITIAL_CLAIMS,Foreign_Equity,-0.01502592,0.004054,36
2019-02-01,US_INITIAL_CLAIMS,Foreign_Equity,-0.02029115,0.006466,36
2019-03-01,US_INITIAL_CLAIMS,Foreign_Equity,-0.01636814,0.005215,36
2019-04-01,US_INITIAL_CLAIMS,Foreign_Equity,-0.0194663,0.007415,36
2019-05-01,US_INITIAL_CLAIMS,Foreign_Equity,-0.02557057,0.012354,36
2019-06-01,US_INITIAL_CLAIMS,Foreign_Equity,-0.0236331,0.010531,36
2019-07-01,US_INITIAL_CLAIMS,Foreign_Equity,-0.0288032,0.016593,36
2019-08-01,US_INITIAL_CLAIMS,Foreign_Equity,-0.03493529,0.021648,36
2019-09-01,US_INITIAL_CLAIMS,Foreign_Equity,-0.04035293,0.027396,36
2019-10-01,US_INITIAL_CLAIMS,Foreign_Equity,-0.03876297,0.025452,36
2019-11-01,US_INITIAL_CLAIMS,Foreign_Equity,-0.02581404,0.011048,36
2019-12-01,US_INITIAL_CLAIMS,Foreign_Equity,-0.02672831,0.012724,36
2020-01-01,US_INITIAL_CLAIMS,Foreign_Equity,-0.02963487,0.017002,36
2020-02-01,US_INITIAL_CLAIMS,Foreign_Equity,-0.02366833,0.010252,36
2020-03-01,US_INITIAL_CLAIMS,Foreign_Equity,-0.0105856,0.705198,36
2020-04-01,US_INITIAL_CLAIMS,Foreign_Equity,-0.00462589,0.286947,36
2020-05-01,US_INITIAL_CLAIMS,Foreign_Equity,-0.00331281,0.246572,36
2020-06-01,US_INITIAL_CLAIMS,Foreign_Equity,-0.00351144,0.268404,36
2020-07-01,US_INITIAL_CLAIMS,Foreign_Equity,-0.00351841,0.269292,36
2020-08-01,US_INITIAL_CLAIMS,Foreign_Equity,-0.00360101,0.278668,36
2020-09-01,US_INITIAL_CLAIMS,Foreign_Equity,-0.00359442,0.278076,36
2020-10-01,US_INITIAL_CLAIMS,Foreign_Equity,-0.00359282,0.279094,36
2020-11-01,US_INITIAL_CLAIMS,Foreign_Equity,-0.00361048,0.272263,36
2020-12-01,US_INITIAL_CLAIMS,Foreign_Equity,-0.00358797,0.263917,36
2021-01-01,US_INITIAL_CLAIMS,Foreign_Equity,-0.00358649,0.266309,36
2021-02-01,US_INITIAL_CLAIMS,Foreign_Equity,-0.00360326,0.273931,36
2021-03-01,US_INITIAL_CLAIMS,Foreign_Equity,-0.00360913,0.275652,36
2021-04-01,US_INITIAL_CLAIMS,Foreign_Equity,-0.00362446,0.275795,36
2021-05-01,US_INITIAL_CLAIMS,Foreign_Equity,-0.00363095,0.276461,36
2021-06-01,US_INITIAL_CLAIMS,Foreign_Equity,-0.00363118,0.276673,36
2021-07-01,US_INITIAL_CLAIMS,Foreign_Equity,-0.00362791,0.275761,36
2021-08-01,US_INITIAL_CLAIMS,Foreign_Equity,-0.00362797,0.275867,36
2021-09-01,US_INITIAL_CLAIMS,Foreign_Equity,-0.00362701,0.274664,36
2021-10-01,US_INITIAL_CLAIMS,Foreign_Equity,-0.00362563,0.282637,36
2021-11-01,US_INITIAL_CLAIMS,Foreign_Equity,-0.00362632,0.284854,36
2021-12-01,US_INITIAL_CLAIMS,Foreign_Equity,-0.00362325,0.300136,36
2022-01-01,US_INITIAL_CLAIMS,Foreign_Equity,-0.00362387,0.300572,36
2022-02-01,US_INITIAL_CLAIMS,Foreign_Equity,-0.00362031,0.304973,36
2022-03-01,US_INITIAL_CLAIMS,Foreign_Equity,-0.00361975,0.302563,36
2022-04-01,US_INITIAL_CLAIMS,Foreign_Equity,-0.00361951,0.303427,36
2022-05-01,US_INITIAL_CLAIMS,Foreign_Equity,-0.00361685,0.28815,36
2022-06-01,US_INITIAL_CLAIMS,Foreign_Equity,-0.00361784,0.283012,36
2022-07-01,US_INITIAL_CLAIMS,Foreign_Equity,-0.0036164,0.28301,36
2022-08-01,US_INITIAL_CLAIMS,Foreign_Equity,-0.00361626,0.284193,36
2022-09-01,US_INITIAL_CLAIMS,Foreign_Equity,-0.00360832,0.268743,36
2022-10-01,US_INITIAL_CLAIMS,Foreign_Equity,-0.00360906,0.266608,36
2022-11-01,US_INITIAL_CLAIMS,Foreign_Equity,-0.00360789,0.25368,36
2022-12-01,US_INITIAL_CLAIMS,Foreign_Equity,-0.00360914,0.254615,36
2023-01-01,US_INITIAL_CLAIMS,Foreign_Equity,-0.00360798,0.253573,36
2023-02-01,US_INITIAL_CLAIMS,Foreign_Equity,-0.00360842,0.254999,36
2023-03-01,US_INITIAL_CLAIMS,Foreign_Equity,-0.00100252,0.032584,36
2023-04-01,US_INITIAL_CLAIMS,Foreign_Equity,-0.00201465,0.068213,36
2023-05-01,US_INITIAL_CLAIMS,Foreign_Equity,-0.00985613,0.165938,36
2023-06-01,US_INITIAL_CLAIMS,Foreign_Equity,-0.0092609,0.061775,36
2023-07-01,US_INITIAL_CLAIMS,Foreign_Equity,-0.00898673,0.056017,36
2023-08-01,US_INITIAL_CLAIMS,Foreign_Equity,-0.00829515,0.011103,36
2023-09-01,US_INITIAL_CLAIMS,Foreign_Equity,-0.00985511,0.014841,36
2023-10-01,US_INITIAL_CLAIMS,Foreign_Equity,-0.01025464,0.014683,36
2023-11-01,US_INITIAL_CLAIMS,Foreign_Equity,-0.00599123,0.005245,36
2023-12-01,US_INITIAL_CLAIMS,Foreign_Equity,-0.01844392,0.038683,36
2024-01-01,US_INITIAL_CLAIMS,Foreign_Equity,-0.01821333,0.038754,36
2024-02-01,US_INITIAL_CLAIMS,Foreign_Equity,-0.01530746,0.025056,36
2024-03-01,US_INITIAL_CLAIMS,Foreign_Equity,-0.01251528,0.014205,36
2024-04-01,US_INITIAL_CLAIMS,Foreign_Equity,-0.00676955,0.003637,36
2024-05-01,US_INITIAL_CLAIMS,Foreign_Equity,0.00269479,0.000326,36
2024-06-01,US_INITIAL_CLAIMS,Foreign_Equity,0.00557851,0.001165,36
2024-07-01,US_INITIAL_CLAIMS,Foreign_Equity,0.00541871,0.000988,36
2024-08-01,US_INITIAL_CLAIMS,Foreign_Equity,0.00566356,0.001076,36
2024-09-01,US_INITIAL_CLAIMS,Foreign_Equity,0.00491962,0.000799,36
2024-10-01,US_INITIAL_CLAIMS,Foreign_Equity,0.0172009,0.006015,36
2024-11-01,US_INITIAL_CLAIMS,Foreign_Equity,0.0340185,0.017185,36
2024-12-01,US_INITIAL_CLAIMS,Foreign_Equity,0.02659929,0.009748,36
2025-01-01,US_INITIAL_CLAIMS,Foreign_Equity,0.03068087,0.011656,36
2025-02-01,US_INITIAL_CLAIMS,Foreign_Equity,0.02678429,0.008308,36
2025-03-01,US_INITIAL_CLAIMS,Foreign_Equity,0.02669868,0.008027,36
2025-04-01,US_INITIAL_CLAIMS,Foreign_Equity,0.02335062,0.005673,36
2025-05-01,US_INITIAL_CLAIMS,Foreign_Equity,0.02473605,0.006612,36
2025-06-01,US_INITIAL_CLAIMS,Foreign_Equity,0.02909532,0.009588,36
2025-07-01,US_INITIAL_CLAIMS,Foreign_Equity,0.02205078,0.005942,36
2025-08-01,US_INITIAL_CLAIMS,Foreign_Equity,0.02303019,0.006866,36
2025-09-01,US_INITIAL_CLAIMS,Foreign_Equity,-0.00865852,0.001042,36
2025-10-01,US_INITIAL_CLAIMS,Foreign_Equity,-0.004541,0.000303,36
2025-11-01,US_INITIAL_CLAIMS,Foreign_Equity,-0.01481362,0.003724,36
2025-12-01,US_INITIAL_CLAIMS,Foreign_Equity,-0.01616687,0.004404,36
2026-01-01,US_INITIAL_CLAIMS,Foreign_Equity,-0.01833509,0.005685,36
2026-02-01,US_INITIAL_CLAIMS,Foreign_Equity,-0.01648185,0.004444,36
2026-03-01,US_INITIAL_CLAIMS,Foreign_Equity,0.01539183,0.003814,36
2026-04-01,US_INITIAL_CLAIMS,Foreign_Equity,0.02175944,0.007382,36
2026-05-01,US_INITIAL_CLAIMS,Foreign_Equity,0.03057772,0.014823,36
2026-06-01,US_INITIAL_CLAIMS,Foreign_Equity,0.02850226,0.011125,36
2026-07-01,US_INITIAL_CLAIMS,Foreign_Equity,0.04209382,0.023029,35
2013-12-01,US_INITIAL_CLAIMS,Bond,0.0116392,0.044482,35
2014-01-01,US_INITIAL_CLAIMS,Bond,0.01153821,0.045051,36
2014-02-01,US_INITIAL_CLAIMS,Bond,0.01140458,0.041974,36
2014-03-01,US_INITIAL_CLAIMS,Bond,0.01065227,0.039834,36
2014-04-01,US_INITIAL_CLAIMS,Bond,0.0107233,0.039098,36
2014-05-01,US_INITIAL_CLAIMS,Bond,0.00980958,0.032942,36
2014-06-01,US_INITIAL_CLAIMS,Bond,0.0100432,0.034526,36
2014-07-01,US_INITIAL_CLAIMS,Bond,0.0087509,0.025029,36
2014-08-01,US_INITIAL_CLAIMS,Bond,0.00860683,0.026368,36
2014-09-01,US_INITIAL_CLAIMS,Bond,0.00703865,0.018368,36
2014-10-01,US_INITIAL_CLAIMS,Bond,0.00558569,0.010909,36
2014-11-01,US_INITIAL_CLAIMS,Bond,0.00605455,0.012707,36
2014-12-01,US_INITIAL_CLAIMS,Bond,0.00595967,0.012212,36
2015-01-01,US_INITIAL_CLAIMS,Bond,0.00689053,0.015251,36
2015-02-01,US_INITIAL_CLAIMS,Bond,0.00663322,0.014324,36
2015-03-01,US_INITIAL_CLAIMS,Bond,0.00698417,0.01699,36
2015-04-01,US_INITIAL_CLAIMS,Bond,0.00718574,0.017345,36
2015-05-01,US_INITIAL_CLAIMS,Bond,0.01005475,0.029069,36
2015-06-01,US_INITIAL_CLAIMS,Bond,0.00951009,0.026078,36
2015-07-01,US_INITIAL_CLAIMS,Bond,0.01025757,0.034573,36
2015-08-01,US_INITIAL_CLAIMS,Bond,0.00981166,0.032703,36
2015-09-01,US_INITIAL_CLAIMS,Bond,0.00968456,0.031241,36
2015-10-01,US_INITIAL_CLAIMS,Bond,0.01027812,0.034457,36
2015-11-01,US_INITIAL_CLAIMS,Bond,0.01270288,0.042021,36
2015-12-01,US_INITIAL_CLAIMS,Bond,0.00934878,0.01838,36
2016-01-01,US_INITIAL_CLAIMS,Bond,0.01081384,0.024687,36
2016-02-01,US_INITIAL_CLAIMS,Bond,0.00885742,0.016347,36
2016-03-01,US_INITIAL_CLAIMS,Bond,0.00881018,0.016274,36
2016-04-01,US_INITIAL_CLAIMS,Bond,0.00888237,0.016646,36
2016-05-01,US_INITIAL_CLAIMS,Bond,0.00873238,0.016567,36
2016-06-01,US_INITIAL_CLAIMS,Bond,0.00729646,0.015709,36
2016-07-01,US_INITIAL_CLAIMS,Bond,0.0075421,0.017425,36
2016-08-01,US_INITIAL_CLAIMS,Bond,0.00492664,0.007746,36
2016-09-01,US_INITIAL_CLAIMS,Bond,0.00769905,0.017253,36
2016-10-01,US_INITIAL_CLAIMS,Bond,0.00665999,0.007519,36
2016-11-01,US_INITIAL_CLAIMS,Bond,0.00441463,0.002019,36
2016-12-01,US_INITIAL_CLAIMS,Bond,0.00449577,0.001702,36
2017-01-01,US_INITIAL_CLAIMS,Bond,0.00405547,0.001233,36
2017-02-01,US_INITIAL_CLAIMS,Bond,0.00386063,0.001119,36
2017-03-01,US_INITIAL_CLAIMS,Bond,0.00062954,2.8e-05,36
2017-04-01,US_INITIAL_CLAIMS,Bond,0.00085817,5.2e-05,36
2017-05-01,US_INITIAL_CLAIMS,Bond,-0.00128563,0.000126,36
2017-06-01,US_INITIAL_CLAIMS,Bond,0.00017018,2e-06,36
2017-07-01,US_INITIAL_CLAIMS,Bond,0.00510448,0.002129,36
2017-08-01,US_INITIAL_CLAIMS,Bond,0.00556259,0.002522,36
2017-09-01,US_INITIAL_CLAIMS,Bond,0.0040855,0.001781,36
2017-10-01,US_INITIAL_CLAIMS,Bond,0.01430655,0.029545,36
2017-11-01,US_INITIAL_CLAIMS,Bond,0.01264975,0.023244,36
2017-12-01,US_INITIAL_CLAIMS,Bond,0.01239598,0.022053,36
2018-01-01,US_INITIAL_CLAIMS,Bond,0.01181739,0.021823,36
2018-02-01,US_INITIAL_CLAIMS,Bond,0.01266283,0.024081,36
2018-03-01,US_INITIAL_CLAIMS,Bond,0.01679987,0.04009,36
2018-04-01,US_INITIAL_CLAIMS,Bond,0.01571343,0.035411,36
2018-05-01,US_INITIAL_CLAIMS,Bond,0.0100741,0.016244,36
2018-06-01,US_INITIAL_CLAIMS,Bond,0.01059056,0.017595,36
2018-07-01,US_INITIAL_CLAIMS,Bond,0.00752529,0.00895,36
2018-08-01,US_INITIAL_CLAIMS,Bond,0.00786971,0.010004,36
2018-09-01,US_INITIAL_CLAIMS,Bond,0.00818632,0.010537,36
2018-10-01,US_INITIAL_CLAIMS,Bond,0.00790033,0.010396,36
2018-11-01,US_INITIAL_CLAIMS,Bond,0.01140675,0.023196,36
2018-12-01,US_INITIAL_CLAIMS,Bond,0.01121615,0.020793,36
2019-01-01,US_INITIAL_CLAIMS,Bond,0.00884964,0.013092,36
2019-02-01,US_INITIAL_CLAIMS,Bond,0.01336489,0.030875,36
2019-03-01,US_INITIAL_CLAIMS,Bond,0.01231958,0.026877,36
2019-04-01,US_INITIAL_CLAIMS,Bond,0.01200272,0.02527,36
2019-05-01,US_INITIAL_CLAIMS,Bond,0.01271516,0.02824,36
2019-06-01,US_INITIAL_CLAIMS,Bond,0.01800395,0.055094,36
2019-07-01,US_INITIAL_CLAIMS,Bond,0.01578411,0.04796,36
2019-08-01,US_INITIAL_CLAIMS,Bond,0.01771717,0.054111,36
2019-09-01,US_INITIAL_CLAIMS,Bond,0.01632821,0.042882,36
2019-10-01,US_INITIAL_CLAIMS,Bond,0.01614304,0.040403,36
2019-11-01,US_INITIAL_CLAIMS,Bond,0.00568,0.006256,36
2019-12-01,US_INITIAL_CLAIMS,Bond,0.00955627,0.01962,36
2020-01-01,US_INITIAL_CLAIMS,Bond,0.00984688,0.022812,36
2020-02-01,US_INITIAL_CLAIMS,Bond,0.00815075,0.014901,36
2020-03-01,US_INITIAL_CLAIMS,Bond,8.383e-05,0.001845,36
2020-04-01,US_INITIAL_CLAIMS,Bond,-2.735e-05,0.000418,36
2020-05-01,US_INITIAL_CLAIMS,Bond,-9.623e-05,0.00888,36
2020-06-01,US_INITIAL_CLAIMS,Bond,-8.428e-05,0.0071,36
2020-07-01,US_INITIAL_CLAIMS,Bond,-8.535e-05,0.007482,36
2020-08-01,US_INITIAL_CLAIMS,Bond,-7.649e-05,0.006109,36
2020-09-01,US_INITIAL_CLAIMS,Bond,-7.14e-05,0.005042,36
2020-10-01,US_INITIAL_CLAIMS,Bond,-7.351e-05,0.005763,36
2020-11-01,US_INITIAL_CLAIMS,Bond,-7.099e-05,0.005287,36
2020-12-01,US_INITIAL_CLAIMS,Bond,-7.293e-05,0.005507,36
2021-01-01,US_INITIAL_CLAIMS,Bond,-7.362e-05,0.005899,36
2021-02-01,US_INITIAL_CLAIMS,Bond,-7.083e-05,0.005529,36
2021-03-01,US_INITIAL_CLAIMS,Bond,-6.294e-05,0.003954,36
2021-04-01,US_INITIAL_CLAIMS,Bond,-6.212e-05,0.00387,36
2021-05-01,US_INITIAL_CLAIMS,Bond,-5.764e-05,0.003341,36
2021-06-01,US_INITIAL_CLAIMS,Bond,-5.784e-05,0.003433,36
2021-07-01,US_INITIAL_CLAIMS,Bond,-5.9e-05,0.003552,36
2021-08-01,US_INITIAL_CLAIMS,Bond,-5.914e-05,0.0036,36
2021-09-01,US_INITIAL_CLAIMS,Bond,-5.822e-05,0.003435,36
2021-10-01,US_INITIAL_CLAIMS,Bond,-4.94e-05,0.001989,36
2021-11-01,US_INITIAL_CLAIMS,Bond,-5.092e-05,0.002176,36
2021-12-01,US_INITIAL_CLAIMS,Bond,-5.217e-05,0.002365,36
2022-01-01,US_INITIAL_CLAIMS,Bond,-5.451e-05,0.002236,36
2022-02-01,US_INITIAL_CLAIMS,Bond,-5.326e-05,0.002041,36
2022-03-01,US_INITIAL_CLAIMS,Bond,-5.295e-05,0.002017,36
2022-04-01,US_INITIAL_CLAIMS,Bond,-5.259e-05,0.00163,36
2022-05-01,US_INITIAL_CLAIMS,Bond,-5.289e-05,0.001669,36
2022-06-01,US_INITIAL_CLAIMS,Bond,-5.383e-05,0.001707,36
2022-07-01,US_INITIAL_CLAIMS,Bond,-5.203e-05,0.001345,36
2022-08-01,US_INITIAL_CLAIMS,Bond,-5.23e-05,0.001497,36
2022-09-01,US_INITIAL_CLAIMS,Bond,-4.904e-05,0.001037,36
2022-10-01,US_INITIAL_CLAIMS,Bond,-4.946e-05,0.000995,36
2022-11-01,US_INITIAL_CLAIMS,Bond,-4.761e-05,0.000792,36
2022-12-01,US_INITIAL_CLAIMS,Bond,-4.856e-05,0.000725,36
2023-01-01,US_INITIAL_CLAIMS,Bond,-4.851e-05,0.000706,36
2023-02-01,US_INITIAL_CLAIMS,Bond,-4.812e-05,0.000705,36
2023-03-01,US_INITIAL_CLAIMS,Bond,-0.00016724,0.006196,36
2023-04-01,US_INITIAL_CLAIMS,Bond,-0.0003513,0.013954,36
2023-05-01,US_INITIAL_CLAIMS,Bond,-0.00016788,0.000329,36
2023-06-01,US_INITIAL_CLAIMS,Bond,1.964e-05,2e-06,36
2023-07-01,US_INITIAL_CLAIMS,Bond,0.00016544,0.000118,36
2023-08-01,US_INITIAL_CLAIMS,Bond,0.00208212,0.004146,36
2023-09-01,US_INITIAL_CLAIMS,Bond,0.00172214,0.002706,36
2023-10-01,US_INITIAL_CLAIMS,Bond,0.0017559,0.002643,36
2023-11-01,US_INITIAL_CLAIMS,Bond,0.00291253,0.006367,36
2023-12-01,US_INITIAL_CLAIMS,Bond,0.00459577,0.010828,36
2024-01-01,US_INITIAL_CLAIMS,Bond,0.00495062,0.012611,36
2024-02-01,US_INITIAL_CLAIMS,Bond,0.00447755,0.009569,36
2024-03-01,US_INITIAL_CLAIMS,Bond,0.00313708,0.004126,36
2024-04-01,US_INITIAL_CLAIMS,Bond,0.00384005,0.005235,36
2024-05-01,US_INITIAL_CLAIMS,Bond,0.00468438,0.004376,36
2024-06-01,US_INITIAL_CLAIMS,Bond,0.00889124,0.012838,36
2024-07-01,US_INITIAL_CLAIMS,Bond,0.01314869,0.025226,36
2024-08-01,US_INITIAL_CLAIMS,Bond,0.01316241,0.024824,36
2024-09-01,US_INITIAL_CLAIMS,Bond,0.01303524,0.024592,36
2024-10-01,US_INITIAL_CLAIMS,Bond,0.00160309,0.000242,36
2024-11-01,US_INITIAL_CLAIMS,Bond,0.00339657,0.00079,36
2024-12-01,US_INITIAL_CLAIMS,Bond,0.00908529,0.005151,36
2025-01-01,US_INITIAL_CLAIMS,Bond,0.02049291,0.024663,36
2025-02-01,US_INITIAL_CLAIMS,Bond,0.01576874,0.013899,36
2025-03-01,US_INITIAL_CLAIMS,Bond,0.01508741,0.012744,36
2025-04-01,US_INITIAL_CLAIMS,Bond,0.01398917,0.012104,36
2025-05-01,US_INITIAL_CLAIMS,Bond,0.01276015,0.010129,36
2025-06-01,US_INITIAL_CLAIMS,Bond,0.01221483,0.009963,36
2025-07-01,US_INITIAL_CLAIMS,Bond,0.00959925,0.007032,36
2025-08-01,US_INITIAL_CLAIMS,Bond,0.0094248,0.006874,36
2025-09-01,US_INITIAL_CLAIMS,Bond,-0.00740028,0.004984,36
2025-10-01,US_INITIAL_CLAIMS,Bond,-0.00340002,0.0012,36
2025-11-01,US_INITIAL_CLAIMS,Bond,-0.00475175,0.00231,36
2025-12-01,US_INITIAL_CLAIMS,Bond,-0.0025213,0.000731,36
2026-01-01,US_INITIAL_CLAIMS,Bond,-0.00040005,1.9e-05,36
2026-02-01,US_INITIAL_CLAIMS,Bond,-0.00059061,3.9e-05,36
2026-03-01,US_INITIAL_CLAIMS,Bond,0.00035403,1.3e-05,36
2026-04-01,US_INITIAL_CLAIMS,Bond,0.00313739,0.001034,36
2026-05-01,US_INITIAL_CLAIMS,Bond,0.0021345,0.000427,36
2026-06-01,US_INITIAL_CLAIMS,Bond,0.00997479,0.008252,36
2026-07-01,US_INITIAL_CLAIMS,Bond,0.00918647,0.006516,35
2013-12-01,US_INITIAL_CLAIMS,Gold,0.0112796,0.00208,35
2014-01-01,US_INITIAL_CLAIMS,Gold,0.01844698,0.005563,36
2014-02-01,US_INITIAL_CLAIMS,Gold,0.01656534,0.004282,36
2014-03-01,US_INITIAL_CLAIMS,Gold,0.00945685,0.001363,36
2014-04-01,US_INITIAL_CLAIMS,Gold,0.00325502,0.000159,36
2014-05-01,US_INITIAL_CLAIMS,Gold,0.0028092,0.000121,36
2014-06-01,US_INITIAL_CLAIMS,Gold,0.0020356,6.3e-05,36
2014-07-01,US_INITIAL_CLAIMS,Gold,-0.00386665,0.000213,36
2014-08-01,US_INITIAL_CLAIMS,Gold,-0.00429446,0.000268,36
2014-09-01,US_INITIAL_CLAIMS,Gold,-0.01965797,0.007281,36
2014-10-01,US_INITIAL_CLAIMS,Gold,-0.01681675,0.005128,36
2014-11-01,US_INITIAL_CLAIMS,Gold,-0.0250752,0.011502,36
2014-12-01,US_INITIAL_CLAIMS,Gold,-0.02133083,0.008429,36
2015-01-01,US_INITIAL_CLAIMS,Gold,-0.01806153,0.006321,36
2015-02-01,US_INITIAL_CLAIMS,Gold,-0.00659642,0.000817,36
2015-03-01,US_INITIAL_CLAIMS,Gold,-0.0033338,0.000223,36
2015-04-01,US_INITIAL_CLAIMS,Gold,0.00384162,0.000291,36
2015-05-01,US_INITIAL_CLAIMS,Gold,0.00419677,0.000349,36
2015-06-01,US_INITIAL_CLAIMS,Gold,0.00731455,0.001074,36
2015-07-01,US_INITIAL_CLAIMS,Gold,0.00751096,0.001142,36
2015-08-01,US_INITIAL_CLAIMS,Gold,0.00719897,0.000967,36
2015-09-01,US_INITIAL_CLAIMS,Gold,0.00131001,3.1e-05,36
2015-10-01,US_INITIAL_CLAIMS,Gold,0.01207999,0.002988,36
2015-11-01,US_INITIAL_CLAIMS,Gold,0.00715808,0.000881,36
2015-12-01,US_INITIAL_CLAIMS,Gold,0.00363266,0.000172,36
2016-01-01,US_INITIAL_CLAIMS,Gold,0.0108726,0.001519,36
2016-02-01,US_INITIAL_CLAIMS,Gold,0.00020907,1e-06,36
2016-03-01,US_INITIAL_CLAIMS,Gold,-0.00141121,2e-05,36
2016-04-01,US_INITIAL_CLAIMS,Gold,-0.00256091,6.6e-05,36
2016-05-01,US_INITIAL_CLAIMS,Gold,0.00964929,0.000972,36
2016-06-01,US_INITIAL_CLAIMS,Gold,0.01497116,0.002344,36
2016-07-01,US_INITIAL_CLAIMS,Gold,0.01123505,0.00111,36
2016-08-01,US_INITIAL_CLAIMS,Gold,0.00336208,0.000101,36
2016-09-01,US_INITIAL_CLAIMS,Gold,0.02034839,0.003673,36
2016-10-01,US_INITIAL_CLAIMS,Gold,0.02653343,0.003638,36
2016-11-01,US_INITIAL_CLAIMS,Gold,0.00444409,8e-05,36
2016-12-01,US_INITIAL_CLAIMS,Gold,-0.00780921,0.000191,36
2017-01-01,US_INITIAL_CLAIMS,Gold,-0.0440718,0.00556,36
2017-02-01,US_INITIAL_CLAIMS,Gold,-0.07510889,0.01594,36
2017-03-01,US_INITIAL_CLAIMS,Gold,-0.04257283,0.004958,36
2017-04-01,US_INITIAL_CLAIMS,Gold,-0.05042081,0.006996,36
2017-05-01,US_INITIAL_CLAIMS,Gold,-0.05960186,0.010605,36
2017-06-01,US_INITIAL_CLAIMS,Gold,-0.0395884,0.00502,36
2017-07-01,US_INITIAL_CLAIMS,Gold,-0.02199956,0.001523,36
2017-08-01,US_INITIAL_CLAIMS,Gold,-0.02357666,0.001719,36
2017-09-01,US_INITIAL_CLAIMS,Gold,0.03051349,0.003608,36
2017-10-01,US_INITIAL_CLAIMS,Gold,0.06251945,0.019494,36
2017-11-01,US_INITIAL_CLAIMS,Gold,0.06748304,0.023696,36
2017-12-01,US_INITIAL_CLAIMS,Gold,0.07473431,0.029335,36
2018-01-01,US_INITIAL_CLAIMS,Gold,0.06669973,0.02298,36
2018-02-01,US_INITIAL_CLAIMS,Gold,0.05085707,0.013292,36
2018-03-01,US_INITIAL_CLAIMS,Gold,0.03060066,0.004718,36
2018-04-01,US_INITIAL_CLAIMS,Gold,0.03014161,0.004568,36
2018-05-01,US_INITIAL_CLAIMS,Gold,0.02401936,0.002803,36
2018-06-01,US_INITIAL_CLAIMS,Gold,0.02307345,0.002587,36
2018-07-01,US_INITIAL_CLAIMS,Gold,0.03775212,0.007032,36
2018-08-01,US_INITIAL_CLAIMS,Gold,0.03545102,0.006614,36
2018-09-01,US_INITIAL_CLAIMS,Gold,0.04076984,0.008833,36
2018-10-01,US_INITIAL_CLAIMS,Gold,0.03990955,0.008707,36
2018-11-01,US_INITIAL_CLAIMS,Gold,0.04778263,0.013263,36
2018-12-01,US_INITIAL_CLAIMS,Gold,0.05335534,0.017153,36
2019-01-01,US_INITIAL_CLAIMS,Gold,0.04804777,0.013432,36
2019-02-01,US_INITIAL_CLAIMS,Gold,0.06410308,0.023439,36
2019-03-01,US_INITIAL_CLAIMS,Gold,0.07383486,0.037094,36
2019-04-01,US_INITIAL_CLAIMS,Gold,0.0761045,0.039368,36
2019-05-01,US_INITIAL_CLAIMS,Gold,0.05992863,0.025392,36
2019-06-01,US_INITIAL_CLAIMS,Gold,0.05580631,0.022828,36
2019-07-01,US_INITIAL_CLAIMS,Gold,0.04613004,0.021247,36
2019-08-01,US_INITIAL_CLAIMS,Gold,0.05364152,0.025991,36
2019-09-01,US_INITIAL_CLAIMS,Gold,0.05107606,0.022454,36
2019-10-01,US_INITIAL_CLAIMS,Gold,0.05663084,0.028998,36
2019-11-01,US_INITIAL_CLAIMS,Gold,0.05469837,0.027757,36
2019-12-01,US_INITIAL_CLAIMS,Gold,0.06738685,0.059064,36
2020-01-01,US_INITIAL_CLAIMS,Gold,0.04365559,0.026231,36
2020-02-01,US_INITIAL_CLAIMS,Gold,0.05317583,0.038167,36
2020-03-01,US_INITIAL_CLAIMS,Gold,0.00192559,0.055733,36
2020-04-01,US_INITIAL_CLAIMS,Gold,0.00025607,0.002054,36
2020-05-01,US_INITIAL_CLAIMS,Gold,-0.00064574,0.020778,36
2020-06-01,US_INITIAL_CLAIMS,Gold,-0.00060927,0.019311,36
2020-07-01,US_INITIAL_CLAIMS,Gold,-0.00064029,0.023082,36
2020-08-01,US_INITIAL_CLAIMS,Gold,-0.0009876,0.036954,36
2020-09-01,US_INITIAL_CLAIMS,Gold,-0.00096619,0.035547,36
2020-10-01,US_INITIAL_CLAIMS,Gold,-0.00096832,0.03823,36
2020-11-01,US_INITIAL_CLAIMS,Gold,-0.00096641,0.038139,36
2020-12-01,US_INITIAL_CLAIMS,Gold,-0.00099516,0.037139,36
2021-01-01,US_INITIAL_CLAIMS,Gold,-0.00099789,0.036321,36
2021-02-01,US_INITIAL_CLAIMS,Gold,-0.00096679,0.031654,36
2021-03-01,US_INITIAL_CLAIMS,Gold,-0.00092643,0.026623,36
2021-04-01,US_INITIAL_CLAIMS,Gold,-0.00093009,0.026824,36
2021-05-01,US_INITIAL_CLAIMS,Gold,-0.00095245,0.028104,36
2021-06-01,US_INITIAL_CLAIMS,Gold,-0.00096681,0.028512,36
2021-07-01,US_INITIAL_CLAIMS,Gold,-0.00095672,0.027335,36
2021-08-01,US_INITIAL_CLAIMS,Gold,-0.00095683,0.028008,36
2021-09-01,US_INITIAL_CLAIMS,Gold,-0.00095771,0.028477,36
2021-10-01,US_INITIAL_CLAIMS,Gold,-0.00093929,0.026622,36
2021-11-01,US_INITIAL_CLAIMS,Gold,-0.00094131,0.026782,36
2021-12-01,US_INITIAL_CLAIMS,Gold,-0.00093958,0.026589,36
2022-01-01,US_INITIAL_CLAIMS,Gold,-0.00093913,0.026826,36
2022-02-01,US_INITIAL_CLAIMS,Gold,-0.00093769,0.026785,36
2022-03-01,US_INITIAL_CLAIMS,Gold,-0.00094077,0.025743,36
2022-04-01,US_INITIAL_CLAIMS,Gold,-0.00094082,0.025783,36
2022-05-01,US_INITIAL_CLAIMS,Gold,-0.00093899,0.0251,36
2022-06-01,US_INITIAL_CLAIMS,Gold,-0.00094059,0.025294,36
2022-07-01,US_INITIAL_CLAIMS,Gold,-0.00093865,0.024332,36
2022-08-01,US_INITIAL_CLAIMS,Gold,-0.00093944,0.025681,36
2022-09-01,US_INITIAL_CLAIMS,Gold,-0.00093465,0.025031,36
2022-10-01,US_INITIAL_CLAIMS,Gold,-0.00093447,0.025319,36
2022-11-01,US_INITIAL_CLAIMS,Gold,-0.0009356,0.024924,36
2022-12-01,US_INITIAL_CLAIMS,Gold,-0.00093538,0.022751,36
2023-01-01,US_INITIAL_CLAIMS,Gold,-0.00093202,0.022673,36
2023-02-01,US_INITIAL_CLAIMS,Gold,-0.00092958,0.022336,36
2023-03-01,US_INITIAL_CLAIMS,Gold,-0.00203625,0.076951,36
2023-04-01,US_INITIAL_CLAIMS,Gold,-0.00284727,0.070737,36
2023-05-01,US_INITIAL_CLAIMS,Gold,-0.00925618,0.078772,36
2023-06-01,US_INITIAL_CLAIMS,Gold,-0.02486212,0.213775,36
2023-07-01,US_INITIAL_CLAIMS,Gold,-0.02462521,0.206184,36
2023-08-01,US_INITIAL_CLAIMS,Gold,-0.0004359,1.9e-05,36
2023-09-01,US_INITIAL_CLAIMS,Gold,-0.00345172,0.001168,36
2023-10-01,US_INITIAL_CLAIMS,Gold,-0.00633949,0.003686,36
2023-11-01,US_INITIAL_CLAIMS,Gold,-0.00193202,0.000297,36
2023-12-01,US_INITIAL_CLAIMS,Gold,0.01203471,0.009585,36
2024-01-01,US_INITIAL_CLAIMS,Gold,0.0112197,0.008848,36
2024-02-01,US_INITIAL_CLAIMS,Gold,0.00349719,0.000833,36
2024-03-01,US_INITIAL_CLAIMS,Gold,-0.00752964,0.003466,36
2024-04-01,US_INITIAL_CLAIMS,Gold,-0.00545799,0.001466,36
2024-05-01,US_INITIAL_CLAIMS,Gold,0.0125584,0.004437,36
2024-06-01,US_INITIAL_CLAIMS,Gold,0.03275921,0.025899,36
2024-07-01,US_INITIAL_CLAIMS,Gold,0.02013207,0.009334,36
2024-08-01,US_INITIAL_CLAIMS,Gold,0.01911723,0.008341,36
2024-09-01,US_INITIAL_CLAIMS,Gold,0.01844349,0.007649,36
2024-10-01,US_INITIAL_CLAIMS,Gold,0.00202541,5.6e-05,36
2024-11-01,US_INITIAL_CLAIMS,Gold,0.00396665,0.000156,36
2024-12-01,US_INITIAL_CLAIMS,Gold,-0.00462023,0.000192,36
2025-01-01,US_INITIAL_CLAIMS,Gold,-0.00448545,0.000163,36
2025-02-01,US_INITIAL_CLAIMS,Gold,0.01002019,0.000668,36
2025-03-01,US_INITIAL_CLAIMS,Gold,0.01459726,0.001476,36
2025-04-01,US_INITIAL_CLAIMS,Gold,0.01834107,0.002149,36
2025-05-01,US_INITIAL_CLAIMS,Gold,0.01764685,0.002045,36
2025-06-01,US_INITIAL_CLAIMS,Gold,0.01740048,0.002034,36
2025-07-01,US_INITIAL_CLAIMS,Gold,0.04029906,0.01244,36
2025-08-01,US_INITIAL_CLAIMS,Gold,0.03935659,0.012045,36
2025-09-01,US_INITIAL_CLAIMS,Gold,0.019933,0.002875,36
2025-10-01,US_INITIAL_CLAIMS,Gold,0.00517432,0.000174,36
2025-11-01,US_INITIAL_CLAIMS,Gold,0.01661835,0.001869,36
2025-12-01,US_INITIAL_CLAIMS,Gold,0.02014851,0.002896,36
2026-01-01,US_INITIAL_CLAIMS,Gold,0.01074702,0.000794,36
2026-02-01,US_INITIAL_CLAIMS,Gold,0.0108825,0.000789,36
2026-03-01,US_INITIAL_CLAIMS,Gold,0.04639233,0.014588,36
2026-04-01,US_INITIAL_CLAIMS,Gold,0.07044532,0.033213,36
2026-05-01,US_INITIAL_CLAIMS,Gold,0.07450053,0.036063,36
2026-06-01,US_INITIAL_CLAIMS,Gold,0.0996589,0.053115,36
2026-07-01,US_INITIAL_CLAIMS,Gold,0.14846467,0.097969,36
2013-12-01,US_NFP_SURPRISE,Domestic_Equity,0.01764945,0.115619,35
2014-01-01,US_NFP_SURPRISE,Domestic_Equity,0.01762469,0.114433,36
2014-02-01,US_NFP_SURPRISE,Domestic_Equity,0.01844395,0.128889,36
2014-03-01,US_NFP_SURPRISE,Domestic_Equity,0.01835152,0.131909,36
2014-04-01,US_NFP_SURPRISE,Domestic_Equity,0.0143711,0.091777,36
2014-05-01,US_NFP_SURPRISE,Domestic_Equity,0.0143298,0.088563,36
2014-06-01,US_NFP_SURPRISE,Domestic_Equity,0.01360473,0.089833,36
2014-07-01,US_NFP_SURPRISE,Domestic_Equity,0.01783632,0.145035,36
2014-08-01,US_NFP_SURPRISE,Domestic_Equity,0.01333004,0.142152,36
2014-09-01,US_NFP_SURPRISE,Domestic_Equity,0.01254481,0.143108,36
2014-10-01,US_NFP_SURPRISE,Domestic_Equity,0.0114602,0.107217,36
2014-11-01,US_NFP_SURPRISE,Domestic_Equity,0.01213935,0.123974,36
2014-12-01,US_NFP_SURPRISE,Domestic_Equity,0.01144959,0.112371,36
2015-01-01,US_NFP_SURPRISE,Domestic_Equity,0.01144307,0.099438,36
2015-02-01,US_NFP_SURPRISE,Domestic_Equity,0.01016993,0.089278,36
2015-03-01,US_NFP_SURPRISE,Domestic_Equity,0.00783566,0.054398,36
2015-04-01,US_NFP_SURPRISE,Domestic_Equity,0.00918473,0.064198,36
2015-05-01,US_NFP_SURPRISE,Domestic_Equity,0.00568054,0.030102,36
2015-06-01,US_NFP_SURPRISE,Domestic_Equity,0.00489728,0.020172,36
2015-07-01,US_NFP_SURPRISE,Domestic_Equity,0.00402368,0.013669,36
2015-08-01,US_NFP_SURPRISE,Domestic_Equity,0.00759223,0.049462,36
2015-09-01,US_NFP_SURPRISE,Domestic_Equity,0.00823182,0.060364,36
2015-10-01,US_NFP_SURPRISE,Domestic_Equity,0.00984759,0.081057,36
2015-11-01,US_NFP_SURPRISE,Domestic_Equity,0.00914743,0.069853,36
2015-12-01,US_NFP_SURPRISE,Domestic_Equity,0.00796465,0.056262,36
2016-01-01,US_NFP_SURPRISE,Domestic_Equity,0.00969105,0.080691,36
2016-02-01,US_NFP_SURPRISE,Domestic_Equity,0.01001473,0.084053,36
2016-03-01,US_NFP_SURPRISE,Domestic_Equity,0.01145225,0.100198,36
2016-04-01,US_NFP_SURPRISE,Domestic_Equity,0.01068232,0.089519,36
2016-05-01,US_NFP_SURPRISE,Domestic_Equity,0.010302,0.098903,36
2016-06-01,US_NFP_SURPRISE,Domestic_Equity,0.00958649,0.094412,36
2016-07-01,US_NFP_SURPRISE,Domestic_Equity,0.00932142,0.094103,36
2016-08-01,US_NFP_SURPRISE,Domestic_Equity,0.00828395,0.076134,36
2016-09-01,US_NFP_SURPRISE,Domestic_Equity,0.00909595,0.105004,36
2016-10-01,US_NFP_SURPRISE,Domestic_Equity,0.00854673,0.101855,36
2016-11-01,US_NFP_SURPRISE,Domestic_Equity,0.00963761,0.128657,36
2016-12-01,US_NFP_SURPRISE,Domestic_Equity,0.01013147,0.123676,36
2017-01-01,US_NFP_SURPRISE,Domestic_Equity,0.00980557,0.115657,36
2017-02-01,US_NFP_SURPRISE,Domestic_Equity,0.00973341,0.111143,36
2017-03-01,US_NFP_SURPRISE,Domestic_Equity,0.00822193,0.08009,36
2017-04-01,US_NFP_SURPRISE,Domestic_Equity,0.00770342,0.068322,36
2017-05-01,US_NFP_SURPRISE,Domestic_Equity,0.00730561,0.051936,36
2017-06-01,US_NFP_SURPRISE,Domestic_Equity,0.00772181,0.051708,36
2017-07-01,US_NFP_SURPRISE,Domestic_Equity,0.00750203,0.04877,36
2017-08-01,US_NFP_SURPRISE,Domestic_Equity,0.0082229,0.059101,36
2017-09-01,US_NFP_SURPRISE,Domestic_Equity,0.00867911,0.068821,36
2017-10-01,US_NFP_SURPRISE,Domestic_Equity,0.00833816,0.07073,36
2017-11-01,US_NFP_SURPRISE,Domestic_Equity,0.00886568,0.075098,36
2017-12-01,US_NFP_SURPRISE,Domestic_Equity,0.01050241,0.099635,36
2018-01-01,US_NFP_SURPRISE,Domestic_Equity,0.00994061,0.091492,36
2018-02-01,US_NFP_SURPRISE,Domestic_Equity,0.00481534,0.023696,36
2018-03-01,US_NFP_SURPRISE,Domestic_Equity,0.00601097,0.035853,36
2018-04-01,US_NFP_SURPRISE,Domestic_Equity,0.00476306,0.0243,36
2018-05-01,US_NFP_SURPRISE,Domestic_Equity,0.00472256,0.023314,36
2018-06-01,US_NFP_SURPRISE,Domestic_Equity,0.00407939,0.017348,36
2018-07-01,US_NFP_SURPRISE,Domestic_Equity,0.00729448,0.051808,36
2018-08-01,US_NFP_SURPRISE,Domestic_Equity,0.00567448,0.035817,36
2018-09-01,US_NFP_SURPRISE,Domestic_Equity,0.00477083,0.026692,36
2018-10-01,US_NFP_SURPRISE,Domestic_Equity,0.00395663,0.015165,36
2018-11-01,US_NFP_SURPRISE,Domestic_Equity,0.00563472,0.030053,36
2018-12-01,US_NFP_SURPRISE,Domestic_Equity,0.00644678,0.038682,36
2019-01-01,US_NFP_SURPRISE,Domestic_Equity,0.00580358,0.033402,36
2019-02-01,US_NFP_SURPRISE,Domestic_Equity,0.00175227,0.003156,36
2019-03-01,US_NFP_SURPRISE,Domestic_Equity,0.00044498,0.000205,36
2019-04-01,US_NFP_SURPRISE,Domestic_Equity,0.00119486,0.00153,36
2019-05-01,US_NFP_SURPRISE,Domestic_Equity,0.00348589,0.012003,36
2019-06-01,US_NFP_SURPRISE,Domestic_Equity,0.00346828,0.011776,36
2019-07-01,US_NFP_SURPRISE,Domestic_Equity,0.00348502,0.01059,36
2019-08-01,US_NFP_SURPRISE,Domestic_Equity,0.00234017,0.004203,36
2019-09-01,US_NFP_SURPRISE,Domestic_Equity,0.00289009,0.005528,36
2019-10-01,US_NFP_SURPRISE,Domestic_Equity,0.00256854,0.004367,36
2019-11-01,US_NFP_SURPRISE,Domestic_Equity,0.00221114,0.003188,36
2019-12-01,US_NFP_SURPRISE,Domestic_Equity,0.00165834,0.00181,36
2020-01-01,US_NFP_SURPRISE,Domestic_Equity,0.00191465,0.002416,36
2020-02-01,US_NFP_SURPRISE,Domestic_Equity,0.00104118,0.000724,36
2020-03-01,US_NFP_SURPRISE,Domestic_Equity,0.01033926,0.436429,36
2020-04-01,US_NFP_SURPRISE,Domestic_Equity,-0.00013804,0.011899,36
2020-05-01,US_NFP_SURPRISE,Domestic_Equity,-0.00010111,0.006556,36
2020-06-01,US_NFP_SURPRISE,Domestic_Equity,4.8e-07,0.0,36
2020-07-01,US_NFP_SURPRISE,Domestic_Equity,1.093e-05,7.3e-05,36
2020-08-01,US_NFP_SURPRISE,Domestic_Equity,3.981e-05,0.000918,36
2020-09-01,US_NFP_SURPRISE,Domestic_Equity,4.123e-05,0.000987,36
2020-10-01,US_NFP_SURPRISE,Domestic_Equity,3.788e-05,0.000848,36
2020-11-01,US_NFP_SURPRISE,Domestic_Equity,4.105e-05,0.000959,36
2020-12-01,US_NFP_SURPRISE,Domestic_Equity,4.174e-05,0.000888,36
2021-01-01,US_NFP_SURPRISE,Domestic_Equity,5.153e-05,0.001199,36
2021-02-01,US_NFP_SURPRISE,Domestic_Equity,5.568e-05,0.001423,36
2021-03-01,US_NFP_SURPRISE,Domestic_Equity,4.988e-05,0.001135,36
2021-04-01,US_NFP_SURPRISE,Domestic_Equity,5.379e-05,0.001304,36
2021-05-01,US_NFP_SURPRISE,Domestic_Equity,5.34e-05,0.001285,36
2021-06-01,US_NFP_SURPRISE,Domestic_Equity,5.931e-05,0.001601,36
2021-07-01,US_NFP_SURPRISE,Domestic_Equity,5.825e-05,0.001601,36
2021-08-01,US_NFP_SURPRISE,Domestic_Equity,5.46e-05,0.001394,36
2021-09-01,US_NFP_SURPRISE,Domestic_Equity,5.196e-05,0.001256,36
2021-10-01,US_NFP_SURPRISE,Domestic_Equity,4.454e-05,0.000944,36
2021-11-01,US_NFP_SURPRISE,Domestic_Equity,4.28e-05,0.000891,36
2021-12-01,US_NFP_SURPRISE,Domestic_Equity,4.314e-05,0.000908,36
2022-01-01,US_NFP_SURPRISE,Domestic_Equity,4.063e-05,0.000781,36
2022-02-01,US_NFP_SURPRISE,Domestic_Equity,3.063e-05,0.000438,36
2022-03-01,US_NFP_SURPRISE,Domestic_Equity,3.027e-05,0.000431,36
2022-04-01,US_NFP_SURPRISE,Domestic_Equity,2.913e-05,0.0004,36
2022-05-01,US_NFP_SURPRISE,Domestic_Equity,2.706e-05,0.000354,36
2022-06-01,US_NFP_SURPRISE,Domestic_Equity,2.216e-05,0.000229,36
2022-07-01,US_NFP_SURPRISE,Domestic_Equity,1.4e-05,8.9e-05,36
2022-08-01,US_NFP_SURPRISE,Domestic_Equity,1.884e-05,0.000166,36
2022-09-01,US_NFP_SURPRISE,Domestic_Equity,1.53e-05,0.000107,36
2022-10-01,US_NFP_SURPRISE,Domestic_Equity,1.198e-05,6.4e-05,36
2022-11-01,US_NFP_SURPRISE,Domestic_Equity,1.526e-05,9.8e-05,36
2022-12-01,US_NFP_SURPRISE,Domestic_Equity,1.5e-05,9.4e-05,36
2023-01-01,US_NFP_SURPRISE,Domestic_Equity,1.425e-05,8.5e-05,36
2023-02-01,US_NFP_SURPRISE,Domestic_Equity,1.66e-05,0.000115,36
2023-03-01,US_NFP_SURPRISE,Domestic_Equity,-4.253e-05,0.001075,36
2023-04-01,US_NFP_SURPRISE,Domestic_Equity,0.00156833,0.078322,36
2023-05-01,US_NFP_SURPRISE,Domestic_Equity,0.00140656,0.0553,36
2023-06-01,US_NFP_SURPRISE,Domestic_Equity,-0.0008695,0.005145,36
2023-07-01,US_NFP_SURPRISE,Domestic_Equity,-0.00174844,0.016064,36
2023-08-01,US_NFP_SURPRISE,Domestic_Equity,-0.00553293,0.114718,36
2023-09-01,US_NFP_SURPRISE,Domestic_Equity,-0.00600994,0.123159,36
2023-10-01,US_NFP_SURPRISE,Domestic_Equity,-0.00536752,0.092664,36
2023-11-01,US_NFP_SURPRISE,Domestic_Equity,-0.00519274,0.093365,36
2023-12-01,US_NFP_SURPRISE,Domestic_Equity,-0.00338142,0.040333,36
2024-01-01,US_NFP_SURPRISE,Domestic_Equity,-0.0027197,0.035301,36
2024-02-01,US_NFP_SURPRISE,Domestic_Equity,-0.00316879,0.04611,36
2024-03-01,US_NFP_SURPRISE,Domestic_Equity,-0.00332418,0.045062,36
2024-04-01,US_NFP_SURPRISE,Domestic_Equity,-0.00307642,0.042611,36
2024-05-01,US_NFP_SURPRISE,Domestic_Equity,-0.00324182,0.048541,36
2024-06-01,US_NFP_SURPRISE,Domestic_Equity,-0.00439367,0.085756,36
2024-07-01,US_NFP_SURPRISE,Domestic_Equity,-0.00586672,0.124491,36
2024-08-01,US_NFP_SURPRISE,Domestic_Equity,-0.0045116,0.070353,36
2024-09-01,US_NFP_SURPRISE,Domestic_Equity,-0.00431492,0.063546,36
2024-10-01,US_NFP_SURPRISE,Domestic_Equity,-0.00336913,0.034616,36
2024-11-01,US_NFP_SURPRISE,Domestic_Equity,-0.0033185,0.029161,36
2024-12-01,US_NFP_SURPRISE,Domestic_Equity,-0.00409242,0.039627,36
2025-01-01,US_NFP_SURPRISE,Domestic_Equity,-0.00470956,0.057214,36
2025-02-01,US_NFP_SURPRISE,Domestic_Equity,-0.00386694,0.028134,36
2025-03-01,US_NFP_SURPRISE,Domestic_Equity,-0.00395683,0.027125,36
2025-04-01,US_NFP_SURPRISE,Domestic_Equity,-0.0035667,0.021015,36
2025-05-01,US_NFP_SURPRISE,Domestic_Equity,-0.00440637,0.03102,36
2025-06-01,US_NFP_SURPRISE,Domestic_Equity,-0.00585041,0.042543,36
2025-07-01,US_NFP_SURPRISE,Domestic_Equity,-0.00388684,0.01074,36
2025-08-01,US_NFP_SURPRISE,Domestic_Equity,-0.00483754,0.018198,36
2025-09-01,US_NFP_SURPRISE,Domestic_Equity,-0.004286,0.014881,36
2025-10-01,US_NFP_SURPRISE,Domestic_Equity,-0.00724089,0.039273,36
2025-11-01,US_NFP_SURPRISE,Domestic_Equity,-0.01150782,0.096653,36
2025-12-01,US_NFP_SURPRISE,Domestic_Equity,-0.01135222,0.10043,36
2026-01-01,US_NFP_SURPRISE,Domestic_Equity,-0.011213,0.055808,36
2026-02-01,US_NFP_SURPRISE,Domestic_Equity,-0.02026463,0.158461,36
2026-03-01,US_NFP_SURPRISE,Domestic_Equity,-0.0206213,0.170928,36
2026-04-01,US_NFP_SURPRISE,Domestic_Equity,-0.02141124,0.169351,36
2026-05-01,US_NFP_SURPRISE,Domestic_Equity,-0.0238217,0.128319,36
2026-06-01,US_NFP_SURPRISE,Domestic_Equity,-0.02623877,0.143425,36
2026-07-01,US_NFP_SURPRISE,Domestic_Equity,-0.02582784,0.137509,35
2013-12-01,US_NFP_SURPRISE,Foreign_Equity,0.0155415,0.124413,35
2014-01-01,US_NFP_SURPRISE,Foreign_Equity,0.01554406,0.124437,36
2014-02-01,US_NFP_SURPRISE,Foreign_Equity,0.01527034,0.122145,36
2014-03-01,US_NFP_SURPRISE,Foreign_Equity,0.01594589,0.137929,36
2014-04-01,US_NFP_SURPRISE,Foreign_Equity,0.01495443,0.12218,36
2014-05-01,US_NFP_SURPRISE,Foreign_Equity,0.0149179,0.118153,36
2014-06-01,US_NFP_SURPRISE,Foreign_Equity,0.01546236,0.148717,36
2014-07-01,US_NFP_SURPRISE,Foreign_Equity,0.01798153,0.18484,36
2014-08-01,US_NFP_SURPRISE,Foreign_Equity,0.01381261,0.204371,36
2014-09-01,US_NFP_SURPRISE,Foreign_Equity,0.01346837,0.230922,36
2014-10-01,US_NFP_SURPRISE,Foreign_Equity,0.01235368,0.16383,36
2014-11-01,US_NFP_SURPRISE,Foreign_Equity,0.01359981,0.190841,36
2014-12-01,US_NFP_SURPRISE,Foreign_Equity,0.0125662,0.163428,36
2015-01-01,US_NFP_SURPRISE,Foreign_Equity,0.01139222,0.121477,36
2015-02-01,US_NFP_SURPRISE,Foreign_Equity,0.01071704,0.113641,36
2015-03-01,US_NFP_SURPRISE,Foreign_Equity,0.01087926,0.12256,36
2015-04-01,US_NFP_SURPRISE,Foreign_Equity,0.01008881,0.102173,36
2015-05-01,US_NFP_SURPRISE,Foreign_Equity,0.00629818,0.049661,36
2015-06-01,US_NFP_SURPRISE,Foreign_Equity,0.00501282,0.029506,36
2015-07-01,US_NFP_SURPRISE,Foreign_Equity,0.00486221,0.027141,36
2015-08-01,US_NFP_SURPRISE,Foreign_Equity,0.00711747,0.056121,36
2015-09-01,US_NFP_SURPRISE,Foreign_Equity,0.0099895,0.092784,36
2015-10-01,US_NFP_SURPRISE,Foreign_Equity,0.01126116,0.113973,36
2015-11-01,US_NFP_SURPRISE,Foreign_Equity,0.01055169,0.101139,36
2015-12-01,US_NFP_SURPRISE,Foreign_Equity,0.00929992,0.078197,36
2016-01-01,US_NFP_SURPRISE,Foreign_Equity,0.01346198,0.144246,36
2016-02-01,US_NFP_SURPRISE,Foreign_Equity,0.01336889,0.139117,36
2016-03-01,US_NFP_SURPRISE,Foreign_Equity,0.01578493,0.159276,36
2016-04-01,US_NFP_SURPRISE,Foreign_Equity,0.01544262,0.148542,36
2016-05-01,US_NFP_SURPRISE,Foreign_Equity,0.01330023,0.13648,36
2016-06-01,US_NFP_SURPRISE,Foreign_Equity,0.01287462,0.131788,36
2016-07-01,US_NFP_SURPRISE,Foreign_Equity,0.0150295,0.189837,36
2016-08-01,US_NFP_SURPRISE,Foreign_Equity,0.01432275,0.177119,36
2016-09-01,US_NFP_SURPRISE,Foreign_Equity,0.01382007,0.167883,36
2016-10-01,US_NFP_SURPRISE,Foreign_Equity,0.01370118,0.178639,36
2016-11-01,US_NFP_SURPRISE,Foreign_Equity,0.01243636,0.15567,36
2016-12-01,US_NFP_SURPRISE,Foreign_Equity,0.01431517,0.172236,36
2017-01-01,US_NFP_SURPRISE,Foreign_Equity,0.01448935,0.175252,36
2017-02-01,US_NFP_SURPRISE,Foreign_Equity,0.01447241,0.169354,36
2017-03-01,US_NFP_SURPRISE,Foreign_Equity,0.01330059,0.150465,36
2017-04-01,US_NFP_SURPRISE,Foreign_Equity,0.01360989,0.151221,36
2017-05-01,US_NFP_SURPRISE,Foreign_Equity,0.0135652,0.150632,36
2017-06-01,US_NFP_SURPRISE,Foreign_Equity,0.01312682,0.1331,36
2017-07-01,US_NFP_SURPRISE,Foreign_Equity,0.01294572,0.129537,36
2017-08-01,US_NFP_SURPRISE,Foreign_Equity,0.01270168,0.128578,36
2017-09-01,US_NFP_SURPRISE,Foreign_Equity,0.01114937,0.102136,36
2017-10-01,US_NFP_SURPRISE,Foreign_Equity,0.01098728,0.108317,36
2017-11-01,US_NFP_SURPRISE,Foreign_Equity,0.00967653,0.086581,36
2017-12-01,US_NFP_SURPRISE,Foreign_Equity,0.00975269,0.085245,36
2018-01-01,US_NFP_SURPRISE,Foreign_Equity,0.00845867,0.062147,36
2018-02-01,US_NFP_SURPRISE,Foreign_Equity,0.00299245,0.008584,36
2018-03-01,US_NFP_SURPRISE,Foreign_Equity,0.00251033,0.00572,36
2018-04-01,US_NFP_SURPRISE,Foreign_Equity,0.00243164,0.00535,36
2018-05-01,US_NFP_SURPRISE,Foreign_Equity,0.00260647,0.005997,36
2018-06-01,US_NFP_SURPRISE,Foreign_Equity,0.00238124,0.005044,36
2018-07-01,US_NFP_SURPRISE,Foreign_Equity,0.00274312,0.007172,36
2018-08-01,US_NFP_SURPRISE,Foreign_Equity,0.00200699,0.004031,36
2018-09-01,US_NFP_SURPRISE,Foreign_Equity,0.00061826,0.000483,36
2018-10-01,US_NFP_SURPRISE,Foreign_Equity,-0.00028988,9.5e-05,36
2018-11-01,US_NFP_SURPRISE,Foreign_Equity,0.00056417,0.000366,36
2018-12-01,US_NFP_SURPRISE,Foreign_Equity,0.00139029,0.001862,36
2019-01-01,US_NFP_SURPRISE,Foreign_Equity,0.00011608,1.6e-05,36
2019-02-01,US_NFP_SURPRISE,Foreign_Equity,-0.00308492,0.011975,36
2019-03-01,US_NFP_SURPRISE,Foreign_Equity,-0.00474754,0.033864,36
2019-04-01,US_NFP_SURPRISE,Foreign_Equity,-0.00390467,0.024234,36
2019-05-01,US_NFP_SURPRISE,Foreign_Equity,-0.00264176,0.01092,36
2019-06-01,US_NFP_SURPRISE,Foreign_Equity,-0.00260604,0.010501,36
2019-07-01,US_NFP_SURPRISE,Foreign_Equity,-0.00513293,0.036215,36
2019-08-01,US_NFP_SURPRISE,Foreign_Equity,-0.00602912,0.044732,36
2019-09-01,US_NFP_SURPRISE,Foreign_Equity,-0.0055366,0.0346,36
2019-10-01,US_NFP_SURPRISE,Foreign_Equity,-0.00580268,0.03851,36
2019-11-01,US_NFP_SURPRISE,Foreign_Equity,-0.00544766,0.031995,36
2019-12-01,US_NFP_SURPRISE,Foreign_Equity,-0.00643743,0.046797,36
2020-01-01,US_NFP_SURPRISE,Foreign_Equity,-0.00616672,0.043004,36
2020-02-01,US_NFP_SURPRISE,Foreign_Equity,-0.00704486,0.056443,36
2020-03-01,US_NFP_SURPRISE,Foreign_Equity,0.0123686,0.581522,36
2020-04-01,US_NFP_SURPRISE,Foreign_Equity,1.088e-05,7e-05,36
2020-05-01,US_NFP_SURPRISE,Foreign_Equity,3.608e-05,0.000773,36
2020-06-01,US_NFP_SURPRISE,Foreign_Equity,0.00010968,0.007087,36
2020-07-01,US_NFP_SURPRISE,Foreign_Equity,0.00011407,0.007705,36
2020-08-01,US_NFP_SURPRISE,Foreign_Equity,0.0001312,0.009994,36
2020-09-01,US_NFP_SURPRISE,Foreign_Equity,0.00012754,0.009478,36
2020-10-01,US_NFP_SURPRISE,Foreign_Equity,0.00012815,0.009625,36
2020-11-01,US_NFP_SURPRISE,Foreign_Equity,0.00013282,0.009986,36
2020-12-01,US_NFP_SURPRISE,Foreign_Equity,0.00013094,0.009522,36
2021-01-01,US_NFP_SURPRISE,Foreign_Equity,0.00013123,0.009662,36
2021-02-01,US_NFP_SURPRISE,Foreign_Equity,0.00013904,0.011052,36
2021-03-01,US_NFP_SURPRISE,Foreign_Equity,0.00014272,0.011693,36
2021-04-01,US_NFP_SURPRISE,Foreign_Equity,0.00014636,0.012198,36
2021-05-01,US_NFP_SURPRISE,Foreign_Equity,0.00014803,0.012457,36
2021-06-01,US_NFP_SURPRISE,Foreign_Equity,0.00014872,0.012594,36
2021-07-01,US_NFP_SURPRISE,Foreign_Equity,0.00014589,0.012127,36
2021-08-01,US_NFP_SURPRISE,Foreign_Equity,0.00014582,0.012127,36
2021-09-01,US_NFP_SURPRISE,Foreign_Equity,0.00014381,0.011755,36
2021-10-01,US_NFP_SURPRISE,Foreign_Equity,0.00014621,0.012528,36
2021-11-01,US_NFP_SURPRISE,Foreign_Equity,0.00014814,0.012967,36
2021-12-01,US_NFP_SURPRISE,Foreign_Equity,0.00014753,0.013582,36
2022-01-01,US_NFP_SURPRISE,Foreign_Equity,0.00014668,0.013439,36
2022-02-01,US_NFP_SURPRISE,Foreign_Equity,0.00014161,0.012754,36
2022-03-01,US_NFP_SURPRISE,Foreign_Equity,0.00013917,0.012228,36
2022-04-01,US_NFP_SURPRISE,Foreign_Equity,0.00013805,0.012068,36
2022-05-01,US_NFP_SURPRISE,Foreign_Equity,0.0001341,0.010833,36
2022-06-01,US_NFP_SURPRISE,Foreign_Equity,0.00013051,0.010074,36
2022-07-01,US_NFP_SURPRISE,Foreign_Equity,0.00012716,0.009581,36
2022-08-01,US_NFP_SURPRISE,Foreign_Equity,0.00013107,0.010223,36
2022-09-01,US_NFP_SURPRISE,Foreign_Equity,0.00012802,0.009263,36
2022-10-01,US_NFP_SURPRISE,Foreign_Equity,0.00012633,0.008946,36
2022-11-01,US_NFP_SURPRISE,Foreign_Equity,0.00012898,0.00888,36
2022-12-01,US_NFP_SURPRISE,Foreign_Equity,0.00012881,0.008882,36
2023-01-01,US_NFP_SURPRISE,Foreign_Equity,0.00013001,0.009021,36
2023-02-01,US_NFP_SURPRISE,Foreign_Equity,0.00013104,0.009213,36
2023-03-01,US_NFP_SURPRISE,Foreign_Equity,5.831e-05,0.004143,36
2023-04-01,US_NFP_SURPRISE,Foreign_Equity,0.00133799,0.116463,36
2023-05-01,US_NFP_SURPRISE,Foreign_Equity,0.00136087,0.102629,36
2023-06-01,US_NFP_SURPRISE,Foreign_Equity,0.00056488,0.004385,36
2023-07-01,US_NFP_SURPRISE,Foreign_Equity,0.0002251,0.000525,36
2023-08-01,US_NFP_SURPRISE,Foreign_Equity,-0.00141149,0.014438,36
2023-09-01,US_NFP_SURPRISE,Foreign_Equity,-0.00100714,0.006681,36
2023-10-01,US_NFP_SURPRISE,Foreign_Equity,-0.00062228,0.002371,36
2023-11-01,US_NFP_SURPRISE,Foreign_Equity,-0.00068087,0.003063,36
2023-12-01,US_NFP_SURPRISE,Foreign_Equity,-7.793e-05,3.5e-05,36
2024-01-01,US_NFP_SURPRISE,Foreign_Equity,-9.809e-05,5.7e-05,36
2024-02-01,US_NFP_SURPRISE,Foreign_Equity,-0.00048529,0.00139,36
2024-03-01,US_NFP_SURPRISE,Foreign_Equity,-0.00116938,0.007081,36
2024-04-01,US_NFP_SURPRISE,Foreign_Equity,-0.00087811,0.004295,36
2024-05-01,US_NFP_SURPRISE,Foreign_Equity,-0.00113082,0.007389,36
2024-06-01,US_NFP_SURPRISE,Foreign_Equity,-0.00127794,0.008917,36
2024-07-01,US_NFP_SURPRISE,Foreign_Equity,-0.00161553,0.011704,36
2024-08-01,US_NFP_SURPRISE,Foreign_Equity,-0.00190799,0.016511,36
2024-09-01,US_NFP_SURPRISE,Foreign_Equity,-0.00199995,0.017725,36
2024-10-01,US_NFP_SURPRISE,Foreign_Equity,-0.00287771,0.031211,36
2024-11-01,US_NFP_SURPRISE,Foreign_Equity,-0.00385806,0.049942,36
2024-12-01,US_NFP_SURPRISE,Foreign_Equity,-0.00359998,0.039203,36
2025-01-01,US_NFP_SURPRISE,Foreign_Equity,-0.00318018,0.032773,36
2025-02-01,US_NFP_SURPRISE,Foreign_Equity,-0.0032161,0.023869,36
2025-03-01,US_NFP_SURPRISE,Foreign_Equity,-0.00204424,0.008652,36
2025-04-01,US_NFP_SURPRISE,Foreign_Equity,-0.00142268,0.003841,36
2025-05-01,US_NFP_SURPRISE,Foreign_Equity,-0.00165721,0.005514,36
2025-06-01,US_NFP_SURPRISE,Foreign_Equity,-0.00071397,0.001023,36
2025-07-01,US_NFP_SURPRISE,Foreign_Equity,0.00162263,0.003145,36
2025-08-01,US_NFP_SURPRISE,Foreign_Equity,0.00040454,0.000217,36
2025-09-01,US_NFP_SURPRISE,Foreign_Equity,0.00145356,0.003268,36
2025-10-01,US_NFP_SURPRISE,Foreign_Equity,0.00316771,0.017005,36
2025-11-01,US_NFP_SURPRISE,Foreign_Equity,0.00099702,0.001853,36
2025-12-01,US_NFP_SURPRISE,Foreign_Equity,0.00055176,0.000585,36
2026-01-01,US_NFP_SURPRISE,Foreign_Equity,-0.00045358,0.000306,36
2026-02-01,US_NFP_SURPRISE,Foreign_Equity,-0.00140995,0.003156,36
2026-03-01,US_NFP_SURPRISE,Foreign_Equity,-0.00334821,0.018832,36
2026-04-01,US_NFP_SURPRISE,Foreign_Equity,-0.00400219,0.025873,36
2026-05-01,US_NFP_SURPRISE,Foreign_Equity,-0.0027958,0.011954,36
2026-06-01,US_NFP_SURPRISE,Foreign_Equity,-0.00353079,0.018335,36
2026-07-01,US_NFP_SURPRISE,Foreign_Equity,-0.00414262,0.025296,35
2013-12-01,US_NFP_SURPRISE,Bond,-0.00268127,0.046627,35
2014-01-01,US_NFP_SURPRISE,Bond,-0.00268298,0.046654,36
2014-02-01,US_NFP_SURPRISE,Bond,-0.00269209,0.046909,36
2014-03-01,US_NFP_SURPRISE,Bond,-0.00306956,0.067805,36
2014-04-01,US_NFP_SURPRISE,Bond,-0.00324381,0.075584,36
2014-05-01,US_NFP_SURPRISE,Bond,-0.00289457,0.058523,36
2014-06-01,US_NFP_SURPRISE,Bond,-0.0023067,0.041307,36
2014-07-01,US_NFP_SURPRISE,Bond,-0.00237707,0.03794,36
2014-08-01,US_NFP_SURPRISE,Bond,-0.00187208,0.024999,36
2014-09-01,US_NFP_SURPRISE,Bond,-0.0017641,0.024585,36
2014-10-01,US_NFP_SURPRISE,Bond,-0.00148302,0.016751,36
2014-11-01,US_NFP_SURPRISE,Bond,-0.00127375,0.012574,36
2014-12-01,US_NFP_SURPRISE,Bond,-0.00131505,0.01374,36
2015-01-01,US_NFP_SURPRISE,Bond,-0.00141021,0.012939,36
2015-02-01,US_NFP_SURPRISE,Bond,-0.0012893,0.010809,36
2015-03-01,US_NFP_SURPRISE,Bond,-0.00104507,0.007845,36
2015-04-01,US_NFP_SURPRISE,Bond,-0.00095277,0.00612,36
2015-05-01,US_NFP_SURPRISE,Bond,-0.00218963,0.028758,36
2015-06-01,US_NFP_SURPRISE,Bond,-0.00190044,0.019948,36
2015-07-01,US_NFP_SURPRISE,Bond,-0.00111574,0.00777,36
2015-08-01,US_NFP_SURPRISE,Bond,-0.00117001,0.009162,36
2015-09-01,US_NFP_SURPRISE,Bond,-0.00126544,0.010856,36
2015-10-01,US_NFP_SURPRISE,Bond,-0.00082723,0.004689,36
2015-11-01,US_NFP_SURPRISE,Bond,-0.00100731,0.006426,36
2015-12-01,US_NFP_SURPRISE,Bond,-0.00077428,0.003967,36
2016-01-01,US_NFP_SURPRISE,Bond,-0.00103312,0.007218,36
2016-02-01,US_NFP_SURPRISE,Bond,-0.00114199,0.008326,36
2016-03-01,US_NFP_SURPRISE,Bond,-0.00098974,0.006123,36
2016-04-01,US_NFP_SURPRISE,Bond,-0.00093692,0.005482,36
2016-05-01,US_NFP_SURPRISE,Bond,-0.00067133,0.003362,36
2016-06-01,US_NFP_SURPRISE,Bond,-0.00104533,0.010955,36
2016-07-01,US_NFP_SURPRISE,Bond,-0.00099712,0.010915,36
2016-08-01,US_NFP_SURPRISE,Bond,-0.00058322,0.004053,36
2016-09-01,US_NFP_SURPRISE,Bond,-0.00091115,0.009549,36
2016-10-01,US_NFP_SURPRISE,Bond,-0.00034115,0.001383,36
2016-11-01,US_NFP_SURPRISE,Bond,0.00102951,0.010136,36
2016-12-01,US_NFP_SURPRISE,Bond,0.00067822,0.003629,36
2017-01-01,US_NFP_SURPRISE,Bond,0.00066287,0.003448,36
2017-02-01,US_NFP_SURPRISE,Bond,0.00092224,0.006513,36
2017-03-01,US_NFP_SURPRISE,Bond,0.00122425,0.011778,36
2017-04-01,US_NFP_SURPRISE,Bond,0.00132111,0.01318,36
2017-05-01,US_NFP_SURPRISE,Bond,0.0013777,0.014388,36
2017-06-01,US_NFP_SURPRISE,Bond,0.00107387,0.00821,36
2017-07-01,US_NFP_SURPRISE,Bond,0.00110267,0.009107,36
2017-08-01,US_NFP_SURPRISE,Bond,0.00117426,0.010528,36
2017-09-01,US_NFP_SURPRISE,Bond,0.00103257,0.0085,36
2017-10-01,US_NFP_SURPRISE,Bond,0.00115057,0.011121,36
2017-11-01,US_NFP_SURPRISE,Bond,0.00092968,0.006989,36
2017-12-01,US_NFP_SURPRISE,Bond,0.00080737,0.005155,36
2018-01-01,US_NFP_SURPRISE,Bond,0.00101658,0.009023,36
2018-02-01,US_NFP_SURPRISE,Bond,9.566e-05,9.2e-05,36
2018-03-01,US_NFP_SURPRISE,Bond,0.00039731,0.00152,36
2018-04-01,US_NFP_SURPRISE,Bond,5.713e-05,3.2e-05,36
2018-05-01,US_NFP_SURPRISE,Bond,0.00096225,0.010107,36
2018-06-01,US_NFP_SURPRISE,Bond,0.00104775,0.011689,36
2018-07-01,US_NFP_SURPRISE,Bond,0.00050401,0.002792,36
2018-08-01,US_NFP_SURPRISE,Bond,0.00091157,0.009318,36
2018-09-01,US_NFP_SURPRISE,Bond,0.00054321,0.003395,36
2018-10-01,US_NFP_SURPRISE,Bond,0.00019663,0.000437,36
2018-11-01,US_NFP_SURPRISE,Bond,3.43e-06,0.0,36
2018-12-01,US_NFP_SURPRISE,Bond,-0.00012419,0.000167,36
2019-01-01,US_NFP_SURPRISE,Bond,9.035e-05,9.2e-05,36
2019-02-01,US_NFP_SURPRISE,Bond,3.224e-05,1.4e-05,36
2019-03-01,US_NFP_SURPRISE,Bond,0.000117,0.000187,36
2019-04-01,US_NFP_SURPRISE,Bond,0.00026011,0.000964,36
2019-05-01,US_NFP_SURPRISE,Bond,0.00011155,0.00018,36
2019-06-01,US_NFP_SURPRISE,Bond,4.521e-05,2.8e-05,36
2019-07-01,US_NFP_SURPRISE,Bond,-0.00114268,0.017275,36
2019-08-01,US_NFP_SURPRISE,Bond,-0.00085404,0.008723,36
2019-09-01,US_NFP_SURPRISE,Bond,-0.0006319,0.004309,36
2019-10-01,US_NFP_SURPRISE,Bond,-0.00046383,0.002252,36
2019-11-01,US_NFP_SURPRISE,Bond,-0.00121476,0.018606,36
2019-12-01,US_NFP_SURPRISE,Bond,-0.00107084,0.015619,36
2020-01-01,US_NFP_SURPRISE,Bond,-0.00113719,0.017772,36
2020-02-01,US_NFP_SURPRISE,Bond,-0.00084339,0.009914,36
2020-03-01,US_NFP_SURPRISE,Bond,-0.00017845,0.005049,36
2020-04-01,US_NFP_SURPRISE,Bond,1.269e-05,0.003979,36
2020-05-01,US_NFP_SURPRISE,Bond,1.668e-05,0.007056,36
2020-06-01,US_NFP_SURPRISE,Bond,1.329e-05,0.004777,36
2020-07-01,US_NFP_SURPRISE,Bond,1.379e-05,0.005316,36
2020-08-01,US_NFP_SURPRISE,Bond,1.285e-05,0.004659,36
2020-09-01,US_NFP_SURPRISE,Bond,1.056e-05,0.002984,36
2020-10-01,US_NFP_SURPRISE,Bond,1.082e-05,0.003386,36
2020-11-01,US_NFP_SURPRISE,Bond,1.059e-05,0.003187,36
2020-12-01,US_NFP_SURPRISE,Bond,1.046e-05,0.003067,36
2021-01-01,US_NFP_SURPRISE,Bond,1.057e-05,0.003296,36
2021-02-01,US_NFP_SURPRISE,Bond,1.046e-05,0.003268,36
2021-03-01,US_NFP_SURPRISE,Bond,7.43e-06,0.001494,36
2021-04-01,US_NFP_SURPRISE,Bond,7.17e-06,0.001399,36
2021-05-01,US_NFP_SURPRISE,Bond,6.98e-06,0.001326,36
2021-06-01,US_NFP_SURPRISE,Bond,6.75e-06,0.001267,36
2021-07-01,US_NFP_SURPRISE,Bond,8.09e-06,0.001814,36
2021-08-01,US_NFP_SURPRISE,Bond,8.19e-06,0.001879,36
2021-09-01,US_NFP_SURPRISE,Bond,6.85e-06,0.001296,36
2021-10-01,US_NFP_SURPRISE,Bond,3.22e-06,0.000231,36
2021-11-01,US_NFP_SURPRISE,Bond,3.52e-06,0.000283,36
2021-12-01,US_NFP_SURPRISE,Bond,4.32e-06,0.000443,36
2022-01-01,US_NFP_SURPRISE,Bond,3.56e-06,0.00026,36
2022-02-01,US_NFP_SURPRISE,Bond,1.75e-06,6.1e-05,36
2022-03-01,US_NFP_SURPRISE,Bond,1.23e-06,3e-05,36
2022-04-01,US_NFP_SURPRISE,Bond,-5.2e-07,4e-06,36
2022-05-01,US_NFP_SURPRISE,Bond,-5.8e-07,5e-06,36
2022-06-01,US_NFP_SURPRISE,Bond,-2.6e-06,0.000109,36
2022-07-01,US_NFP_SURPRISE,Bond,8.9e-07,1.1e-05,36
2022-08-01,US_NFP_SURPRISE,Bond,3.7e-07,2e-06,36
2022-09-01,US_NFP_SURPRISE,Bond,-4.5e-07,2e-06,36
2022-10-01,US_NFP_SURPRISE,Bond,-1.44e-06,2.3e-05,36
2022-11-01,US_NFP_SURPRISE,Bond,1.1e-07,0.0,36
2022-12-01,US_NFP_SURPRISE,Bond,1.8e-07,0.0,36
2023-01-01,US_NFP_SURPRISE,Bond,1.02e-06,9e-06,36
2023-02-01,US_NFP_SURPRISE,Bond,7.2e-07,4e-06,36
2023-03-01,US_NFP_SURPRISE,Bond,2.58e-06,5.6e-05,36
2023-04-01,US_NFP_SURPRISE,Bond,0.00014238,0.008873,36
2023-05-01,US_NFP_SURPRISE,Bond,8.623e-05,0.002812,36
2023-06-01,US_NFP_SURPRISE,Bond,0.00021463,0.003857,36
2023-07-01,US_NFP_SURPRISE,Bond,0.00013393,0.001156,36
2023-08-01,US_NFP_SURPRISE,Bond,0.00015716,0.001061,36
2023-09-01,US_NFP_SURPRISE,Bond,0.00028687,0.003237,36
2023-10-01,US_NFP_SURPRISE,Bond,0.00040727,0.006235,36
2023-11-01,US_NFP_SURPRISE,Bond,4.949e-05,8.3e-05,36
2023-12-01,US_NFP_SURPRISE,Bond,-0.0003882,0.003863,36
2024-01-01,US_NFP_SURPRISE,Bond,-0.00046205,0.005558,36
2024-02-01,US_NFP_SURPRISE,Bond,-0.0004102,0.004433,36
2024-03-01,US_NFP_SURPRISE,Bond,-0.00022885,0.001254,36
2024-04-01,US_NFP_SURPRISE,Bond,-9.21e-05,0.000211,36
2024-05-01,US_NFP_SURPRISE,Bond,-0.00013692,0.000481,36
2024-06-01,US_NFP_SURPRISE,Bond,-0.00039855,0.003761,36
2024-07-01,US_NFP_SURPRISE,Bond,-0.00103894,0.020987,36
2024-08-01,US_NFP_SURPRISE,Bond,-0.00133328,0.034453,36
2024-09-01,US_NFP_SURPRISE,Bond,-0.00125239,0.030455,36
2024-10-01,US_NFP_SURPRISE,Bond,-0.00062109,0.00674,36
2024-11-01,US_NFP_SURPRISE,Bond,-0.00084865,0.011143,36
2024-12-01,US_NFP_SURPRISE,Bond,-0.00128401,0.022589,36
2025-01-01,US_NFP_SURPRISE,Bond,-0.00119848,0.022074,36
2025-02-01,US_NFP_SURPRISE,Bond,-0.00076091,0.006449,36
2025-03-01,US_NFP_SURPRISE,Bond,-0.00062109,0.003971,36
2025-04-01,US_NFP_SURPRISE,Bond,-0.0002879,0.000935,36
2025-05-01,US_NFP_SURPRISE,Bond,-8.652e-05,8.7e-05,36
2025-06-01,US_NFP_SURPRISE,Bond,0.00095167,0.01072,36
2025-07-01,US_NFP_SURPRISE,Bond,-0.00088589,0.005854,36
2025-08-01,US_NFP_SURPRISE,Bond,-0.00077799,0.004799,36
2025-09-01,US_NFP_SURPRISE,Bond,-9.481e-05,9.1e-05,36
2025-10-01,US_NFP_SURPRISE,Bond,0.00146154,0.025612,36
2025-11-01,US_NFP_SURPRISE,Bond,0.00109429,0.013458,36
2025-12-01,US_NFP_SURPRISE,Bond,0.00134832,0.023822,36
2026-01-01,US_NFP_SURPRISE,Bond,0.00091974,0.00867,36
2026-02-01,US_NFP_SURPRISE,Bond,0.00142067,0.022056,36
2026-03-01,US_NFP_SURPRISE,Bond,0.00119471,0.015951,36
2026-04-01,US_NFP_SURPRISE,Bond,0.00093988,0.009617,36
2026-05-01,US_NFP_SURPRISE,Bond,0.00140348,0.017809,36
2026-06-01,US_NFP_SURPRISE,Bond,0.00202614,0.036565,36
2026-07-01,US_NFP_SURPRISE,Bond,0.00214003,0.0401,35
2013-12-01,US_NFP_SURPRISE,Gold,0.00312259,0.003148,35
2014-01-01,US_NFP_SURPRISE,Gold,0.0030696,0.00295,36
2014-02-01,US_NFP_SURPRISE,Gold,0.00304155,0.002895,36
2014-03-01,US_NFP_SURPRISE,Gold,0.00493986,0.007626,36
2014-04-01,US_NFP_SURPRISE,Gold,0.00406884,0.00524,36
2014-05-01,US_NFP_SURPRISE,Gold,0.00570603,0.010147,36
2014-06-01,US_NFP_SURPRISE,Gold,0.0018918,0.001224,36
2014-07-01,US_NFP_SURPRISE,Gold,0.00429119,0.005399,36
2014-08-01,US_NFP_SURPRISE,Gold,0.00569553,0.009456,36
2014-09-01,US_NFP_SURPRISE,Gold,0.00321023,0.004137,36
2014-10-01,US_NFP_SURPRISE,Gold,0.00248583,0.002441,36
2014-11-01,US_NFP_SURPRISE,Gold,-0.00088605,0.000321,36
2014-12-01,US_NFP_SURPRISE,Gold,0.00103126,0.000455,36
2015-01-01,US_NFP_SURPRISE,Gold,0.00544856,0.011653,36
2015-02-01,US_NFP_SURPRISE,Gold,0.00640423,0.015378,36
2015-03-01,US_NFP_SURPRISE,Gold,0.00707438,0.020722,36
2015-04-01,US_NFP_SURPRISE,Gold,0.00590592,0.013802,36
2015-05-01,US_NFP_SURPRISE,Gold,0.00477675,0.009444,36
2015-06-01,US_NFP_SURPRISE,Gold,0.00276206,0.002934,36
2015-07-01,US_NFP_SURPRISE,Gold,0.00319395,0.003922,36
2015-08-01,US_NFP_SURPRISE,Gold,0.0061784,0.014029,36
2015-09-01,US_NFP_SURPRISE,Gold,0.00486885,0.008602,36
2015-10-01,US_NFP_SURPRISE,Gold,0.00910238,0.035642,36
2015-11-01,US_NFP_SURPRISE,Gold,0.00969419,0.039318,36
2015-12-01,US_NFP_SURPRISE,Gold,0.00873472,0.031359,36
2016-01-01,US_NFP_SURPRISE,Gold,0.00623331,0.015992,36
2016-02-01,US_NFP_SURPRISE,Gold,0.0055853,0.011712,36
2016-03-01,US_NFP_SURPRISE,Gold,0.00720229,0.015407,36
2016-04-01,US_NFP_SURPRISE,Gold,0.00700299,0.014565,36
2016-05-01,US_NFP_SURPRISE,Gold,0.00160259,0.00092,36
2016-06-01,US_NFP_SURPRISE,Gold,2.164e-05,0.0,36
2016-07-01,US_NFP_SURPRISE,Gold,0.00564555,0.010045,36
2016-08-01,US_NFP_SURPRISE,Gold,0.00623192,0.012931,36
2016-09-01,US_NFP_SURPRISE,Gold,0.00673663,0.015906,36
2016-10-01,US_NFP_SURPRISE,Gold,0.00896789,0.029132,36
2016-11-01,US_NFP_SURPRISE,Gold,0.0086004,0.027808,36
2016-12-01,US_NFP_SURPRISE,Gold,0.00736129,0.015924,36
2017-01-01,US_NFP_SURPRISE,Gold,0.00670241,0.013466,36
2017-02-01,US_NFP_SURPRISE,Gold,0.00746403,0.016053,36
2017-03-01,US_NFP_SURPRISE,Gold,0.00481928,0.007057,36
2017-04-01,US_NFP_SURPRISE,Gold,0.00372116,0.004079,36
2017-05-01,US_NFP_SURPRISE,Gold,0.00370807,0.004096,36
2017-06-01,US_NFP_SURPRISE,Gold,0.00639583,0.011514,36
2017-07-01,US_NFP_SURPRISE,Gold,0.00671658,0.01301,36
2017-08-01,US_NFP_SURPRISE,Gold,0.00517591,0.007758,36
2017-09-01,US_NFP_SURPRISE,Gold,0.00265486,0.002041,36
2017-10-01,US_NFP_SURPRISE,Gold,0.00502658,0.007333,36
2017-11-01,US_NFP_SURPRISE,Gold,0.00736708,0.015721,36
2017-12-01,US_NFP_SURPRISE,Gold,0.00648703,0.012178,36
2018-01-01,US_NFP_SURPRISE,Gold,0.00514061,0.007626,36
2018-02-01,US_NFP_SURPRISE,Gold,0.0037116,0.004757,36
2018-03-01,US_NFP_SURPRISE,Gold,0.00152286,0.000792,36
2018-04-01,US_NFP_SURPRISE,Gold,0.00136858,0.000637,36
2018-05-01,US_NFP_SURPRISE,Gold,0.00143401,0.000681,36
2018-06-01,US_NFP_SURPRISE,Gold,0.00121979,0.000491,36
2018-07-01,US_NFP_SURPRISE,Gold,0.00393903,0.005324,36
2018-08-01,US_NFP_SURPRISE,Gold,0.00115253,0.000485,36
2018-09-01,US_NFP_SURPRISE,Gold,0.00281716,0.003086,36
2018-10-01,US_NFP_SURPRISE,Gold,0.00250627,0.002331,36
2018-11-01,US_NFP_SURPRISE,Gold,0.00208286,0.001688,36
2018-12-01,US_NFP_SURPRISE,Gold,0.0038978,0.005984,36
2019-01-01,US_NFP_SURPRISE,Gold,0.00520413,0.010641,36
2019-02-01,US_NFP_SURPRISE,Gold,0.00308052,0.004337,36
2019-03-01,US_NFP_SURPRISE,Gold,0.00026879,3.8e-05,36
2019-04-01,US_NFP_SURPRISE,Gold,0.0002157,2.6e-05,36
2019-05-01,US_NFP_SURPRISE,Gold,0.00298023,0.0052,36
2019-06-01,US_NFP_SURPRISE,Gold,0.00468756,0.013207,36
2019-07-01,US_NFP_SURPRISE,Gold,-0.00495909,0.016875,36
2019-08-01,US_NFP_SURPRISE,Gold,-0.00371899,0.008667,36
2019-09-01,US_NFP_SURPRISE,Gold,-0.00302691,0.005291,36
2019-10-01,US_NFP_SURPRISE,Gold,-0.00385055,0.009052,36
2019-11-01,US_NFP_SURPRISE,Gold,-0.00374134,0.008444,36
2019-12-01,US_NFP_SURPRISE,Gold,-0.00130597,0.001406,36
2020-01-01,US_NFP_SURPRISE,Gold,-0.00029438,7e-05,36
2020-02-01,US_NFP_SURPRISE,Gold,-0.00018765,3e-05,36
2020-03-01,US_NFP_SURPRISE,Gold,-0.00228591,0.047441,36
2020-04-01,US_NFP_SURPRISE,Gold,0.00011801,0.019289,36
2020-05-01,US_NFP_SURPRISE,Gold,0.00015258,0.030684,36
2020-06-01,US_NFP_SURPRISE,Gold,0.00013924,0.027296,36
2020-07-01,US_NFP_SURPRISE,Gold,0.0001537,0.036204,36
2020-08-01,US_NFP_SURPRISE,Gold,0.00019903,0.040547,36
2020-09-01,US_NFP_SURPRISE,Gold,0.00018538,0.03543,36
2020-10-01,US_NFP_SURPRISE,Gold,0.00018259,0.036844,36
2020-11-01,US_NFP_SURPRISE,Gold,0.00018277,0.036971,36
2020-12-01,US_NFP_SURPRISE,Gold,0.00018475,0.034677,36
2021-01-01,US_NFP_SURPRISE,Gold,0.00018751,0.03475,36
2021-02-01,US_NFP_SURPRISE,Gold,0.00017944,0.029547,36
2021-03-01,US_NFP_SURPRISE,Gold,0.00016514,0.022948,36
2021-04-01,US_NFP_SURPRISE,Gold,0.00016593,0.023157,36
2021-05-01,US_NFP_SURPRISE,Gold,0.00017204,0.024857,36
2021-06-01,US_NFP_SURPRISE,Gold,0.0001799,0.026791,36
2021-07-01,US_NFP_SURPRISE,Gold,0.00016843,0.02304,36
2021-08-01,US_NFP_SURPRISE,Gold,0.00016929,0.023856,36
2021-09-01,US_NFP_SURPRISE,Gold,0.00016918,0.024193,36
2021-10-01,US_NFP_SURPRISE,Gold,0.00016192,0.021561,36
2021-11-01,US_NFP_SURPRISE,Gold,0.00016224,0.021703,36
2021-12-01,US_NFP_SURPRISE,Gold,0.00016034,0.021135,36
2022-01-01,US_NFP_SURPRISE,Gold,0.00015912,0.021018,36
2022-02-01,US_NFP_SURPRISE,Gold,0.00015689,0.020493,36
2022-03-01,US_NFP_SURPRISE,Gold,0.00016384,0.021349,36
2022-04-01,US_NFP_SURPRISE,Gold,0.00016406,0.021436,36
2022-05-01,US_NFP_SURPRISE,Gold,0.00016158,0.020324,36
2022-06-01,US_NFP_SURPRISE,Gold,0.00015842,0.019628,36
2022-07-01,US_NFP_SURPRISE,Gold,0.00014905,0.016799,36
2022-08-01,US_NFP_SURPRISE,Gold,0.0001471,0.01724,36
2022-09-01,US_NFP_SURPRISE,Gold,0.00014491,0.016475,36
2022-10-01,US_NFP_SURPRISE,Gold,0.00014441,0.01656,36
2022-11-01,US_NFP_SURPRISE,Gold,0.00014294,0.015933,36
2022-12-01,US_NFP_SURPRISE,Gold,0.00014361,0.014688,36
2023-01-01,US_NFP_SURPRISE,Gold,0.00014468,0.014969,36
2023-02-01,US_NFP_SURPRISE,Gold,0.00014539,0.014969,36
2023-03-01,US_NFP_SURPRISE,Gold,0.00016002,0.017863,36
2023-04-01,US_NFP_SURPRISE,Gold,0.00082282,0.022867,36
2023-05-01,US_NFP_SURPRISE,Gold,0.00050081,0.007481,36
2023-06-01,US_NFP_SURPRISE,Gold,0.00235837,0.036702,36
2023-07-01,US_NFP_SURPRISE,Gold,0.00236021,0.028308,36
2023-08-01,US_NFP_SURPRISE,Gold,-0.00285133,0.03708,36
2023-09-01,US_NFP_SURPRISE,Gold,-0.00221138,0.020656,36
2023-10-01,US_NFP_SURPRISE,Gold,-0.00135966,0.007434,36
2023-11-01,US_NFP_SURPRISE,Gold,-0.00234218,0.019763,36
2023-12-01,US_NFP_SURPRISE,Gold,-0.00446635,0.066015,36
2024-01-01,US_NFP_SURPRISE,Gold,-0.00424635,0.064125,36
2024-02-01,US_NFP_SURPRISE,Gold,-0.00375813,0.053082,36
2024-03-01,US_NFP_SURPRISE,Gold,-0.00289973,0.029347,36
2024-04-01,US_NFP_SURPRISE,Gold,-0.0036484,0.045967,36
2024-05-01,US_NFP_SURPRISE,Gold,-0.00377799,0.051684,36
2024-06-01,US_NFP_SURPRISE,Gold,-0.00497628,0.087144,36
2024-07-01,US_NFP_SURPRISE,Gold,-0.00383178,0.045056,36
2024-08-01,US_NFP_SURPRISE,Gold,-0.00399767,0.049333,36
2024-09-01,US_NFP_SURPRISE,Gold,-0.00421511,0.0536,36
2024-10-01,US_NFP_SURPRISE,Gold,-0.00424158,0.045573,36
2024-11-01,US_NFP_SURPRISE,Gold,-0.00501964,0.056558,36
2024-12-01,US_NFP_SURPRISE,Gold,-0.00508682,0.051204,36
2025-01-01,US_NFP_SURPRISE,Gold,-0.00462799,0.045451,36
2025-02-01,US_NFP_SURPRISE,Gold,-0.00734403,0.071552,36
2025-03-01,US_NFP_SURPRISE,Gold,-0.01050725,0.140622,36
2025-04-01,US_NFP_SURPRISE,Gold,-0.01125361,0.147522,36
2025-05-01,US_NFP_SURPRISE,Gold,-0.01090764,0.145152,36
2025-06-01,US_NFP_SURPRISE,Gold,-0.00996238,0.118191,36
2025-07-01,US_NFP_SURPRISE,Gold,-0.00679197,0.034537,36
2025-08-01,US_NFP_SURPRISE,Gold,-0.00607996,0.02945,36
2025-09-01,US_NFP_SURPRISE,Gold,-0.00578663,0.02697,36
2025-10-01,US_NFP_SURPRISE,Gold,-0.00919838,0.063458,36
2025-11-01,US_NFP_SURPRISE,Gold,-0.0073398,0.040044,36
2025-12-01,US_NFP_SURPRISE,Gold,-0.00699905,0.039825,36
2026-01-01,US_NFP_SURPRISE,Gold,-0.00906339,0.049604,36
2026-02-01,US_NFP_SURPRISE,Gold,-0.010551,0.071983,36
2026-03-01,US_NFP_SURPRISE,Gold,-0.01194426,0.100897,36
2026-04-01,US_NFP_SURPRISE,Gold,-0.01583924,0.173963,36
2026-05-01,US_NFP_SURPRISE,Gold,-0.01597631,0.159982,36
2026-06-01,US_NFP_SURPRISE,Gold,-0.01335871,0.102491,36
2026-07-01,US_NFP_SURPRISE,Gold,-0.00817331,0.031054,36
2013-12-01,KR_EXPORT_GROWTH,Domestic_Equity,0.01564839,0.001352,24
2014-01-01,KR_EXPORT_GROWTH,Domestic_Equity,0.01653753,0.001469,25
2014-02-01,KR_EXPORT_GROWTH,Domestic_Equity,0.01669738,0.001492,26
2014-03-01,KR_EXPORT_GROWTH,Domestic_Equity,0.01703683,0.001551,27
2014-04-01,KR_EXPORT_GROWTH,Domestic_Equity,0.01912934,0.001927,28
2014-05-01,KR_EXPORT_GROWTH,Domestic_Equity,0.02061877,0.002425,29
2014-06-01,KR_EXPORT_GROWTH,Domestic_Equity,0.01922336,0.002222,30
2014-07-01,KR_EXPORT_GROWTH,Domestic_Equity,0.01527352,0.001416,31
2014-08-01,KR_EXPORT_GROWTH,Domestic_Equity,0.00417856,0.00011,32
2014-09-01,KR_EXPORT_GROWTH,Domestic_Equity,0.00223643,3.1e-05,33
2014-10-01,KR_EXPORT_GROWTH,Domestic_Equity,-0.00781652,0.000342,34
2014-11-01,KR_EXPORT_GROWTH,Domestic_Equity,-0.00728199,0.000296,35
2014-12-01,KR_EXPORT_GROWTH,Domestic_Equity,-0.01392631,0.001137,36
2015-01-01,KR_EXPORT_GROWTH,Domestic_Equity,-0.00858644,0.000428,36
2015-02-01,KR_EXPORT_GROWTH,Domestic_Equity,-0.1599365,0.108638,36
2015-03-01,KR_EXPORT_GROWTH,Domestic_Equity,-0.15966858,0.105094,36
2015-04-01,KR_EXPORT_GROWTH,Domestic_Equity,-0.17481097,0.116502,36
2015-05-01,KR_EXPORT_GROWTH,Domestic_Equity,-0.13426386,0.077679,36
2015-06-01,KR_EXPORT_GROWTH,Domestic_Equity,-0.13724785,0.075982,36
2015-07-01,KR_EXPORT_GROWTH,Domestic_Equity,-0.13378191,0.078316,36
2015-08-01,KR_EXPORT_GROWTH,Domestic_Equity,-0.12675738,0.06912,36
2015-09-01,KR_EXPORT_GROWTH,Domestic_Equity,-0.12450907,0.070995,36
2015-10-01,KR_EXPORT_GROWTH,Domestic_Equity,-0.15406853,0.107561,36
2015-11-01,KR_EXPORT_GROWTH,Domestic_Equity,-0.15306378,0.108707,36
2015-12-01,KR_EXPORT_GROWTH,Domestic_Equity,-0.1002819,0.046088,36
2016-01-01,KR_EXPORT_GROWTH,Domestic_Equity,-0.05534493,0.014278,36
2016-02-01,KR_EXPORT_GROWTH,Domestic_Equity,-0.06655625,0.018577,36
2016-03-01,KR_EXPORT_GROWTH,Domestic_Equity,-0.06977303,0.019132,36
2016-04-01,KR_EXPORT_GROWTH,Domestic_Equity,-0.07295972,0.022158,36
2016-05-01,KR_EXPORT_GROWTH,Domestic_Equity,-0.07704026,0.024957,36
2016-06-01,KR_EXPORT_GROWTH,Domestic_Equity,-0.08566229,0.034331,36
2016-07-01,KR_EXPORT_GROWTH,Domestic_Equity,-0.086172,0.037926,36
2016-08-01,KR_EXPORT_GROWTH,Domestic_Equity,-0.10468947,0.05239,36
2016-09-01,KR_EXPORT_GROWTH,Domestic_Equity,-0.07867616,0.036701,36
2016-10-01,KR_EXPORT_GROWTH,Domestic_Equity,-0.0912378,0.049313,36
2016-11-01,KR_EXPORT_GROWTH,Domestic_Equity,-0.10278097,0.061957,36
2016-12-01,KR_EXPORT_GROWTH,Domestic_Equity,-0.07419557,0.032928,36
2017-01-01,KR_EXPORT_GROWTH,Domestic_Equity,-0.04563663,0.013908,36
2017-02-01,KR_EXPORT_GROWTH,Domestic_Equity,-0.03015123,0.007172,36
2017-03-01,KR_EXPORT_GROWTH,Domestic_Equity,-0.0147757,0.001781,36
2017-04-01,KR_EXPORT_GROWTH,Domestic_Equity,-0.00165401,3.1e-05,36
2017-05-01,KR_EXPORT_GROWTH,Domestic_Equity,0.02218558,0.004684,36
2017-06-01,KR_EXPORT_GROWTH,Domestic_Equity,0.03573504,0.011767,36
2017-07-01,KR_EXPORT_GROWTH,Domestic_Equity,0.04244988,0.018892,36
2017-08-01,KR_EXPORT_GROWTH,Domestic_Equity,0.0285025,0.009238,36
2017-09-01,KR_EXPORT_GROWTH,Domestic_Equity,0.01505943,0.0039,36
2017-10-01,KR_EXPORT_GROWTH,Domestic_Equity,0.01700169,0.005474,36
2017-11-01,KR_EXPORT_GROWTH,Domestic_Equity,0.01769697,0.005767,36
2017-12-01,KR_EXPORT_GROWTH,Domestic_Equity,0.02274848,0.009125,36
2018-01-01,KR_EXPORT_GROWTH,Domestic_Equity,0.02427001,0.010594,36
2018-02-01,KR_EXPORT_GROWTH,Domestic_Equity,0.03132671,0.01667,36
2018-03-01,KR_EXPORT_GROWTH,Domestic_Equity,0.03343533,0.019319,36
2018-04-01,KR_EXPORT_GROWTH,Domestic_Equity,0.04112857,0.032214,36
2018-05-01,KR_EXPORT_GROWTH,Domestic_Equity,0.04148174,0.032347,36
2018-06-01,KR_EXPORT_GROWTH,Domestic_Equity,0.04869843,0.045026,36
2018-07-01,KR_EXPORT_GROWTH,Domestic_Equity,0.04659992,0.03639,36
2018-08-01,KR_EXPORT_GROWTH,Domestic_Equity,0.03844256,0.028261,36
2018-09-01,KR_EXPORT_GROWTH,Domestic_Equity,0.03518875,0.024672,36
2018-10-01,KR_EXPORT_GROWTH,Domestic_Equity,0.01498695,0.004065,36
2018-11-01,KR_EXPORT_GROWTH,Domestic_Equity,0.01238721,0.002604,36
2018-12-01,KR_EXPORT_GROWTH,Domestic_Equity,0.00731549,0.000882,36
2019-01-01,KR_EXPORT_GROWTH,Domestic_Equity,-0.010507,0.001832,36
2019-02-01,KR_EXPORT_GROWTH,Domestic_Equity,-0.02582909,0.010255,36
2019-03-01,KR_EXPORT_GROWTH,Domestic_Equity,-0.01534227,0.003711,36
2019-04-01,KR_EXPORT_GROWTH,Domestic_Equity,-0.01354605,0.002772,36
2019-05-01,KR_EXPORT_GROWTH,Domestic_Equity,-0.00714312,0.000699,36
2019-06-01,KR_EXPORT_GROWTH,Domestic_Equity,-0.00704678,0.000705,36
2019-07-01,KR_EXPORT_GROWTH,Domestic_Equity,0.00086854,1e-05,36
2019-08-01,KR_EXPORT_GROWTH,Domestic_Equity,0.02348597,0.00679,36
2019-09-01,KR_EXPORT_GROWTH,Domestic_Equity,0.01012522,0.001112,36
2019-10-01,KR_EXPORT_GROWTH,Domestic_Equity,0.00637121,0.000458,36
2019-11-01,KR_EXPORT_GROWTH,Domestic_Equity,-0.0058891,0.000414,36
2019-12-01,KR_EXPORT_GROWTH,Domestic_Equity,-0.00830474,0.000831,36
2020-01-01,KR_EXPORT_GROWTH,Domestic_Equity,-0.01435998,0.002478,36
2020-02-01,KR_EXPORT_GROWTH,Domestic_Equity,-0.01953066,0.004492,36
2020-03-01,KR_EXPORT_GROWTH,Domestic_Equity,-0.03367478,0.007225,36
2020-04-01,KR_EXPORT_GROWTH,Domestic_Equity,-0.06194466,0.024754,36
2020-05-01,KR_EXPORT_GROWTH,Domestic_Equity,-0.0940111,0.063478,36
2020-06-01,KR_EXPORT_GROWTH,Domestic_Equity,-0.11847178,0.091596,36
2020-07-01,KR_EXPORT_GROWTH,Domestic_Equity,-0.13771967,0.115381,36
2020-08-01,KR_EXPORT_GROWTH,Domestic_Equity,-0.15792476,0.134318,36
2020-09-01,KR_EXPORT_GROWTH,Domestic_Equity,-0.24184025,0.20376,36
2020-10-01,KR_EXPORT_GROWTH,Domestic_Equity,-0.25858964,0.231653,36
2020-11-01,KR_EXPORT_GROWTH,Domestic_Equity,-0.2662326,0.233189,36
2020-12-01,KR_EXPORT_GROWTH,Domestic_Equity,-0.23401275,0.164135,36
2021-01-01,KR_EXPORT_GROWTH,Domestic_Equity,-0.22161191,0.125089,36
2021-02-01,KR_EXPORT_GROWTH,Domestic_Equity,-0.22149523,0.12763,36
2021-03-01,KR_EXPORT_GROWTH,Domestic_Equity,-0.22377042,0.133893,36
2021-04-01,KR_EXPORT_GROWTH,Domestic_Equity,-0.13853025,0.067308,36
2021-05-01,KR_EXPORT_GROWTH,Domestic_Equity,-0.11113794,0.056158,36
2021-06-01,KR_EXPORT_GROWTH,Domestic_Equity,-0.08601725,0.040143,36
2021-07-01,KR_EXPORT_GROWTH,Domestic_Equity,-0.07935345,0.038588,36
2021-08-01,KR_EXPORT_GROWTH,Domestic_Equity,-0.08286425,0.047772,36
2021-09-01,KR_EXPORT_GROWTH,Domestic_Equity,-0.08634146,0.052067,36
2021-10-01,KR_EXPORT_GROWTH,Domestic_Equity,-0.0838373,0.052094,36
2021-11-01,KR_EXPORT_GROWTH,Domestic_Equity,-0.07757866,0.053988,36
2021-12-01,KR_EXPORT_GROWTH,Domestic_Equity,-0.07420323,0.052819,36
2022-01-01,KR_EXPORT_GROWTH,Domestic_Equity,-0.08293637,0.06672,36
2022-02-01,KR_EXPORT_GROWTH,Domestic_Equity,-0.08755866,0.076684,36
2022-03-01,KR_EXPORT_GROWTH,Domestic_Equity,-0.09054788,0.085448,36
2022-04-01,KR_EXPORT_GROWTH,Domestic_Equity,-0.08838014,0.083864,36
2022-05-01,KR_EXPORT_GROWTH,Domestic_Equity,-0.09620162,0.108965,36
2022-06-01,KR_EXPORT_GROWTH,Domestic_Equity,-0.10382511,0.120665,36
2022-07-01,KR_EXPORT_GROWTH,Domestic_Equity,-0.11463488,0.141539,36
2022-08-01,KR_EXPORT_GROWTH,Domestic_Equity,-0.12489813,0.170014,36
2022-09-01,KR_EXPORT_GROWTH,Domestic_Equity,-0.12590583,0.166024,36
2022-10-01,KR_EXPORT_GROWTH,Domestic_Equity,-0.13235473,0.169468,36
2022-11-01,KR_EXPORT_GROWTH,Domestic_Equity,-0.14275913,0.179483,36
2022-12-01,KR_EXPORT_GROWTH,Domestic_Equity,-0.13729423,0.164854,36
2023-01-01,KR_EXPORT_GROWTH,Domestic_Equity,-0.12822258,0.150681,36
2023-02-01,KR_EXPORT_GROWTH,Domestic_Equity,-0.13060088,0.158709,36
2023-03-01,KR_EXPORT_GROWTH,Domestic_Equity,-0.13275059,0.242131,36
2023-04-01,KR_EXPORT_GROWTH,Domestic_Equity,-0.13893511,0.248446,36
2023-05-01,KR_EXPORT_GROWTH,Domestic_Equity,-0.12748914,0.204182,36
2023-06-01,KR_EXPORT_GROWTH,Domestic_Equity,-0.11546753,0.179317,36
2023-07-01,KR_EXPORT_GROWTH,Domestic_Equity,-0.10205465,0.149933,36
2023-08-01,KR_EXPORT_GROWTH,Domestic_Equity,-0.08366551,0.105331,36
2023-09-01,KR_EXPORT_GROWTH,Domestic_Equity,-0.0774541,0.093655,36
2023-10-01,KR_EXPORT_GROWTH,Domestic_Equity,-0.07329746,0.078468,36
2023-11-01,KR_EXPORT_GROWTH,Domestic_Equity,-0.06796724,0.070208,36
2023-12-01,KR_EXPORT_GROWTH,Domestic_Equity,-0.0628896,0.069749,36
2024-01-01,KR_EXPORT_GROWTH,Domestic_Equity,-0.05457034,0.070337,36
2024-02-01,KR_EXPORT_GROWTH,Domestic_Equity,-0.05613792,0.070219,36
2024-03-01,KR_EXPORT_GROWTH,Domestic_Equity,-0.05917304,0.077332,36
2024-04-01,KR_EXPORT_GROWTH,Domestic_Equity,-0.06876745,0.107264,36
2024-05-01,KR_EXPORT_GROWTH,Domestic_Equity,-0.07260406,0.11371,36
2024-06-01,KR_EXPORT_GROWTH,Domestic_Equity,-0.08160426,0.141268,36
2024-07-01,KR_EXPORT_GROWTH,Domestic_Equity,-0.07883403,0.129199,36
2024-08-01,KR_EXPORT_GROWTH,Domestic_Equity,-0.07954336,0.118436,36
2024-09-01,KR_EXPORT_GROWTH,Domestic_Equity,-0.07836591,0.114239,36
2024-10-01,KR_EXPORT_GROWTH,Domestic_Equity,-0.07186561,0.097016,36
2024-11-01,KR_EXPORT_GROWTH,Domestic_Equity,-0.07799279,0.099516,36
2024-12-01,KR_EXPORT_GROWTH,Domestic_Equity,-0.08687774,0.118055,36
2025-01-01,KR_EXPORT_GROWTH,Domestic_Equity,-0.08373096,0.108553,36
2025-02-01,KR_EXPORT_GROWTH,Domestic_Equity,-0.07339442,0.079279,36
2025-03-01,KR_EXPORT_GROWTH,Domestic_Equity,-0.07556444,0.078731,36
2025-04-01,KR_EXPORT_GROWTH,Domestic_Equity,-0.08235032,0.085208,36
2025-05-01,KR_EXPORT_GROWTH,Domestic_Equity,-0.08791916,0.076892,36
2025-06-01,KR_EXPORT_GROWTH,Domestic_Equity,-0.08063787,0.050086,36
2025-07-01,KR_EXPORT_GROWTH,Domestic_Equity,-0.06036169,0.025009,36
2025-08-01,KR_EXPORT_GROWTH,Domestic_Equity,-0.08214805,0.044636,36
2025-09-01,KR_EXPORT_GROWTH,Domestic_Equity,-0.03864267,0.010006,36
2025-10-01,KR_EXPORT_GROWTH,Domestic_Equity,-0.01284754,0.000956,36
2025-11-01,KR_EXPORT_GROWTH,Domestic_Equity,0.01085077,0.000712,36
2025-12-01,KR_EXPORT_GROWTH,Domestic_Equity,0.00535715,0.000182,36
2026-01-01,KR_EXPORT_GROWTH,Domestic_Equity,0.0989171,0.051104,36
2026-02-01,KR_EXPORT_GROWTH,Domestic_Equity,0.16051748,0.119582,36
2026-03-01,KR_EXPORT_GROWTH,Domestic_Equity,0.08841093,0.05061,36
2026-04-01,KR_EXPORT_GROWTH,Domestic_Equity,0.11116916,0.094251,36
2026-05-01,KR_EXPORT_GROWTH,Domestic_Equity,0.19743099,0.253151,36
2026-06-01,KR_EXPORT_GROWTH,Domestic_Equity,0.16512235,0.26468,36
2026-07-01,KR_EXPORT_GROWTH,Domestic_Equity,0.1691104,0.260077,35
2013-12-01,KR_EXPORT_GROWTH,Foreign_Equity,-0.0195923,0.002985,24
2014-01-01,KR_EXPORT_GROWTH,Foreign_Equity,-0.01942986,0.002933,25
2014-02-01,KR_EXPORT_GROWTH,Foreign_Equity,-0.01906502,0.002744,26
2014-03-01,KR_EXPORT_GROWTH,Foreign_Equity,-0.01843601,0.002548,27
2014-04-01,KR_EXPORT_GROWTH,Foreign_Equity,-0.01883078,0.00266,28
2014-05-01,KR_EXPORT_GROWTH,Foreign_Equity,-0.0174532,0.002476,29
2014-06-01,KR_EXPORT_GROWTH,Foreign_Equity,-0.02398664,0.004885,30
2014-07-01,KR_EXPORT_GROWTH,Foreign_Equity,-0.02156285,0.003997,31
2014-08-01,KR_EXPORT_GROWTH,Foreign_Equity,-0.003981,0.000137,32
2014-09-01,KR_EXPORT_GROWTH,Foreign_Equity,-0.00457014,0.000181,33
2014-10-01,KR_EXPORT_GROWTH,Foreign_Equity,-0.01516964,0.001668,34
2014-11-01,KR_EXPORT_GROWTH,Foreign_Equity,-0.01222652,0.001025,35
2014-12-01,KR_EXPORT_GROWTH,Foreign_Equity,-0.02403717,0.00409,36
2015-01-01,KR_EXPORT_GROWTH,Foreign_Equity,-0.01442888,0.001489,36
2015-02-01,KR_EXPORT_GROWTH,Foreign_Equity,-0.11807588,0.067871,36
2015-03-01,KR_EXPORT_GROWTH,Foreign_Equity,-0.11820525,0.067318,36
2015-04-01,KR_EXPORT_GROWTH,Foreign_Equity,-0.11818023,0.070235,36
2015-05-01,KR_EXPORT_GROWTH,Foreign_Equity,-0.07609439,0.033485,36
2015-06-01,KR_EXPORT_GROWTH,Foreign_Equity,-0.06310759,0.022428,36
2015-07-01,KR_EXPORT_GROWTH,Foreign_Equity,-0.08063002,0.038684,36
2015-08-01,KR_EXPORT_GROWTH,Foreign_Equity,-0.07519774,0.031406,36
2015-09-01,KR_EXPORT_GROWTH,Foreign_Equity,-0.11269433,0.060705,36
2015-10-01,KR_EXPORT_GROWTH,Foreign_Equity,-0.13360488,0.086971,36
2015-11-01,KR_EXPORT_GROWTH,Foreign_Equity,-0.13122105,0.086937,36
2015-12-01,KR_EXPORT_GROWTH,Foreign_Equity,-0.08506609,0.033807,36
2016-01-01,KR_EXPORT_GROWTH,Foreign_Equity,-0.02370663,0.002427,36
2016-02-01,KR_EXPORT_GROWTH,Foreign_Equity,-0.00411827,6.6e-05,36
2016-03-01,KR_EXPORT_GROWTH,Foreign_Equity,-0.00957958,0.000302,36
2016-04-01,KR_EXPORT_GROWTH,Foreign_Equity,-0.02304493,0.001755,36
2016-05-01,KR_EXPORT_GROWTH,Foreign_Equity,-0.025398,0.002246,36
2016-06-01,KR_EXPORT_GROWTH,Foreign_Equity,-0.03062069,0.003395,36
2016-07-01,KR_EXPORT_GROWTH,Foreign_Equity,-0.05505277,0.012012,36
2016-08-01,KR_EXPORT_GROWTH,Foreign_Equity,-0.06081419,0.013758,36
2016-09-01,KR_EXPORT_GROWTH,Foreign_Equity,-0.04005019,0.006587,36
2016-10-01,KR_EXPORT_GROWTH,Foreign_Equity,-0.04816112,0.009377,36
2016-11-01,KR_EXPORT_GROWTH,Foreign_Equity,-0.04393095,0.008225,36
2016-12-01,KR_EXPORT_GROWTH,Foreign_Equity,-0.01014084,0.000429,36
2017-01-01,KR_EXPORT_GROWTH,Foreign_Equity,-0.00198212,1.8e-05,36
2017-02-01,KR_EXPORT_GROWTH,Foreign_Equity,0.01560618,0.001324,36
2017-03-01,KR_EXPORT_GROWTH,Foreign_Equity,0.01487371,0.001295,36
2017-04-01,KR_EXPORT_GROWTH,Foreign_Equity,0.00111132,1e-05,36
2017-05-01,KR_EXPORT_GROWTH,Foreign_Equity,0.00910773,0.000664,36
2017-06-01,KR_EXPORT_GROWTH,Foreign_Equity,0.02324834,0.004436,36
2017-07-01,KR_EXPORT_GROWTH,Foreign_Equity,0.02843207,0.007559,36
2017-08-01,KR_EXPORT_GROWTH,Foreign_Equity,0.01622932,0.002731,36
2017-09-01,KR_EXPORT_GROWTH,Foreign_Equity,0.02436117,0.009178,36
2017-10-01,KR_EXPORT_GROWTH,Foreign_Equity,0.0252517,0.01065,36
2017-11-01,KR_EXPORT_GROWTH,Foreign_Equity,0.02784406,0.013818,36
2017-12-01,KR_EXPORT_GROWTH,Foreign_Equity,0.02758816,0.013316,36
2018-01-01,KR_EXPORT_GROWTH,Foreign_Equity,0.03374713,0.019215,36
2018-02-01,KR_EXPORT_GROWTH,Foreign_Equity,0.04217253,0.028341,36
2018-03-01,KR_EXPORT_GROWTH,Foreign_Equity,0.04268803,0.028809,36
2018-04-01,KR_EXPORT_GROWTH,Foreign_Equity,0.04679626,0.035228,36
2018-05-01,KR_EXPORT_GROWTH,Foreign_Equity,0.04821447,0.036904,36
2018-06-01,KR_EXPORT_GROWTH,Foreign_Equity,0.04923223,0.039267,36
2018-07-01,KR_EXPORT_GROWTH,Foreign_Equity,0.05107855,0.042798,36
2018-08-01,KR_EXPORT_GROWTH,Foreign_Equity,0.04722909,0.038381,36
2018-09-01,KR_EXPORT_GROWTH,Foreign_Equity,0.04802947,0.04954,36
2018-10-01,KR_EXPORT_GROWTH,Foreign_Equity,0.03441408,0.025031,36
2018-11-01,KR_EXPORT_GROWTH,Foreign_Equity,0.03397446,0.023803,36
2018-12-01,KR_EXPORT_GROWTH,Foreign_Equity,0.03065954,0.016041,36
2019-01-01,KR_EXPORT_GROWTH,Foreign_Equity,0.00059337,7e-06,36
2019-02-01,KR_EXPORT_GROWTH,Foreign_Equity,-0.01830095,0.006303,36
2019-03-01,KR_EXPORT_GROWTH,Foreign_Equity,-0.00852596,0.001661,36
2019-04-01,KR_EXPORT_GROWTH,Foreign_Equity,-0.00267784,0.000161,36
2019-05-01,KR_EXPORT_GROWTH,Foreign_Equity,0.00050855,6e-06,36
2019-06-01,KR_EXPORT_GROWTH,Foreign_Equity,-0.00151939,5.2e-05,36
2019-07-01,KR_EXPORT_GROWTH,Foreign_Equity,-0.00011251,0.0,36
2019-08-01,KR_EXPORT_GROWTH,Foreign_Equity,0.01474951,0.004294,36
2019-09-01,KR_EXPORT_GROWTH,Foreign_Equity,0.00293765,0.00016,36
2019-10-01,KR_EXPORT_GROWTH,Foreign_Equity,0.00226366,0.0001,36
2019-11-01,KR_EXPORT_GROWTH,Foreign_Equity,-0.00939679,0.001742,36
2019-12-01,KR_EXPORT_GROWTH,Foreign_Equity,-0.0138097,0.003943,36
2020-01-01,KR_EXPORT_GROWTH,Foreign_Equity,-0.01633554,0.005501,36
2020-02-01,KR_EXPORT_GROWTH,Foreign_Equity,-0.02323822,0.010827,36
2020-03-01,KR_EXPORT_GROWTH,Foreign_Equity,-0.03804466,0.008586,36
2020-04-01,KR_EXPORT_GROWTH,Foreign_Equity,-0.04232677,0.010976,36
2020-05-01,KR_EXPORT_GROWTH,Foreign_Equity,-0.05764842,0.02212,36
2020-06-01,KR_EXPORT_GROWTH,Foreign_Equity,-0.07355548,0.033881,36
2020-07-01,KR_EXPORT_GROWTH,Foreign_Equity,-0.08404712,0.04148,36
2020-08-01,KR_EXPORT_GROWTH,Foreign_Equity,-0.09946013,0.053384,36
2020-09-01,KR_EXPORT_GROWTH,Foreign_Equity,-0.17634465,0.108729,36
2020-10-01,KR_EXPORT_GROWTH,Foreign_Equity,-0.19011219,0.124167,36
2020-11-01,KR_EXPORT_GROWTH,Foreign_Equity,-0.19007166,0.118217,36
2020-12-01,KR_EXPORT_GROWTH,Foreign_Equity,-0.17682272,0.102082,36
2021-01-01,KR_EXPORT_GROWTH,Foreign_Equity,-0.19602688,0.121572,36
2021-02-01,KR_EXPORT_GROWTH,Foreign_Equity,-0.19276051,0.120401,36
2021-03-01,KR_EXPORT_GROWTH,Foreign_Equity,-0.18068172,0.109824,36
2021-04-01,KR_EXPORT_GROWTH,Foreign_Equity,-0.11349918,0.057087,36
2021-05-01,KR_EXPORT_GROWTH,Foreign_Equity,-0.07788867,0.034782,36
2021-06-01,KR_EXPORT_GROWTH,Foreign_Equity,-0.06490377,0.028595,36
2021-07-01,KR_EXPORT_GROWTH,Foreign_Equity,-0.06373898,0.030061,36
2021-08-01,KR_EXPORT_GROWTH,Foreign_Equity,-0.05464999,0.025349,36
2021-09-01,KR_EXPORT_GROWTH,Foreign_Equity,-0.05772206,0.028431,36
2021-10-01,KR_EXPORT_GROWTH,Foreign_Equity,-0.04159708,0.015796,36
2021-11-01,KR_EXPORT_GROWTH,Foreign_Equity,-0.03005828,0.009852,36
2021-12-01,KR_EXPORT_GROWTH,Foreign_Equity,-0.03718813,0.016958,36
2022-01-01,KR_EXPORT_GROWTH,Foreign_Equity,-0.03631295,0.016889,36
2022-02-01,KR_EXPORT_GROWTH,Foreign_Equity,-0.03555275,0.017202,36
2022-03-01,KR_EXPORT_GROWTH,Foreign_Equity,-0.03920752,0.021513,36
2022-04-01,KR_EXPORT_GROWTH,Foreign_Equity,-0.03835559,0.021228,36
2022-05-01,KR_EXPORT_GROWTH,Foreign_Equity,-0.05512567,0.044625,36
2022-06-01,KR_EXPORT_GROWTH,Foreign_Equity,-0.05858721,0.04875,36
2022-07-01,KR_EXPORT_GROWTH,Foreign_Equity,-0.05829251,0.047915,36
2022-08-01,KR_EXPORT_GROWTH,Foreign_Equity,-0.06329383,0.055582,36
2022-09-01,KR_EXPORT_GROWTH,Foreign_Equity,-0.06707618,0.058164,36
2022-10-01,KR_EXPORT_GROWTH,Foreign_Equity,-0.07273024,0.064312,36
2022-11-01,KR_EXPORT_GROWTH,Foreign_Equity,-0.07798308,0.06771,36
2022-12-01,KR_EXPORT_GROWTH,Foreign_Equity,-0.07602053,0.064603,36
2023-01-01,KR_EXPORT_GROWTH,Foreign_Equity,-0.07636369,0.067778,36
2023-02-01,KR_EXPORT_GROWTH,Foreign_Equity,-0.07579899,0.068479,36
2023-03-01,KR_EXPORT_GROWTH,Foreign_Equity,-0.07580916,0.161946,36
2023-04-01,KR_EXPORT_GROWTH,Foreign_Equity,-0.08330124,0.182466,36
2023-05-01,KR_EXPORT_GROWTH,Foreign_Equity,-0.07095221,0.125381,36
2023-06-01,KR_EXPORT_GROWTH,Foreign_Equity,-0.06081643,0.100462,36
2023-07-01,KR_EXPORT_GROWTH,Foreign_Equity,-0.06340847,0.114186,36
2023-08-01,KR_EXPORT_GROWTH,Foreign_Equity,-0.05131076,0.076616,36
2023-09-01,KR_EXPORT_GROWTH,Foreign_Equity,-0.04661585,0.065526,36
2023-10-01,KR_EXPORT_GROWTH,Foreign_Equity,-0.03986495,0.044185,36
2023-11-01,KR_EXPORT_GROWTH,Foreign_Equity,-0.03610217,0.037796,36
2023-12-01,KR_EXPORT_GROWTH,Foreign_Equity,-0.03613896,0.037126,36
2024-01-01,KR_EXPORT_GROWTH,Foreign_Equity,-0.03207168,0.03009,36
2024-02-01,KR_EXPORT_GROWTH,Foreign_Equity,-0.03120545,0.027887,36
2024-03-01,KR_EXPORT_GROWTH,Foreign_Equity,-0.03298354,0.030508,36
2024-04-01,KR_EXPORT_GROWTH,Foreign_Equity,-0.03994882,0.044781,36
2024-05-01,KR_EXPORT_GROWTH,Foreign_Equity,-0.04553633,0.05596,36
2024-06-01,KR_EXPORT_GROWTH,Foreign_Equity,-0.04880568,0.062107,36
2024-07-01,KR_EXPORT_GROWTH,Foreign_Equity,-0.04591487,0.054336,36
2024-08-01,KR_EXPORT_GROWTH,Foreign_Equity,-0.04992783,0.06123,36
2024-09-01,KR_EXPORT_GROWTH,Foreign_Equity,-0.05040769,0.061371,36
2024-10-01,KR_EXPORT_GROWTH,Foreign_Equity,-0.05456186,0.069112,36
2024-11-01,KR_EXPORT_GROWTH,Foreign_Equity,-0.06774495,0.095138,36
2024-12-01,KR_EXPORT_GROWTH,Foreign_Equity,-0.0670261,0.089835,36
2025-01-01,KR_EXPORT_GROWTH,Foreign_Equity,-0.06777859,0.089357,36
2025-02-01,KR_EXPORT_GROWTH,Foreign_Equity,-0.06466967,0.075493,36
2025-03-01,KR_EXPORT_GROWTH,Foreign_Equity,-0.06491712,0.069438,36
2025-04-01,KR_EXPORT_GROWTH,Foreign_Equity,-0.07009804,0.070916,36
2025-05-01,KR_EXPORT_GROWTH,Foreign_Equity,-0.04743077,0.028125,36
2025-06-01,KR_EXPORT_GROWTH,Foreign_Equity,-0.0375772,0.017566,36
2025-07-01,KR_EXPORT_GROWTH,Foreign_Equity,-0.02919907,0.009832,36
2025-08-01,KR_EXPORT_GROWTH,Foreign_Equity,-0.0478421,0.02582,36
2025-09-01,KR_EXPORT_GROWTH,Foreign_Equity,-0.00941592,0.001134,36
2025-10-01,KR_EXPORT_GROWTH,Foreign_Equity,-0.00089564,1.1e-05,36
2025-11-01,KR_EXPORT_GROWTH,Foreign_Equity,0.00526376,0.000428,36
2025-12-01,KR_EXPORT_GROWTH,Foreign_Equity,0.00871489,0.001188,36
2026-01-01,KR_EXPORT_GROWTH,Foreign_Equity,0.02891092,0.014617,36
2026-02-01,KR_EXPORT_GROWTH,Foreign_Equity,0.03396299,0.022027,36
2026-03-01,KR_EXPORT_GROWTH,Foreign_Equity,-0.02780432,0.020919,36
2026-04-01,KR_EXPORT_GROWTH,Foreign_Equity,-0.01246519,0.005182,36
2026-05-01,KR_EXPORT_GROWTH,Foreign_Equity,-0.01609502,0.011378,36
2026-06-01,KR_EXPORT_GROWTH,Foreign_Equity,-0.00575063,0.002266,36
2026-07-01,KR_EXPORT_GROWTH,Foreign_Equity,-0.00108952,7.7e-05,35
2013-12-01,KR_EXPORT_GROWTH,Bond,0.01689577,0.014953,24
2014-01-01,KR_EXPORT_GROWTH,Bond,0.01688525,0.014937,25
2014-02-01,KR_EXPORT_GROWTH,Bond,0.01674962,0.014313,26
2014-03-01,KR_EXPORT_GROWTH,Bond,0.01663259,0.014097,27
2014-04-01,KR_EXPORT_GROWTH,Bond,0.01657308,0.014016,28
2014-05-01,KR_EXPORT_GROWTH,Bond,0.00883843,0.004195,29
2014-06-01,KR_EXPORT_GROWTH,Bond,0.00436511,0.00106,30
2014-07-01,KR_EXPORT_GROWTH,Bond,-0.00012026,1e-06,31
2014-08-01,KR_EXPORT_GROWTH,Bond,0.00212487,0.000248,32
2014-09-01,KR_EXPORT_GROWTH,Bond,0.00257444,0.000365,33
2014-10-01,KR_EXPORT_GROWTH,Bond,0.00507279,0.001329,34
2014-11-01,KR_EXPORT_GROWTH,Bond,0.0052747,0.001435,35
2014-12-01,KR_EXPORT_GROWTH,Bond,0.00387811,0.000817,36
2015-01-01,KR_EXPORT_GROWTH,Bond,0.00511729,0.001302,36
2015-02-01,KR_EXPORT_GROWTH,Bond,0.01454311,0.006766,36
2015-03-01,KR_EXPORT_GROWTH,Bond,0.01454148,0.007067,36
2015-04-01,KR_EXPORT_GROWTH,Bond,0.01341294,0.006076,36
2015-05-01,KR_EXPORT_GROWTH,Bond,0.01927264,0.010291,36
2015-06-01,KR_EXPORT_GROWTH,Bond,0.01167046,0.003608,36
2015-07-01,KR_EXPORT_GROWTH,Bond,0.0104059,0.003503,36
2015-08-01,KR_EXPORT_GROWTH,Bond,0.00914792,0.002808,36
2015-09-01,KR_EXPORT_GROWTH,Bond,0.01140977,0.004537,36
2015-10-01,KR_EXPORT_GROWTH,Bond,0.00635423,0.0015,36
2015-11-01,KR_EXPORT_GROWTH,Bond,0.00530261,0.00099,36
2015-12-01,KR_EXPORT_GROWTH,Bond,-0.00886736,0.002688,36
2016-01-01,KR_EXPORT_GROWTH,Bond,-0.01735446,0.01105,36
2016-02-01,KR_EXPORT_GROWTH,Bond,-0.02374937,0.01802,36
2016-03-01,KR_EXPORT_GROWTH,Bond,-0.02267304,0.016529,36
2016-04-01,KR_EXPORT_GROWTH,Bond,-0.02215967,0.016271,36
2016-05-01,KR_EXPORT_GROWTH,Bond,-0.02210392,0.016445,36
2016-06-01,KR_EXPORT_GROWTH,Bond,-0.02575799,0.030292,36
2016-07-01,KR_EXPORT_GROWTH,Bond,-0.0289715,0.043455,36
2016-08-01,KR_EXPORT_GROWTH,Bond,-0.0200865,0.020713,36
2016-09-01,KR_EXPORT_GROWTH,Bond,-0.00703869,0.002662,36
2016-10-01,KR_EXPORT_GROWTH,Bond,-0.00631552,0.002013,36
2016-11-01,KR_EXPORT_GROWTH,Bond,-0.01962243,0.015592,36
2016-12-01,KR_EXPORT_GROWTH,Bond,-0.02812947,0.030988,36
2017-01-01,KR_EXPORT_GROWTH,Bond,-0.02502584,0.027286,36
2017-02-01,KR_EXPORT_GROWTH,Bond,-0.02795571,0.040245,36
2017-03-01,KR_EXPORT_GROWTH,Bond,-0.02977814,0.047967,36
2017-04-01,KR_EXPORT_GROWTH,Bond,-0.02167168,0.034685,36
2017-05-01,KR_EXPORT_GROWTH,Bond,-0.02142505,0.034029,36
2017-06-01,KR_EXPORT_GROWTH,Bond,-0.01701728,0.021906,36
2017-07-01,KR_EXPORT_GROWTH,Bond,-0.01713038,0.026591,36
2017-08-01,KR_EXPORT_GROWTH,Bond,-0.01896762,0.035735,36
2017-09-01,KR_EXPORT_GROWTH,Bond,-0.01354957,0.027549,36
2017-10-01,KR_EXPORT_GROWTH,Bond,-0.01432732,0.032099,36
2017-11-01,KR_EXPORT_GROWTH,Bond,-0.0141708,0.031299,36
2017-12-01,KR_EXPORT_GROWTH,Bond,-0.01467506,0.033243,36
2018-01-01,KR_EXPORT_GROWTH,Bond,-0.0154402,0.04043,36
2018-02-01,KR_EXPORT_GROWTH,Bond,-0.01375202,0.031723,36
2018-03-01,KR_EXPORT_GROWTH,Bond,-0.01369282,0.031441,36
2018-04-01,KR_EXPORT_GROWTH,Bond,-0.01342612,0.031075,36
2018-05-01,KR_EXPORT_GROWTH,Bond,-0.01817311,0.064831,36
2018-06-01,KR_EXPORT_GROWTH,Bond,-0.01937127,0.072771,36
2018-07-01,KR_EXPORT_GROWTH,Bond,-0.01916821,0.069497,36
2018-08-01,KR_EXPORT_GROWTH,Bond,-0.01725254,0.057383,36
2018-09-01,KR_EXPORT_GROWTH,Bond,-0.01962993,0.075324,36
2018-10-01,KR_EXPORT_GROWTH,Bond,-0.01677972,0.059474,36
2018-11-01,KR_EXPORT_GROWTH,Bond,-0.01740981,0.064887,36
2018-12-01,KR_EXPORT_GROWTH,Bond,-0.01750473,0.058654,36
2019-01-01,KR_EXPORT_GROWTH,Bond,-0.01468778,0.040745,36
2019-02-01,KR_EXPORT_GROWTH,Bond,-0.01180565,0.02887,36
2019-03-01,KR_EXPORT_GROWTH,Bond,-0.01247239,0.032333,36
2019-04-01,KR_EXPORT_GROWTH,Bond,-0.01213376,0.029573,36
2019-05-01,KR_EXPORT_GROWTH,Bond,-0.01247758,0.031228,36
2019-06-01,KR_EXPORT_GROWTH,Bond,-0.01514149,0.046319,36
2019-07-01,KR_EXPORT_GROWTH,Bond,-0.01246185,0.032502,36
2019-08-01,KR_EXPORT_GROWTH,Bond,-0.01682371,0.054292,36
2019-09-01,KR_EXPORT_GROWTH,Bond,-0.01747588,0.054033,36
2019-10-01,KR_EXPORT_GROWTH,Bond,-0.01414126,0.035642,36
2019-11-01,KR_EXPORT_GROWTH,Bond,-0.00975372,0.021954,36
2019-12-01,KR_EXPORT_GROWTH,Bond,-0.00925777,0.021373,36
2020-01-01,KR_EXPORT_GROWTH,Bond,-0.00927448,0.021551,36
2020-02-01,KR_EXPORT_GROWTH,Bond,-0.0074918,0.013791,36
2020-03-01,KR_EXPORT_GROWTH,Bond,-0.00688456,0.011728,36
2020-04-01,KR_EXPORT_GROWTH,Bond,-0.00568806,0.008257,36
2020-05-01,KR_EXPORT_GROWTH,Bond,-0.00659149,0.012343,36
2020-06-01,KR_EXPORT_GROWTH,Bond,-0.00698791,0.014042,36
2020-07-01,KR_EXPORT_GROWTH,Bond,-0.00481623,0.006431,36
2020-08-01,KR_EXPORT_GROWTH,Bond,-0.0027008,0.001912,36
2020-09-01,KR_EXPORT_GROWTH,Bond,-0.00488717,0.003838,36
2020-10-01,KR_EXPORT_GROWTH,Bond,-0.00061811,6.5e-05,36
2020-11-01,KR_EXPORT_GROWTH,Bond,0.00044884,3.3e-05,36
2020-12-01,KR_EXPORT_GROWTH,Bond,-0.0012092,0.000241,36
2021-01-01,KR_EXPORT_GROWTH,Bond,0.00235823,0.000925,36
2021-02-01,KR_EXPORT_GROWTH,Bond,0.00094904,0.000152,36
2021-03-01,KR_EXPORT_GROWTH,Bond,-0.00401826,0.002562,36
2021-04-01,KR_EXPORT_GROWTH,Bond,-0.00334421,0.002367,36
2021-05-01,KR_EXPORT_GROWTH,Bond,-0.00595447,0.009746,36
2021-06-01,KR_EXPORT_GROWTH,Bond,-0.00407564,0.005514,36
2021-07-01,KR_EXPORT_GROWTH,Bond,-0.00150503,0.000816,36
2021-08-01,KR_EXPORT_GROWTH,Bond,-0.00022857,2.2e-05,36
2021-09-01,KR_EXPORT_GROWTH,Bond,-0.00081977,0.000278,36
2021-10-01,KR_EXPORT_GROWTH,Bond,-0.00765479,0.020273,36
2021-11-01,KR_EXPORT_GROWTH,Bond,-0.00525875,0.011679,36
2021-12-01,KR_EXPORT_GROWTH,Bond,-0.00172029,0.001379,36
2022-01-01,KR_EXPORT_GROWTH,Bond,-0.00541286,0.012339,36
2022-02-01,KR_EXPORT_GROWTH,Bond,-0.00756705,0.024092,36
2022-03-01,KR_EXPORT_GROWTH,Bond,-0.00770657,0.025889,36
2022-04-01,KR_EXPORT_GROWTH,Bond,-0.01116904,0.045798,36
2022-05-01,KR_EXPORT_GROWTH,Bond,-0.01021379,0.041495,36
2022-06-01,KR_EXPORT_GROWTH,Bond,-0.00962441,0.035841,36
2022-07-01,KR_EXPORT_GROWTH,Bond,-0.00504222,0.00823,36
2022-08-01,KR_EXPORT_GROWTH,Bond,-0.00186194,0.001211,36
2022-09-01,KR_EXPORT_GROWTH,Bond,-0.00584737,0.009231,36
2022-10-01,KR_EXPORT_GROWTH,Bond,-0.00767944,0.014241,36
2022-11-01,KR_EXPORT_GROWTH,Bond,-0.01367119,0.037319,36
2022-12-01,KR_EXPORT_GROWTH,Bond,-0.01640824,0.047314,36
2023-01-01,KR_EXPORT_GROWTH,Bond,-0.01840985,0.060644,36
2023-02-01,KR_EXPORT_GROWTH,Bond,-0.01807724,0.060572,36
2023-03-01,KR_EXPORT_GROWTH,Bond,-0.01791511,0.061807,36
2023-04-01,KR_EXPORT_GROWTH,Bond,-0.02105457,0.078424,36
2023-05-01,KR_EXPORT_GROWTH,Bond,-0.01881436,0.060163,36
2023-06-01,KR_EXPORT_GROWTH,Bond,-0.017008,0.047863,36
2023-07-01,KR_EXPORT_GROWTH,Bond,-0.01527731,0.041227,36
2023-08-01,KR_EXPORT_GROWTH,Bond,-0.01379318,0.032815,36
2023-09-01,KR_EXPORT_GROWTH,Bond,-0.01351285,0.032879,36
2023-10-01,KR_EXPORT_GROWTH,Bond,-0.01143556,0.022322,36
2023-11-01,KR_EXPORT_GROWTH,Bond,-0.01455661,0.031563,36
2023-12-01,KR_EXPORT_GROWTH,Bond,-0.01688087,0.036522,36
2024-01-01,KR_EXPORT_GROWTH,Bond,-0.01592775,0.032687,36
2024-02-01,KR_EXPORT_GROWTH,Bond,-0.01664499,0.035413,36
2024-03-01,KR_EXPORT_GROWTH,Bond,-0.01754684,0.039917,36
2024-04-01,KR_EXPORT_GROWTH,Bond,-0.01860738,0.043455,36
2024-05-01,KR_EXPORT_GROWTH,Bond,-0.0184563,0.040831,36
2024-06-01,KR_EXPORT_GROWTH,Bond,-0.01964603,0.043645,36
2024-07-01,KR_EXPORT_GROWTH,Bond,-0.01940236,0.042069,36
2024-08-01,KR_EXPORT_GROWTH,Bond,-0.02127748,0.04752,36
2024-09-01,KR_EXPORT_GROWTH,Bond,-0.02079254,0.045753,36
2024-10-01,KR_EXPORT_GROWTH,Bond,-0.01704028,0.03125,36
2024-11-01,KR_EXPORT_GROWTH,Bond,-0.02048441,0.040111,36
2024-12-01,KR_EXPORT_GROWTH,Bond,-0.02226679,0.044907,36
2025-01-01,KR_EXPORT_GROWTH,Bond,-0.01781599,0.02928,36
2025-02-01,KR_EXPORT_GROWTH,Bond,-0.01487438,0.019276,36
2025-03-01,KR_EXPORT_GROWTH,Bond,-0.01360107,0.015154,36
2025-04-01,KR_EXPORT_GROWTH,Bond,-0.00559609,0.002687,36
2025-05-01,KR_EXPORT_GROWTH,Bond,-0.00241517,0.00042,36
2025-06-01,KR_EXPORT_GROWTH,Bond,0.00490094,0.001762,36
2025-07-01,KR_EXPORT_GROWTH,Bond,-0.00361166,0.000939,36
2025-08-01,KR_EXPORT_GROWTH,Bond,-0.00294668,0.000586,36
2025-09-01,KR_EXPORT_GROWTH,Bond,0.01221749,0.012505,36
2025-10-01,KR_EXPORT_GROWTH,Bond,0.01768163,0.028979,36
2025-11-01,KR_EXPORT_GROWTH,Bond,0.01577604,0.023184,36
2025-12-01,KR_EXPORT_GROWTH,Bond,0.01684618,0.030288,36
2026-01-01,KR_EXPORT_GROWTH,Bond,0.01363981,0.022438,36
2026-02-01,KR_EXPORT_GROWTH,Bond,0.00847971,0.009451,36
2026-03-01,KR_EXPORT_GROWTH,Bond,0.00189414,0.000646,36
2026-04-01,KR_EXPORT_GROWTH,Bond,0.00371609,0.003104,36
2026-05-01,KR_EXPORT_GROWTH,Bond,-0.00768616,0.01534,36
2026-06-01,KR_EXPORT_GROWTH,Bond,-0.00856768,0.030467,36
2026-07-01,KR_EXPORT_GROWTH,Bond,-0.00992408,0.038044,35
2013-12-01,KR_EXPORT_GROWTH,Gold,-0.02780868,0.002834,24
2014-01-01,KR_EXPORT_GROWTH,Gold,-0.02659704,0.002507,25
2014-02-01,KR_EXPORT_GROWTH,Gold,-0.02720321,0.00253,26
2014-03-01,KR_EXPORT_GROWTH,Gold,-0.02373447,0.001743,27
2014-04-01,KR_EXPORT_GROWTH,Gold,-0.01933707,0.001114,28
2014-05-01,KR_EXPORT_GROWTH,Gold,-0.00222181,1.6e-05,29
2014-06-01,KR_EXPORT_GROWTH,Gold,0.01845166,0.001117,30
2014-07-01,KR_EXPORT_GROWTH,Gold,-0.00626152,0.000115,31
2014-08-01,KR_EXPORT_GROWTH,Gold,-0.00102794,3e-06,32
2014-09-01,KR_EXPORT_GROWTH,Gold,-0.00360026,4e-05,33
2014-10-01,KR_EXPORT_GROWTH,Gold,-0.01041226,0.000326,34
2014-11-01,KR_EXPORT_GROWTH,Gold,-0.01365912,0.000545,35
2014-12-01,KR_EXPORT_GROWTH,Gold,0.01661929,0.000809,36
2015-01-01,KR_EXPORT_GROWTH,Gold,0.00053963,1e-06,36
2015-02-01,KR_EXPORT_GROWTH,Gold,-0.04504733,0.003743,36
2015-03-01,KR_EXPORT_GROWTH,Gold,-0.04536342,0.003964,36
2015-04-01,KR_EXPORT_GROWTH,Gold,-0.04930381,0.004819,36
2015-05-01,KR_EXPORT_GROWTH,Gold,-0.04256591,0.003464,36
2015-06-01,KR_EXPORT_GROWTH,Gold,-0.00349511,2.3e-05,36
2015-07-01,KR_EXPORT_GROWTH,Gold,-0.00798594,0.000127,36
2015-08-01,KR_EXPORT_GROWTH,Gold,0.00068047,1e-06,36
2015-09-01,KR_EXPORT_GROWTH,Gold,0.03830779,0.002738,36
2015-10-01,KR_EXPORT_GROWTH,Gold,0.03375282,0.002657,36
2015-11-01,KR_EXPORT_GROWTH,Gold,0.03116719,0.002259,36
2015-12-01,KR_EXPORT_GROWTH,Gold,0.05953715,0.007528,36
2016-01-01,KR_EXPORT_GROWTH,Gold,0.01679147,0.00063,36
2016-02-01,KR_EXPORT_GROWTH,Gold,0.00215191,9e-06,36
2016-03-01,KR_EXPORT_GROWTH,Gold,-0.0104235,0.000166,36
2016-04-01,KR_EXPORT_GROWTH,Gold,-0.00624519,6.1e-05,36
2016-05-01,KR_EXPORT_GROWTH,Gold,0.00899846,0.000131,36
2016-06-01,KR_EXPORT_GROWTH,Gold,-0.02115828,0.000724,36
2016-07-01,KR_EXPORT_GROWTH,Gold,-0.11637715,0.02013,36
2016-08-01,KR_EXPORT_GROWTH,Gold,-0.08780893,0.011062,36
2016-09-01,KR_EXPORT_GROWTH,Gold,-0.05372109,0.004726,36
2016-10-01,KR_EXPORT_GROWTH,Gold,-0.04003127,0.002466,36
2016-11-01,KR_EXPORT_GROWTH,Gold,-0.03089803,0.00152,36
2016-12-01,KR_EXPORT_GROWTH,Gold,-0.09683379,0.013679,36
2017-01-01,KR_EXPORT_GROWTH,Gold,-0.08266725,0.011372,36
2017-02-01,KR_EXPORT_GROWTH,Gold,-0.03360725,0.002189,36
2017-03-01,KR_EXPORT_GROWTH,Gold,-0.01932955,0.000782,36
2017-04-01,KR_EXPORT_GROWTH,Gold,-0.00662284,0.000126,36
2017-05-01,KR_EXPORT_GROWTH,Gold,-0.02134098,0.001327,36
2017-06-01,KR_EXPORT_GROWTH,Gold,-0.02526383,0.001909,36
2017-07-01,KR_EXPORT_GROWTH,Gold,-0.04349867,0.006602,36
2017-08-01,KR_EXPORT_GROWTH,Gold,-0.01907801,0.001371,36
2017-09-01,KR_EXPORT_GROWTH,Gold,0.0400901,0.008759,36
2017-10-01,KR_EXPORT_GROWTH,Gold,0.03183254,0.005475,36
2017-11-01,KR_EXPORT_GROWTH,Gold,0.02854571,0.004549,36
2017-12-01,KR_EXPORT_GROWTH,Gold,0.02543864,0.003656,36
2018-01-01,KR_EXPORT_GROWTH,Gold,0.03307169,0.006131,36
2018-02-01,KR_EXPORT_GROWTH,Gold,0.03616842,0.007509,36
2018-03-01,KR_EXPORT_GROWTH,Gold,0.03136927,0.005853,36
2018-04-01,KR_EXPORT_GROWTH,Gold,0.03078142,0.005727,36
2018-05-01,KR_EXPORT_GROWTH,Gold,0.02444815,0.003561,36
2018-06-01,KR_EXPORT_GROWTH,Gold,0.02721478,0.004449,36
2018-07-01,KR_EXPORT_GROWTH,Gold,0.02678872,0.004238,36
2018-08-01,KR_EXPORT_GROWTH,Gold,0.01314688,0.001086,36
2018-09-01,KR_EXPORT_GROWTH,Gold,0.01725018,0.001966,36
2018-10-01,KR_EXPORT_GROWTH,Gold,0.0192308,0.002564,36
2018-11-01,KR_EXPORT_GROWTH,Gold,0.01722994,0.002071,36
2018-12-01,KR_EXPORT_GROWTH,Gold,0.00160171,1.8e-05,36
2019-01-01,KR_EXPORT_GROWTH,Gold,0.00636942,0.000267,36
2019-02-01,KR_EXPORT_GROWTH,Gold,0.00853515,0.000498,36
2019-03-01,KR_EXPORT_GROWTH,Gold,0.02761978,0.006092,36
2019-04-01,KR_EXPORT_GROWTH,Gold,0.02435401,0.004617,36
2019-05-01,KR_EXPORT_GROWTH,Gold,0.03005018,0.007331,36
2019-06-01,KR_EXPORT_GROWTH,Gold,0.01436266,0.001797,36
2019-07-01,KR_EXPORT_GROWTH,Gold,0.04429704,0.0213,36
2019-08-01,KR_EXPORT_GROWTH,Gold,0.02494258,0.006253,36
2019-09-01,KR_EXPORT_GROWTH,Gold,0.01237206,0.001449,36
2019-10-01,KR_EXPORT_GROWTH,Gold,0.01042172,0.001129,36
2019-11-01,KR_EXPORT_GROWTH,Gold,0.01314977,0.001909,36
2019-12-01,KR_EXPORT_GROWTH,Gold,0.0234387,0.008294,36
2020-01-01,KR_EXPORT_GROWTH,Gold,0.01960886,0.005636,36
2020-02-01,KR_EXPORT_GROWTH,Gold,0.01599649,0.003784,36
2020-03-01,KR_EXPORT_GROWTH,Gold,0.01618464,0.003711,36
2020-04-01,KR_EXPORT_GROWTH,Gold,0.02986791,0.012766,36
2020-05-01,KR_EXPORT_GROWTH,Gold,0.00588104,0.000511,36
2020-06-01,KR_EXPORT_GROWTH,Gold,0.00303889,0.000138,36
2020-07-01,KR_EXPORT_GROWTH,Gold,0.02203437,0.007379,36
2020-08-01,KR_EXPORT_GROWTH,Gold,-0.02304533,0.005053,36
2020-09-01,KR_EXPORT_GROWTH,Gold,-0.11226959,0.077967,36
2020-10-01,KR_EXPORT_GROWTH,Gold,-0.08528963,0.047127,36
2020-11-01,KR_EXPORT_GROWTH,Gold,-0.08446306,0.045643,36
2020-12-01,KR_EXPORT_GROWTH,Gold,-0.09814297,0.057526,36
2021-01-01,KR_EXPORT_GROWTH,Gold,-0.10445949,0.060819,36
2021-02-01,KR_EXPORT_GROWTH,Gold,-0.11271112,0.066076,36
2021-03-01,KR_EXPORT_GROWTH,Gold,-0.13319119,0.08748,36
2021-04-01,KR_EXPORT_GROWTH,Gold,-0.09451619,0.05847,36
2021-05-01,KR_EXPORT_GROWTH,Gold,-0.0471204,0.018807,36
2021-06-01,KR_EXPORT_GROWTH,Gold,-0.02197315,0.004764,36
2021-07-01,KR_EXPORT_GROWTH,Gold,-0.03844629,0.01559,36
2021-08-01,KR_EXPORT_GROWTH,Gold,-0.03579218,0.015871,36
2021-09-01,KR_EXPORT_GROWTH,Gold,-0.04193376,0.022313,36
2021-10-01,KR_EXPORT_GROWTH,Gold,-0.05226377,0.034995,36
2021-11-01,KR_EXPORT_GROWTH,Gold,-0.04223765,0.027143,36
2021-12-01,KR_EXPORT_GROWTH,Gold,-0.04335626,0.030366,36
2022-01-01,KR_EXPORT_GROWTH,Gold,-0.03974304,0.026884,36
2022-02-01,KR_EXPORT_GROWTH,Gold,-0.03886461,0.026912,36
2022-03-01,KR_EXPORT_GROWTH,Gold,-0.02804004,0.01386,36
2022-04-01,KR_EXPORT_GROWTH,Gold,-0.02890541,0.015162,36
2022-05-01,KR_EXPORT_GROWTH,Gold,-0.0393099,0.029327,36
2022-06-01,KR_EXPORT_GROWTH,Gold,-0.03787065,0.026933,36
2022-07-01,KR_EXPORT_GROWTH,Gold,-0.03969804,0.028359,36
2022-08-01,KR_EXPORT_GROWTH,Gold,-0.03093814,0.017782,36
2022-09-01,KR_EXPORT_GROWTH,Gold,-0.03089832,0.017133,36
2022-10-01,KR_EXPORT_GROWTH,Gold,-0.0392934,0.02659,36
2022-11-01,KR_EXPORT_GROWTH,Gold,-0.03779755,0.023239,36
2022-12-01,KR_EXPORT_GROWTH,Gold,-0.05131593,0.03916,36
2023-01-01,KR_EXPORT_GROWTH,Gold,-0.05149331,0.041296,36
2023-02-01,KR_EXPORT_GROWTH,Gold,-0.05441856,0.046586,36
2023-03-01,KR_EXPORT_GROWTH,Gold,-0.04075251,0.02679,36
2023-04-01,KR_EXPORT_GROWTH,Gold,-0.06976024,0.066437,36
2023-05-01,KR_EXPORT_GROWTH,Gold,-0.05486819,0.040357,36
2023-06-01,KR_EXPORT_GROWTH,Gold,-0.05029005,0.032984,36
2023-07-01,KR_EXPORT_GROWTH,Gold,-0.03347407,0.0156,36
2023-08-01,KR_EXPORT_GROWTH,Gold,-0.00327255,0.000196,36
2023-09-01,KR_EXPORT_GROWTH,Gold,-0.00244746,0.000116,36
2023-10-01,KR_EXPORT_GROWTH,Gold,-0.00066145,8e-06,36
2023-11-01,KR_EXPORT_GROWTH,Gold,-0.00821209,0.001066,36
2023-12-01,KR_EXPORT_GROWTH,Gold,-0.01341464,0.002977,36
2024-01-01,KR_EXPORT_GROWTH,Gold,-0.00791504,0.001103,36
2024-02-01,KR_EXPORT_GROWTH,Gold,-0.01349449,0.003321,36
2024-03-01,KR_EXPORT_GROWTH,Gold,-0.02092199,0.008274,36
2024-04-01,KR_EXPORT_GROWTH,Gold,-0.01999501,0.006956,36
2024-05-01,KR_EXPORT_GROWTH,Gold,-0.02752303,0.012811,36
2024-06-01,KR_EXPORT_GROWTH,Gold,-0.03637747,0.022238,36
2024-07-01,KR_EXPORT_GROWTH,Gold,-0.03003901,0.015915,36
2024-08-01,KR_EXPORT_GROWTH,Gold,-0.02868508,0.013756,36
2024-09-01,KR_EXPORT_GROWTH,Gold,-0.02974809,0.014551,36
2024-10-01,KR_EXPORT_GROWTH,Gold,-0.02550513,0.01015,36
2024-11-01,KR_EXPORT_GROWTH,Gold,-0.03068162,0.013055,36
2024-12-01,KR_EXPORT_GROWTH,Gold,-0.03215467,0.013525,36
2025-01-01,KR_EXPORT_GROWTH,Gold,-0.03238272,0.013357,36
2025-02-01,KR_EXPORT_GROWTH,Gold,-0.02850934,0.008434,36
2025-03-01,KR_EXPORT_GROWTH,Gold,-0.04795831,0.023315,36
2025-04-01,KR_EXPORT_GROWTH,Gold,-0.04500643,0.017947,36
2025-05-01,KR_EXPORT_GROWTH,Gold,-0.02639925,0.005294,36
2025-06-01,KR_EXPORT_GROWTH,Gold,-0.01736891,0.002226,36
2025-07-01,KR_EXPORT_GROWTH,Gold,0.0136732,0.001351,36
2025-08-01,KR_EXPORT_GROWTH,Gold,0.0189527,0.002434,36
2025-09-01,KR_EXPORT_GROWTH,Gold,0.06276577,0.026246,36
2025-10-01,KR_EXPORT_GROWTH,Gold,0.081047,0.038084,36
2025-11-01,KR_EXPORT_GROWTH,Gold,0.06966164,0.029898,36
2025-12-01,KR_EXPORT_GROWTH,Gold,0.07824471,0.040538,36
2026-01-01,KR_EXPORT_GROWTH,Gold,0.10994941,0.085897,36
2026-02-01,KR_EXPORT_GROWTH,Gold,0.1137927,0.100705,36
2026-03-01,KR_EXPORT_GROWTH,Gold,0.03466707,0.013691,36
2026-04-01,KR_EXPORT_GROWTH,Gold,0.01386668,0.002753,36
2026-05-01,KR_EXPORT_GROWTH,Gold,-0.00942977,0.001601,36
2026-06-01,KR_EXPORT_GROWTH,Gold,-0.04566109,0.055799,36
2026-07-01,KR_EXPORT_GROWTH,Gold,-0.06003658,0.093099,35
